nom;statut;type;adresse;code_postal;ville;email;telephone;site_web;latitude;longitude;saison;danses;familles_de_danses;url_fiche;slug
100% Latino Dance Factory;affiliated;AFFILIATED_STRUCTURE;17 RUE DU GRAND SUD;31750;ESCALQUENS;chantal.gastou@yahoo.fr;0630698474;;43.516689;1.551061;2026;Bachata | Kizomba | Latines;Bachata | Kizomba | Danses latines;https://www.ffdanse.fr/structures/5495-100-latino-dance-factory;5495-100-latino-dance-factory
1001 danses;affiliated;AFFILIATED_STRUCTURE;1154 chemin de la Décelle;26130;St paul trois chateaux;contact@ecole-1001danses.com;0475539925;www.ecole-1001danses.com;44.3585675;4.745803;2026;Africaine | Breaking | Cabaret | Classique | Eveil à la Danse | Hip Hop | Jazz | Lindy Hop | OLD : Salsa, Bachata, Kizomba | Ragga | Rock'n'Roll | Street Dance | West Coast Swing | Zumba;Danses ethniques | Breaking | Cabaret | Classique | Danses hip-hop | Modern jazz | Jazz | Lindy hop | Salsa | Bachata | Rock'n'roll | West Coast Swing | Zumba;https://www.ffdanse.fr/structures/2234-1001-danses;2234-1001-danses
123 DANSEZ;affiliated;AFFILIATED_STRUCTURE;Av. François Mitterrand, Salle Polyvalente;34420;Portiragnes;francis.fortier@live.fr;0609102831;123dansez34300@blogspot.com;43.3026659;3.3381707;2026;Latines | Standards;Danses latines | Danses standards;https://www.ffdanse.fr/structures/5886-123-dansez;5886-123-dansez
13TRANSCENDANCE;affiliated;AFFILIATED_STRUCTURE;78 ALLEE MARIE MAURON;1370;LES PENNES MIRABEAU;transcendance.wod@gmail.com;0614500955;www.transcendancelespennesmirabeau.com;43.3979439;5.3344583;2026;Africaine | Afro-caribéennes | Afro-contemporaine | Breaking | Eveil à la Danse | Hip Hop | House | Krump | Locking | New Style | Poping | Ragga | Street Dance;Danses ethniques | Afro-jazz | Breaking | Danses hip-hop;https://www.ffdanse.fr/structures/3253-13transcendance;3253-13transcendance
1pas2danse;affiliated;AFFILIATED_STRUCTURE;405 Rue Henri Bessemer;60740;Saint Maximin;1pas2danse60@gmail.com;06 60 25 70 41;https://www.1pas2danse.fr/;49.2402653;2.4643785;2026;Africaine | Autres Danses | Dix Danses | Hip Hop | Jazz | Latines | OLD : Salsa, Bachata, Kizomba | Orientale | Rock Formation | Rock et DA | Standards | Tango Argentin;Danses ethniques | Danses latines | Danses standards | Danses hip-hop | Modern jazz | Jazz | Salsa | Bachata | Rock'n'roll | Rock sauté | Tango argentin;https://www.ffdanse.fr/structures/1194-1pas2danse;1194-1pas2danse
3D Mouvement;affiliated;AFFILIATED_STRUCTURE;18 av Paul Bourget;83400;Hyères;3dmouvement@gmail.com;0624711550;www.ecole-danse-hyeres-3dmouvement.com;43.110223;6.1220134;2026;Classique | Contemporain | Hip Hop | Jazz | Street Dance;Classique | Ateliers de création | Contemporain | Danses hip-hop | Modern jazz | Jazz;https://www.ffdanse.fr/structures/2978-3d-mouvement;2978-3d-mouvement
8cho tempo;recently_disaffiliated;UNAFFILIATED_STRUCTURE;657 rue du champs de course;38780;pont-eveque;8cho.tempo@gmail.com;0668913645;https://www.8cho-tempo.fr/;45.5246776;4.9203644;;;;https://www.ffdanse.fr/structures/5506-8cho-tempo;5506-8cho-tempo
A 100 DANSES;affiliated;AFFILIATED_STRUCTURE;16 rue Edouard Chavanne;88150;THAON LES VOSGES;association.a100danses@gmail.com;0629503829;;48.2485222;6.4236898;2026;Societe;Danses de salon;https://www.ffdanse.fr/structures/3224-a-100-danses;3224-a-100-danses
A bailar !;affiliated;AFFILIATED_STRUCTURE;550 Chemin de Sauvezon;30100;ALES;abailar.ales@gmail.com;0659212887;;44.1332128;4.0996708;2026;Flamenco | Folklorique;Flamenco | Danses traditionnelles;https://www.ffdanse.fr/structures/3173-a-bailar;3173-a-bailar
A Contretemps;affiliated;AFFILIATED_STRUCTURE;16 Rue de la Chauvinière;44800;SAINT HERBLAIN;acontretemps44@gmail.com;06 66 67 68 89;http://www.acontretemps.sitew.fr/;47.2322063;-1.6334019;2026;Contemporain | Danse Inclusive | Eveil à la Danse | Jazz;Ateliers de création | Contemporain | Modern jazz | Jazz;https://www.ffdanse.fr/structures/4153-a-contretemps;4153-a-contretemps
A CONTRETEMPS;affiliated;AFFILIATED_STRUCTURE;4 RUE DES CALINAIRES;13520;MAUSSANE LES ALPILLES;acontretemps.danse@gmail.com;0670525313;;43.724251;4.805719;2026;Contemporain | Jazz;Ateliers de création | Contemporain | Modern jazz | Jazz;https://www.ffdanse.fr/structures/5252-a-contretemps;5252-a-contretemps
A Corps Danse;affiliated;AFFILIATED_STRUCTURE;76 bis ch des Bretoux;95320;ST LEU LA FORET;acorpsdanse@laposte.net;0670302159;http://acorpsdanse95.fr/;49.0090036;2.2522464;2026;Contemporain;Ateliers de création | Contemporain;https://www.ffdanse.fr/structures/1967-a-corps-danse;1967-a-corps-danse
A corps et a travers;affiliated;AFFILIATED_STRUCTURE;2 le pont roy;18600;sancoins;assos.a.corps@gmail.com;0671595955;;46.8332056;2.8857175;2026;Assouplissement | Danse Inclusive | Eveil à la Danse;;https://www.ffdanse.fr/structures/398-a-corps-et-a-travers;398-a-corps-et-a-travers
A L'ISLE ON DANSE;affiliated;AFFILIATED_STRUCTURE;19 chemin des collines;38080;L'Isle D'Abeau;communication.alisleondanse@gmail.com;0683303924;www.alisleondanse.com;45.6245038;5.2054863;2026;Classique | Contemporain | Danse Inclusive | Eveil à la Danse | Jazz | Regards chorégraphiques | Zumba;Classique | Ateliers de création | Contemporain | Modern jazz | Jazz | Zumba;https://www.ffdanse.fr/structures/6291-a-l-isle-on-danse;6291-a-l-isle-on-danse
A Petits Pas;affiliated;AFFILIATED_STRUCTURE;71 RUE ARISTIDE BRIAND;27530;EZY SUR EURE;apetitspas27@gmail.com;0619025685;;48.8641481;1.4228423;2026;Jazz | Transversal;Modern jazz | Jazz;https://www.ffdanse.fr/structures/488-a-petits-pas;488-a-petits-pas
A&M Dance;affiliated;AFFILIATED_STRUCTURE;83 Rue du Square Fleury;34400;Lunel;contact@am-dance.fr;04 11 93 73 74;am-dance.fr;43.67445;4.135366;2026;Danse en solo Latine | Danse en solo Standard | Dix Danses | Latines | Societe | Solo Team Lat / Std | Standards;Danses latines | Danses standards | Danses de salon;https://www.ffdanse.fr/structures/6279-a-m-dance;6279-a-m-dance
A'corps danse;recently_disaffiliated;UNAFFILIATED_STRUCTURE;15 RUE DU GENERAL LECLERC;02300;chauny;Acorpsdanse2015@gmail.com;0642938890;;49.6140777;3.2182057;;;;https://www.ffdanse.fr/structures/127-a-corps-danse;127-a-corps-danse
A-L' Pole Dance & Co;affiliated;AFFILIATED_STRUCTURE;Allée de la pointe, Espace Atlantique;17600;SAUJON;annelise.sport@outlook.fr;0762680540;www.a-l-pole-dance.fr;45.6672727;-0.9419337;2026;Pole Dance | Danse aérienne;Pole dance | Danses aériennes;https://www.ffdanse.fr/structures/5361-a-l-pole-dance-co;5361-a-l-pole-dance-co
A.B.C. Rock'n Roll Epinal;affiliated;AFFILIATED_STRUCTURE;48 rue thiers;88000;EPINAL;realain@wanadoo.fr;0644012949;;48.1673649;6.4513626;2026;Boogie Formation | Boogie Juniors | Boogie Main Class | Boogie Rising Star | Boogie Seniors | Boogie Woogie | Boogie Woogie Fédéral | Contemporain | Country And Line | Formation Rock Girls | Formation Rock Juniors | Formation Rock Ladies | Formation Rock Main Class | Formation Rock Main Class Quattro | Hip Hop | Lindy Hop | Lindy Hop Fédéral | Lindy Hop Junior | Lindy Hop Main Class | Lindy Hop Senior 1 | Lindy Hop Senior 2 | Lindy Hop Show case | Rock Acrobatique | Rock Acrobatique Fédéral | Rock Artistique Fédéral | Rock Children | Rock Couple Dance Show | Rock Formation | Rock Juniors | Rock Juveniles | Rock Main Class Contact Style | Rock Main Class Free Style | Rock Saute | Rock et DA | Rock'n Roll Fédéral | Rock'n'Roll | Salsa | Salsa Team Couple | Salsa Team Styling | Show Latino Caraïbe | Small Formation Rock Ladies | Small formation Rock Girls | Societe | West Coast Swing;Boogie-Woogie | Ateliers de création | Contemporain | Country & line | Danses hip-hop | Lindy hop | Rock acrobatique | Rock'n'roll | Rock sauté | Salsa | Danses latino-caraïbes | Danses de salon | West Coast Swing;https://www.ffdanse.fr/structures/1825-a-b-c-rock-n-roll-epinal;1825-a-b-c-rock-n-roll-epinal
A.C.M.I/ENTRECHATS;affiliated;AFFILIATED_STRUCTURE;9 bis Avenue Jules-Ravat;38500;VOIRON;acmi.entrechats@yahoo.com;0670040075;acmientrechats.jimdofree.com;45.3680454;5.587975;2026;Barre au Sol | Bollywood | Cabaret | Claquettes | Classique | Comedie Musicale | Contemporain | Danse Inclusive | Danse Show | Disco | Eveil à la Danse | Indienne | Jazz | New Style | Orientale | Pilates | Pole Dance | Regards chorégraphiques | Street Dance;Barre au sol classique | Barre au sol contemporaine | Danses ethniques | Cabaret | Claquettes | Classique | Comédie musicale | Ateliers de création | Contemporain | Disco | Modern jazz | Jazz | Danses hip-hop | Pole dance;https://www.ffdanse.fr/structures/4662-a-c-m-i-entrechats;4662-a-c-m-i-entrechats
A.D.A.J (Association Danse Attitude Jazz);affiliated;AFFILIATED_STRUCTURE;18, bis avenue Jean Moulin;34500;Béziers;adajecolededanse34@gmail.com;0625271594;www.adajdanse34.com;43.3495168;3.2260287;2026;Cabaret | Claquettes | Classique | Comedie Musicale | Contemporain | Eveil à la Danse | Jazz | Street Dance;Cabaret | Claquettes | Classique | Comédie musicale | Ateliers de création | Contemporain | Modern jazz | Jazz | Danses hip-hop;https://www.ffdanse.fr/structures/6181-a-d-a-j-association-danse-attitude-jazz;6181-a-d-a-j-association-danse-attitude-jazz
A.D.E.L.;affiliated;AFFILIATED_STRUCTURE;Place de l'Ourail;76500;LA LONDE;adel76danse@hotmail.fr;0629884400;;49.307054;0.9542992;2026;Classique | Contemporain | Eveil à la Danse | Jazz;Classique | Ateliers de création | Contemporain | Modern jazz | Jazz;https://www.ffdanse.fr/structures/1531-a-d-e-l;1531-a-d-e-l
A.F.R.O;affiliated;AFFILIATED_STRUCTURE;MVAC 22 RUE DEPARCIEUX;75014;Paris;a.f.r.origine14@gmail.com;0674901215;https://afro14.fr/;48.8355826;2.3257851;2026;Africaine | Hip Hop | House | New Style | Ragga | Street Dance;Danses ethniques | Danses hip-hop;https://www.ffdanse.fr/structures/4610-a-f-r-o;4610-a-f-r-o
A.I.M.E.;recently_disaffiliated;UNAFFILIATED_STRUCTURE;rue des boisseliers;30610;Sauve;intercom.aime@gmail.com;0663675052;http://www.ecolededansesauve.fr;43.943762;3.947851;;;;https://www.ffdanse.fr/structures/3467-a-i-m-e;3467-a-i-m-e
A.S.C.P.A. danse;affiliated;AFFILIATED_STRUCTURE;27 av J. F. Kennedy;33600;PESSAC;f2mp.leclub@wanadoo.fr;0556365220;;44.7964522;-0.6728484;2026;Classique | Hip Hop | Jazz;Classique | Danses hip-hop | Modern jazz | Jazz;https://www.ffdanse.fr/structures/661-a-s-c-p-a-danse;661-a-s-c-p-a-danse
A.S.L.C. Danse;affiliated;AFFILIATED_STRUCTURE;Mairie de Flins - Parc du Château;78410;FLINS SUR SEINE;aslcdanse@gmail.com;0130957119;;0;0;2026;Jazz;Modern jazz | Jazz;https://www.ffdanse.fr/structures/1614-a-s-l-c-danse;1614-a-s-l-c-danse
A.S.P.S.;affiliated;AFFILIATED_STRUCTURE;rue de Rougeau;77176;SAVIGNY LE TEMPLE;aspsnewdance@gmail.com;0953034466;;48.5983584;2.5668642;2026;Jazz;Modern jazz | Jazz;https://www.ffdanse.fr/structures/1554-a-s-p-s;1554-a-s-p-s
A.S.V. Danse;affiliated;AFFILIATED_STRUCTURE;8 allée alfred sisley;78540;Vernouillet;frederic.daniel@ngdf.eu;0620681500;www.asvdanse.com;48.978133;1.99069;2026;Contemporain;Ateliers de création | Contemporain;https://www.ffdanse.fr/structures/1615-a-s-v-danse;1615-a-s-v-danse
A2 Danses & Loisirs;affiliated;AFFILIATED_STRUCTURE;3 avenue de la Paix, Maison M001;91420;MORANGIS;a2danse91@gmail.com;0685042727;;48.7045784;2.345959;2026;Country And Line | Dix Danses | Latines | OLD : Salsa, Bachata, Kizomba | Rock et DA | Societe | Standards | West Coast Swing;Country & line | Danses latines | Danses standards | Salsa | Bachata | Rock sauté | Danses de salon | West Coast Swing;https://www.ffdanse.fr/structures/2258-a2-danses-loisirs;2258-a2-danses-loisirs
A2JeuxDanse;recently_disaffiliated;UNAFFILIATED_STRUCTURE;5 avenue de Lasbordes;31130;Balma;a2jeuxdanse@outlook.fr;0676867619;a2jeuxdanse.fr;43.60746;1.4990415;2026;Bachata | Boogie Woogie | Lindy Hop | Rock | Rock et DA | Rock'n'Roll | Salsa;Bachata | Boogie-Woogie | Lindy hop | Rock'n'roll | Rock sauté | Salsa;https://www.ffdanse.fr/structures/2124-a2jeuxdanse;2124-a2jeuxdanse
AASS DANSE;affiliated;AFFILIATED_STRUCTURE;Centre sportif Nelson Mandela avenue Paul Langevin, BP 6;95200;SARCELLES;aassdanse@hotmail.com;0650318671;www.aassdanse.com;48.9831207;2.3834019;2026;Barre au Sol | Breaking | Classique | Contemporain | Eveil à la Danse | Hip Hop | Jazz | Krump | Locking | New Style | Poping | Ragga | Regards chorégraphiques | Street Dance;Barre au sol classique | Barre au sol contemporaine | Breaking | Classique | Ateliers de création | Contemporain | Danses hip-hop | Modern jazz | Jazz;https://www.ffdanse.fr/structures/3149-aass-danse;3149-aass-danse
AB JAZZ EPINE DANSE;affiliated;AFFILIATED_STRUCTURE;5 rue Gambetta;85110;CHANTONNAY;abjazz.epine@gmail.com;0783608349;;46.685237;-1.0542092;2026;Contemporain | Country And Line | Jazz;Ateliers de création | Contemporain | Country & line | Modern jazz | Jazz;https://www.ffdanse.fr/structures/5276-ab-jazz-epine-danse;5276-ab-jazz-epine-danse
AB13;affiliated;AFFILIATED_STRUCTURE;250 chemin de l'anchois;13220;Châteauneuf-les-Martigues;centreab13@gmail.com;0442404243;www.centreab13.fr;43.3918254;5.1753436;2026;Autres Danses | Barre au Sol | Classique | Contemporain | Eveil à la Danse | Hip Hop | Jazz | New Style | Ragga;Barre au sol classique | Barre au sol contemporaine | Classique | Ateliers de création | Contemporain | Danses hip-hop | Modern jazz | Jazz;https://www.ffdanse.fr/structures/311-ab13;311-ab13
ABC DANSE;affiliated;AFFILIATED_STRUCTURE;55 rue Georges Boucher;95480;Pierrelaye;abcdanse.stef@gmail.com;06.29.97.67.00;www.abcdanse.com;49.020189;2.153213;2026;Bachata | Danse en solo Latine | Danse en solo Standard | Dix Danses | Latines | Rock | Rock'n'Roll | Salsa | Standards;Bachata | Danses latines | Danses standards | Rock'n'roll | Salsa;https://www.ffdanse.fr/structures/6223-abc-danse;6223-abc-danse
Abers Espace Danses;affiliated;AFFILIATED_STRUCTURE;24 rue des 3 Frères LE JEUNE;29860;PLABENNEC;abers.espace.danses@gmail.com;0672623635;;48.5038742;-4.4304757;2026;Bachata | Latines | Rock | Salsa | Societe | Standards;Bachata | Danses latines | Rock'n'roll | Salsa | Danses de salon | Danses standards;https://www.ffdanse.fr/structures/554-abers-espace-danses;554-abers-espace-danses
Abondance Mouv;recently_disaffiliated;UNAFFILIATED_STRUCTURE;13 rue de l'Hospice;59100;Roubaix;contact@abondance-mouv.fr;0665225491;https://abondance-mouv.fr;50.692304;3.1698969;;;;https://www.ffdanse.fr/structures/5414-abondance-mouv;5414-abondance-mouv
ABRASEVIC;affiliated;AFFILIATED_STRUCTURE;54 rue Jean Baptiste Pigalle;75009;PARIS;abra@abrasevic.fr;0646428686;www.abrasevic.fr;48.8810023;2.3361145;2026;Autres Danses | Autres Danses Du Monde | Danse Historique | Folklorique;Danses ethniques | Danse historique | Danses traditionnelles;https://www.ffdanse.fr/structures/1477-abrasevic;1477-abrasevic
Absolutely country St Planchers Granville;affiliated;AFFILIATED_STRUCTURE;Mairie de St Planchers 59 rue des Pommiers;50400;ST PLANCHERS;danielle.hilaire29@gmail.com;0233497891;;48.8223825;-1.5265846;2026;Autres Danses | Country And Line | ancien nom à supprimer;Country & line;https://www.ffdanse.fr/structures/1042-absolutely-country-st-planchers-granville;1042-absolutely-country-st-planchers-granville
AC Mouv'art;affiliated;AFFILIATED_STRUCTURE;159 rue du 4 septembre;77810;Thomery;acmouvart@gmail.com;0689232524;;48.4018021;2.7900208;2026;Breaking | Classique | Hip Hop | Jazz;Breaking | Classique | Danses hip-hop | Modern jazz | Jazz;https://www.ffdanse.fr/structures/5425-ac-mouv-art;5425-ac-mouv-art
Academie de Ballet Nini Theilade;affiliated;AFFILIATED_STRUCTURE;9 petite rue des Feuillants;69001;LYON;info@academie-ballet.fr;0478305686;http://www.academie-ballet.fr;45.7695915;4.8369048;2026;Classique | Contemporain | Danse Historique | Eveil à la Danse | Folklorique | Jazz;Classique | Ateliers de création | Contemporain | Danse historique | Danses traditionnelles | Modern jazz | Jazz;https://www.ffdanse.fr/structures/1367-academie-de-ballet-nini-theilade;1367-academie-de-ballet-nini-theilade
ACADEMIE DE DANSE OZOIR;recently_disaffiliated;UNAFFILIATED_STRUCTURE;10 AV HENRI BEAUDELET, Espace Beaudelet, 77330;77330;OZOIR-LA-FERRIERE;compta.academiedanseozoir@gmail.com;0674883709;academiedanseozoir.fr;48.767301;2.690764;;;;https://www.ffdanse.fr/structures/5502-academie-de-danse-ozoir;5502-academie-de-danse-ozoir
ACADEMIE MARCEAU;recently_disaffiliated;UNAFFILIATED_STRUCTURE;23 RUE DE LA MOTTTE;35630;HEDE BAZOUGES;kda.guipel.hede@gmail.com;0766387671;;48.297284;-1.7986129;;;;https://www.ffdanse.fr/structures/4251-academie-marceau;4251-academie-marceau
ACADEMY TEMPO DANSE;affiliated;AFFILIATED_STRUCTURE;38 Rue Charles OLLIER, C/O JEAN MARC HAUCHARD;94170;LE PERREUX/MARNE;jackiebaudin@orange.fr;0607195018;ACADEMY.TEMPO.DANSE.FREE.FR;48.8421757;2.494508;2026;Dix Danses | Latines | Standards | West Coast Swing;Danses latines | Danses standards | West Coast Swing;https://www.ffdanse.fr/structures/1947-academy-tempo-danse;1947-academy-tempo-danse
Académie Arts & Expression;recently_disaffiliated;UNAFFILIATED_STRUCTURE;72 rue du Docteur Mouret;13300;Salon de Provence;arts-expression@orange.fr;0603164950;;43.6397748;5.0897839;;;;https://www.ffdanse.fr/structures/4150-academie-arts-expression;4150-academie-arts-expression
Académie danse sportive dromoise;affiliated;AFFILIATED_STRUCTURE;4 rue Félix Grégoire;26200;Montélimar;academie.dsd@gmail.com;0618781667;;44.5596962;4.7385847;2026;Danse en solo Latine | Danse en solo Standard | Dix Danses | Latines | Show Dance Latine | Show Dance Standard | Solo Team Lat / Std | Standards;Danses latines | Danses standards;https://www.ffdanse.fr/structures/4167-academie-danse-sportive-dromoise;4167-academie-danse-sportive-dromoise
Académie de danse Ambarésienne;affiliated;AFFILIATED_STRUCTURE;13 CLOS DES CHANTERELLES;33440;Ambarès-et-Lagrave;ada.evasion@gmail.com;0612364731;https://www.academiededanseambaresienne.org;44.9198025;-0.5041237;2026;Autres Danses | Classique | Contemporain | Eveil à la Danse | Hip Hop | Jazz;Classique | Ateliers de création | Contemporain | Danses hip-hop | Modern jazz | Jazz;https://www.ffdanse.fr/structures/679-academie-de-danse-ambaresienne;679-academie-de-danse-ambaresienne
Académie de Danse Daniela Gihr;affiliated;AFFILIATED_STRUCTURE;17, rue du Général de Gaulle, l'Académie de Danse Daniela Gihr;67710;Wangenbourg;danielagihr@gmail.com;0687723522;https://www.academie-daniela-gihr.fr;48.6236472;7.3069833;2026;Barre au Sol | Cabaret | Classique | Comedie Musicale | Contemporain | Danse Historique | Danse aérienne | Danses Solo | Eveil à la Danse | Folklorique | Jazz | Regards chorégraphiques;Barre au sol classique | Barre au sol contemporaine | Cabaret | Classique | Comédie musicale | Ateliers de création | Contemporain | Danse historique | Danses aériennes | Danses traditionnelles | Modern jazz | Jazz;https://www.ffdanse.fr/structures/4912-academie-de-danse-daniela-gihr;4912-academie-de-danse-daniela-gihr
Académie de danse Tous en Scène;affiliated;AFFILIATED_STRUCTURE;22 rue Paul Brousse, 34070;34000;Montpellier;academiedansetousenscene@gmail.com;0622437377;www.academiedansetousenscene@gmail.com;43.6068697;3.8744267;2026;Barre au Sol | Classique | Contemporain | Eveil à la Danse | Jazz | Regards chorégraphiques | Street Dance;Barre au sol classique | Barre au sol contemporaine | Classique | Ateliers de création | Contemporain | Modern jazz | Jazz | Danses hip-hop;https://www.ffdanse.fr/structures/6361-academie-de-danse-tous-en-scene;6361-academie-de-danse-tous-en-scene
Accesdanse;recently_disaffiliated;UNAFFILIATED_STRUCTURE;39 rue du Président de Gaulle;85400;LUCON;ada.lucon@free.fr;0675001691;;46.4555582;-1.1725082;;;;https://www.ffdanse.fr/structures/1770-accesdanse;1770-accesdanse
Accor'Danses;affiliated;AFFILIATED_STRUCTURE;40 Rue du Professeur Jean Bernard;73100;AIX-LES-BAINS;accordanses73100@gmail.com;0624994246;;45.685237;5.9236809;2026;Societe;Danses de salon;https://www.ffdanse.fr/structures/2079-accor-danses;2079-accor-danses
ACCRO COUNTRY;affiliated;AFFILIATED_STRUCTURE;13 Rue du Sirocco;30133;Les Angles;accrocountry@gmail.com;0648344647;https://arnaudmarraffa.wixsite.com/arnaudmarraffa;43.9587862;4.7520823;2026;Country And Line;Country & line;https://www.ffdanse.fr/structures/4683-accro-country;4683-accro-country
ACCRO' POLE STUDIO;affiliated;AFFILIATED_STRUCTURE;18 rue de Belfort;25000;Besançon;studioaccropole@gmail.com;0650236312;www.accropolestudio.fr;47.2469725;6.0271986;2026;Pole Dance;Pole dance;https://www.ffdanse.fr/structures/3179-accro-pole-studio;3179-accro-pole-studio
ACDGHR;affiliated;AFFILIATED_STRUCTURE;chez madame Véronique Martin 82 rue de la République;60600;CLERMONT;acdghr@orange.fr;0609345661;;49.377977;2.4156775;2026;Classique | Contemporain | Jazz;Classique | Ateliers de création | Contemporain | Modern jazz | Jazz;https://www.ffdanse.fr/structures/1197-acdghr;1197-acdghr
ACE DANSE;recently_disaffiliated;UNAFFILIATED_STRUCTURE;4 RUE DE LA COOPERATIVE;13630;EYRAGUES;acedanse@gmail.com;0650147467;;43.8398079;4.8390275;;;;https://www.ffdanse.fr/structures/4244-ace-danse;4244-ace-danse
ACHVB;affiliated;AFFILIATED_STRUCTURE;13 rue de Montfort;35160;BRETEIL;achvb.presidence@gmail.com;0661861422;;48.1453104;-1.8994376;2026;Contemporain | Jazz | Societe;Ateliers de création | Contemporain | Modern jazz | Jazz | Danses de salon;https://www.ffdanse.fr/structures/817-achvb;817-achvb
Acore;recently_disaffiliated;UNAFFILIATED_STRUCTURE;4 rue de quincampoix;35460;Montours;compagnieacore@gmail.com;0688761851;;48.441142;-1.3084919;;;;https://www.ffdanse.fr/structures/820-acore;820-acore
Acore Fougeres;affiliated;AFFILIATED_STRUCTURE;44 rue de l’écartelée;35300;Fougeres;acorefougeres@gmail.com;0680239385;;48.3431854;-1.1845705;2026;Barre au Sol | Jazz | Street Dance | Jazz duo | Jazz groupe;Barre au sol classique | Barre au sol contemporaine | Modern jazz | Jazz | Danses hip-hop;https://www.ffdanse.fr/structures/6056-acore-fougeres;6056-acore-fougeres
Acorps;recently_disaffiliated;UNAFFILIATED_STRUCTURE;Rue de la Place;34390;Olargues;andersen.ghisailne@orange.fr;0467978160;;43.556679;2.913381;;;;https://www.ffdanse.fr/structures/4177-acorps;4177-acorps
Acro'swing;recently_disaffiliated;UNAFFILIATED_STRUCTURE;134 Rue de Chevilly;94240;L'Haÿ-les-Roses;sylvain.aurat@gmail.com;0678811500;;48.7739887;2.349977;;;;https://www.ffdanse.fr/structures/1941-acro-swing;1941-acro-swing
Action danse et forme;affiliated;AFFILIATED_STRUCTURE;Centre Culturel - rue Pons;83150;BANDOL;grail@hotmail.fr;0494293735;;43.1359629;5.7533316;2026;Autres Danses | Contemporain | Hip Hop | Jazz | Zumba;Ateliers de création | Contemporain | Danses hip-hop | Modern jazz | Jazz | Zumba;https://www.ffdanse.fr/structures/1675-action-danse-et-forme;1675-action-danse-et-forme
ACVI;affiliated;AFFILIATED_STRUCTURE;23 rue Mendes France;83136;Garéoult;acvi83@gmail.com;0688126374;https://www.acvi83.fr/;43.3273894;6.0488735;2026;Afro-contemporaine | Country And Line;Afro-jazz | Country & line;https://www.ffdanse.fr/structures/3596-acvi;3596-acvi
AD ASTRA;affiliated;AFFILIATED_STRUCTURE;LA CROIX FOURCHE;33330;SAINT SULPICE DE FALEYRENS;cdj33@hotmail.fr;0610840397;;44.8693219;-0.187969;2026;Classique | Contemporain | Dix Danses | Jazz | Latines | Standards;Classique | Ateliers de création | Contemporain | Danses latines | Danses standards | Modern jazz | Jazz;https://www.ffdanse.fr/structures/2505-ad-astra;2505-ad-astra
ADAGE;recently_disaffiliated;UNAFFILIATED_STRUCTURE;29 RUE TOMBE L'OLY, 33000;33000;Bordeaux;adage@adage33.fr;0556313032;www.adage33.fr;44.8324361;-0.5746885;2026;Barre au Sol | Breaking | Classique | Contemporain | Eveil à la Danse | Hip Hop | House | Jazz | Locking | New Style | Poping | Ragga | Regards chorégraphiques | Street Dance;Barre au sol classique | Barre au sol contemporaine | Breaking | Classique | Ateliers de création | Contemporain | Danses hip-hop | Modern jazz | Jazz;https://www.ffdanse.fr/structures/4133-adage;4133-adage
ADAGES;affiliated;AFFILIATED_STRUCTURE;RUE YVES MONTAND, ESCAUTPONT;59278;ESCAUTPONT;catmousse@live.fr;06/14719228;;50.4220907;3.5622185;2026;Classique | Jazz;Classique | Modern jazz | Jazz;https://www.ffdanse.fr/structures/5548-adages;5548-adages
ADAGIO;affiliated;AFFILIATED_STRUCTURE;Maison des associations 7 place du petit Martroy;95300;PONTOISE;adagio.danse@gmail.com;0660081201;www.adagio-danse.fr;49.0508925;2.0965349;2026;Autres Danses | Breaking | Classique | Contemporain | Eveil à la Danse | Hip Hop | House | Jazz | Street Dance | Transversal | Zumba;Breaking | Classique | Ateliers de création | Contemporain | Danses hip-hop | Modern jazz | Jazz | Zumba;https://www.ffdanse.fr/structures/1960-adagio;1960-adagio
ADAMIC;recently_disaffiliated;UNAFFILIATED_STRUCTURE;27 avenue Victoire LAFLEUR;98800;NOUMEA;direction@adamic-nc.org;+687 282629;;-22.2741288;166.4444796;;;;https://www.ffdanse.fr/structures/6038-adamic;6038-adamic
ADASAP;affiliated;AFFILIATED_STRUCTURE;ADASAP Espace AVEL VOR 135 ROUTE SANTIK BENEAT;29470;PLOUGASTEL DAOULAS;adasap29@gmail.com;0679946683;https://adasap.assoconnect.com;48.3707825;-4.3642973;2026;Barre au Sol | Breaking | Classique | Contemporain | Danses Solo | Eveil à la Danse | Jazz | Regards chorégraphiques;Barre au sol classique | Barre au sol contemporaine | Breaking | Classique | Ateliers de création | Contemporain | Modern jazz | Jazz;https://www.ffdanse.fr/structures/546-adasap;546-adasap
Adcdanse;recently_disaffiliated;UNAFFILIATED_STRUCTURE;65 boulevard côte blatin;63000;Clermont Ferrand;contact@adcdanse.fr;0664252637;http://adcdanse.fr;45.7681306;3.0888945;;;;https://www.ffdanse.fr/structures/3171-adcdanse;3171-adcdanse
ADEC danse;affiliated;AFFILIATED_STRUCTURE;21 rue Pierre Bourdan;78160;Marly le roi;veroleclanche@gmail.com;0139166104;;48.8681498;2.0909331;2026;Barre au Sol | Breaking | Contemporain | Hip Hop | Jazz | Orientale | Poping;Barre au sol classique | Barre au sol contemporaine | Breaking | Ateliers de création | Contemporain | Danses hip-hop | Modern jazz | Jazz | Danses ethniques;https://www.ffdanse.fr/structures/1606-adec-danse;1606-adec-danse
ADITI STUDIO;affiliated;AFFILIATED_STRUCTURE;29 rue de la rochejaquelein;44260;prinquiau;contact@aditistudio.fr;0771064482;www.aditistudio.fr;47.3640913;-2.0232119;2026;Pole Dance | Pole Sport | Breaking;Pole dance | Pole sport | Breaking;https://www.ffdanse.fr/structures/6048-aditi-studio;6048-aditi-studio
ADMNET;affiliated;AFFILIATED_STRUCTURE;33 Ter Route d'ALBI, Mairie de Saint-Jean;31240;Saint Jean;contact.admnet@gmail.com;06 38 73 45 96;https://ecolemusiquedanse-saintjean.fr;43.6653972;1.5033724;2026;Classique | Contemporain | Regards chorégraphiques | Transversal;Classique | Ateliers de création | Contemporain;https://www.ffdanse.fr/structures/621-admnet;621-admnet
ADRENAL-IN;affiliated;AFFILIATED_STRUCTURE;1425 Avenue Octave BUTIN;60280;MARGNY LES COMPIEGNE;contact@adrenal-in.com;06.86.44.36.43;https://adrenal-in.com;49.43171591177;2.8099971766864;2026;Africaine | Afro-contemporaine | Bachata | Boogie Woogie | Cabaret | Contemporain | Country And Line | Danse en solo Latine | Danses Solo | Dix Danses | Eveil à la Danse | Hip Hop | Jazz | Kizomba | Latines | Lindy Hop | Pilates | Rock | Rock'n'Roll | Salsa | Societe | Standards | Street Dance | West Coast Swing | Zumba;Danses ethniques | Afro-jazz | Bachata | Boogie-Woogie | Cabaret | Ateliers de création | Contemporain | Country & line | Danses latines | Danses standards | Danses hip-hop | Modern jazz | Jazz | Kizomba | Lindy hop | Rock'n'roll | Salsa | Danses de salon | West Coast Swing | Zumba;https://www.ffdanse.fr/structures/2844-adrenal-in;2844-adrenal-in
ADSPS77;affiliated;AFFILIATED_STRUCTURE;MAIRIE DE POMPONNE 1 RUE GENERAL LECLERC;77400;POMPONNE;adsps77@gmail.com;0660753118;;48.8815001;2.690741;2026;Country And Line | Dix Danses | Latines | Lindy Hop | Rock | Rock et DA | Rock'n'Roll | Societe | Standards;Country & line | Danses latines | Danses standards | Lindy hop | Rock'n'roll | Rock sauté | Danses de salon;https://www.ffdanse.fr/structures/4046-adsps77;4046-adsps77
AEP le sentier;affiliated;AFFILIATED_STRUCTURE;12 rue Léo Lagrange;27180;ST SEBASTIEN DE MORSENT;aeplesentier@orange.fr;0232382565;www.aeplesentier.fr;49.009007;1.0915422;2026;Africaine | Afro-caribéennes | Afro-contemporaine | Bachata | Barre au Sol | Contemporain | Country And Line | Danses Solo | Eveil à la Danse | Hip Hop | Jazz | Lindy Hop | Orientale | Pilates | Ragga | Regards chorégraphiques | Rock | Salsa | Street Dance | Tango Argentin | Zumba;Danses ethniques | Afro-jazz | Bachata | Barre au sol classique | Barre au sol contemporaine | Ateliers de création | Contemporain | Country & line | Danses hip-hop | Modern jazz | Jazz | Lindy hop | Rock'n'roll | Salsa | Tango argentin | Zumba;https://www.ffdanse.fr/structures/493-aep-le-sentier;493-aep-le-sentier
AERIAL ART SPORT;affiliated;AFFILIATED_STRUCTURE;42 CHEMIN DE SAINT COME, 13370;13370;Mallemort;contact@aerialartstudio.com;0698590928;;43.726145;5.1855536;2026;Barre au Sol | Danse Verticale | Danse aérienne | Eveil à la Danse | Pole Dance | Pole Sport;Barre au sol classique | Barre au sol contemporaine | Danses aériennes | Pole dance | Pole sport;https://www.ffdanse.fr/structures/5593-aerial-art-sport;5593-aerial-art-sport
Aerial dance together;affiliated;AFFILIATED_STRUCTURE;10 rue Dr Ayasse;05000;Gap;aerialdancetogether@gmail.com;0621606947;;44.5617491;6.0900224;2026;Danse aérienne | Pole Dance | Pole Sport;Danses aériennes | Pole dance | Pole sport;https://www.ffdanse.fr/structures/6241-aerial-dance-together;6241-aerial-dance-together
Aerial sport concept 54;affiliated;AFFILIATED_STRUCTURE;33 rue sergent bobillot, chez At work concept;54000;nancy;aerialsportconcept54@gmail.com;0651840841;aerialsportconcept.fr;48.6876699;6.1595701;2026;Autres Danses | Pole Dance | Pole Sport;Pole dance | Pole sport;https://www.ffdanse.fr/structures/4642-aerial-sport-concept-54;4642-aerial-sport-concept-54
Afrolatin Feeling;affiliated;AFFILIATED_STRUCTURE;59 Rue Sarrette;75014;Paris;speedycoquette@gmail.com;0606786222;;48.8248758;2.3265431;2026;Eveil à la Danse | Jazz | Pilates | Salsa;Modern jazz | Jazz | Salsa;https://www.ffdanse.fr/structures/6228-afrolatin-feeling;6228-afrolatin-feeling
AFSSO -Association familiale et sportive de St Ouen de Thouberville;affiliated;AFFILIATED_STRUCTURE;Route nationale, Mairie, 27310;27310;SAINT OUEN DE THOUBERVILLE;danse.afsso27@orange.fr;0616868942;afsso;49.3538112;0.9059109;2026;Bachata | Bollywood | Contemporain | Country And Line | Disco | Eveil à la Danse | Hip Hop | Latines | New Style | Salsa | Societe | Standards;Bachata | Danses ethniques | Ateliers de création | Contemporain | Country & line | Disco | Danses hip-hop | Danses latines | Salsa | Danses de salon | Danses standards;https://www.ffdanse.fr/structures/3598-afsso-association-familiale-et-sportive-de-st-ouen-de-thouberville;3598-afsso-association-familiale-et-sportive-de-st-ouen-de-thouberville
AFTC 27;affiliated;AFFILIATED_STRUCTURE;42 rue Victor Hugo;27000;EVREUX;contact@aftc27.fr;0232368353;www.aftc27.com;49.0220719;1.1472255;2026;Africaine | Afro-caribéennes | Afro-contemporaine | Autres Danses | Autres Danses Du Monde | Breaking | Contemporain | Danses Solo | Disco | Eveil à la Danse | Hip Hop | Latino Caraibes | OLD : Salsa, Bachata, Kizomba | Show Dance Latine | Show Dance Standard | Show Latino Caraïbe | Standards | Tango Argentin;Danses ethniques | Afro-jazz | Breaking | Ateliers de création | Contemporain | Disco | Danses hip-hop | Danses latino-caraïbes | Salsa | Bachata | Danses latines | Danses standards | Tango argentin;https://www.ffdanse.fr/structures/4478-aftc-27;4478-aftc-27
Agl danse;affiliated;AFFILIATED_STRUCTURE;Rue des frères davéria, Les ateliers;35300;Fougères;mathildeagl7@gmail.com;0699742800;Agldanse.com;48.3477721;-1.1903613;2026;Classique | Jazz | Street Dance;Classique | Modern jazz | Jazz | Danses hip-hop;https://www.ffdanse.fr/structures/6029-agl-danse;6029-agl-danse
AHI NAMA SALSA CUBAINE;affiliated;AFFILIATED_STRUCTURE;103 rue Charles Perrault, Studio Sophie Caminade;30900;Nîmes;richard.burkutally@gmail.com;0611447408;;43.8147596;4.3231826;2026;Bachata | Bachata Team Couple | Bachata Team Styling | Danse en solo Latine | Duo bachata Shines | Duo salsa Shines | Kizomba | Kizomba Chorégraphie | Latines | Latino Caraibes | Salsa | Salsa Team Couple | Salsa Team Styling | Teams SBK;Bachata | Kizomba | Danses latines | Danses latino-caraïbes | Salsa;https://www.ffdanse.fr/structures/5371-ahi-nama-salsa-cubaine;5371-ahi-nama-salsa-cubaine
Ain.depen'dance country;recently_disaffiliated;UNAFFILIATED_STRUCTURE;67 route de sainte blaizine, Thezillieu;01110;Plateau d'hauteville;aindependancecountry@outlook.fr;0637389662;https://aindependancecountry.jimdofree.com/;45.9016499;5.601831;;;;https://www.ffdanse.fr/structures/4774-ain-depen-dance-country;4774-ain-depen-dance-country
Ainsi danse;affiliated;AFFILIATED_STRUCTURE;Rue Pierre Corneille - Complexe Sportif Chante Cigale;33470;GUJAN MESTRAS;ainsidansegujanmestras33@gmail.com;0620876248;;44.6215104;-1.0602028;2026;Classique | Hip Hop | Jazz | Societe;Classique | Danses hip-hop | Modern jazz | Jazz | Danses de salon;https://www.ffdanse.fr/structures/659-ainsi-danse;659-ainsi-danse
Ainsi danse laverune;affiliated;AFFILIATED_STRUCTURE;8 rue Georges Brassens;34880;LAVERUNE;ainsidanse.laverune@gmail.com;0620325082;https://www.ainsidanselvrn.com;43.5919625;3.800551;2026;Classique | Jazz;Classique | Modern jazz | Jazz;https://www.ffdanse.fr/structures/780-ainsi-danse-laverune;780-ainsi-danse-laverune
AINSIDANSE;affiliated;AFFILIATED_STRUCTURE;MAIRIE DE PLAINTEL;22940;PLAINTEL;ainsidanse@sfr.fr;0680202645;;48.4076805;-2.8180839;2026;Eveil à la Danse;;https://www.ffdanse.fr/structures/4193-ainsidanse;4193-ainsidanse
AINSIDANSE FRANQUEVILLE;affiliated;AFFILIATED_STRUCTURE;Hôtel de ville - BP 212 - Pl des Forrières;76520;FRANQUEVILLE SAINT PIERRE;contact@ainsidansefranqueville.fr;0768922559;;49.402955;1.1726564;2026;Claquettes | Classique | Contemporain | Hip Hop | Jazz | Zumba | ancien nom à supprimer;Claquettes | Classique | Ateliers de création | Contemporain | Danses hip-hop | Modern jazz | Jazz | Zumba;https://www.ffdanse.fr/structures/1506-ainsidanse-franqueville;1506-ainsidanse-franqueville
AIR ART STUDIO CARCASSONNE;affiliated;AFFILIATED_STRUCTURE;7 RUE BENJAMIN FRANKLIN;11000;CARCASSONNE;contact@airart-studios.com;0768669886;www.airart-studios.com;43.2161581;2.3316492;2026;Parapole Artistique | Parapole sport | Pole Dance | Pole Sport;Pole dance | Pole sport;https://www.ffdanse.fr/structures/6143-air-art-studio-carcassonne;6143-air-art-studio-carcassonne
AIR ART STUDIO CASTELNAUDARY;affiliated;AFFILIATED_STRUCTURE;40 ROUTE DE SAINT MARTIN LALANDE;11400;CASTELNAUDARY;contact@airart-studios.com;0768669886;www.airart-studios.com;43.3060701;1.9809276;2026;Pole Dance | Pole Sport;Pole dance | Pole sport;https://www.ffdanse.fr/structures/5566-air-art-studio-castelnaudary;5566-air-art-studio-castelnaudary
AIR ART STUDIO LIMOUX;affiliated;AFFILIATED_STRUCTURE;15 ROUTE DE SAINT POLYCARPE, LD JARDINS MAYNARD;11300;LIMOUX;contact@airart-studios.com;0768669886;www.airart-studios.com;43.0535712;2.2976489;2026;Pole Dance | Pole Sport;Pole dance | Pole sport;https://www.ffdanse.fr/structures/5242-air-art-studio-limoux;5242-air-art-studio-limoux
Air Dance Studio;affiliated;AFFILIATED_STRUCTURE;50 rue jean jaures;59000;Lille;airdancestudio@gmail.com;0320539035;airdancestudio.fr;50.6212695;3.0740621;2026;Pole Dance;Pole dance;https://www.ffdanse.fr/structures/4745-air-dance-studio;4745-air-dance-studio
AKADANSES PLURIELLES;affiliated;AFFILIATED_STRUCTURE;10 rue de la Matole;33510;andernos les bains;akdanseslebureau@gmail.com;0787752842;;44.7608262;-1.0884595;2026;Hip Hop | Jazz | Zumba | Breaking | Contemporain;Danses hip-hop | Modern jazz | Jazz | Zumba | Breaking | Ateliers de création | Contemporain;https://www.ffdanse.fr/structures/2683-akadanses-plurielles;2683-akadanses-plurielles
Akuaba danse;affiliated;AFFILIATED_STRUCTURE;MAIRIE DE NERONDES, PLACE DE L'HOTEL DE VILLE;18350;NERONDES;akuabadanse18@gmail.com;0664922296;;45.8387577;4.2365237;2026;Africaine | Hip Hop | Orientale | Ragga | Street Dance;Danses ethniques | Danses hip-hop;https://www.ffdanse.fr/structures/383-akuaba-danse;383-akuaba-danse
al pilates et pole dance;affiliated;AFFILIATED_STRUCTURE;351 quai warens;74700;sallanches;al.pilatespoledance@gmail.com;0633465989;https://concept-pole-mouvement.com;45.9380727;6.6351203;2026;Bachata | Barre au Sol | Cabaret | Classique | Comedie Musicale | Contemporain | Danse Show | Danse aérienne | Danse sacrée | Danses Solo | Eveil à la Danse | Hip Hop | Jazz | New Style | Pole Dance | Pole Sport | Ragga | Regards chorégraphiques | Salsa | Street Dance;Bachata | Barre au sol classique | Barre au sol contemporaine | Cabaret | Classique | Comédie musicale | Ateliers de création | Contemporain | Disco | Danses aériennes | Danses ethniques | Danses hip-hop | Modern jazz | Jazz | Pole dance | Pole sport | Salsa;https://www.ffdanse.fr/structures/4793-al-pilates-et-pole-dance;4793-al-pilates-et-pole-dance
ALBL (Haute-Vienne);affiliated;AFFILIATED_STRUCTURE;ESPACE YVES MONTAND;87110;Bosmie l'Aiguille (HAUTE-VIENNE);al.bosmie@gmail.com;0686056447;https://www.albl.fr/;45.7695048;1.2009793;2026;Eveil à la Danse | Pilates | Salsa | Standards | Zumba;Salsa | Danses standards | Zumba;https://www.ffdanse.fr/structures/5739-albl-haute-vienne;5739-albl-haute-vienne
Alexandra Borelli DANCE STUDIO;affiliated;AFFILIATED_STRUCTURE;11 rue du saule;68100;Mulhouse;alexandraborelli4@gmail.com;0677082298;;47.752453;7.339291;2026;Classique | Contemporain | Eveil à la Danse | Hip Hop | Jazz;Classique | Ateliers de création | Contemporain | Danses hip-hop | Modern jazz | Jazz;https://www.ffdanse.fr/structures/6149-alexandra-borelli-dance-studio;6149-alexandra-borelli-dance-studio
Alexia Boucheronde;affiliated;AFFILIATED_STRUCTURE;2, rue des FOUGERES;86550;MIGNALOUX-BEAUVOIR;AlexClak@hotmail.com;0617397641;;46.5440279;0.4081903;2026;Claquettes;Claquettes;https://www.ffdanse.fr/structures/1815-alexia-boucheronde;1815-alexia-boucheronde
ALL DANCES;recently_disaffiliated;UNAFFILIATED_STRUCTURE;91 rue de la Moïse, Mairie de Hadol;88220;HADOL;alldancesclub@gmail.com;614894599;;48.1024614;6.4539975;;;;https://www.ffdanse.fr/structures/1826-all-dances;1826-all-dances
All'style;affiliated;AFFILIATED_STRUCTURE;avenue jean baptiste, 34b;30100;Alès;allstyle@outlook.fr;0621944568;;44.1330029;4.0794077;2026;Breaking | Hip Hop | Street Dance | Transversal;Breaking | Danses hip-hop;https://www.ffdanse.fr/structures/3583-all-style;3583-all-style
ALLIANCE STUDIO;affiliated;AFFILIATED_STRUCTURE;970 RN7;06270;Villeneuve-Loubet;alliancestudioitc@gmail.com;0609722699;;43.6407422;7.1323202;2026;Africaine | Afro-caribéennes | Bachata | Cabaret | Hip Hop | House | Jazz | Kizomba | OLD : Salsa, Bachata, Kizomba | Salsa | Street Dance;Danses ethniques | Bachata | Cabaret | Danses hip-hop | Modern jazz | Jazz | Kizomba | Salsa;https://www.ffdanse.fr/structures/6012-alliance-studio;6012-alliance-studio
Alma Danse;affiliated;AFFILIATED_STRUCTURE;Village Pierre Rabhi, place des droits de l'Homme et du Citoyen;49124;st barthélemey d'anjou;almadanse49@gmail.com;06.83.89.22.11;www.alma-danse.com;47.4687217;-0.4949203;2026;Afro-caribéennes | OLD : Salsa, Bachata, Kizomba;Danses ethniques | Salsa | Bachata;https://www.ffdanse.fr/structures/2381-alma-danse;2381-alma-danse
ALORS ON DANSE A CORNEILLA LA RIVIERE;affiliated;AFFILIATED_STRUCTURE;53 rue du ruisseau;66550;Corneilla la Rivière;alorsondanse66550@gmail.com;+33 6 51 87 77 42;;42.6983818;2.7268151;2026;Rock;Rock'n'roll;https://www.ffdanse.fr/structures/5578-alors-on-danse-a-corneilla-la-riviere;5578-alors-on-danse-a-corneilla-la-riviere
Alp'Show Danse Sportive;affiliated;AFFILIATED_STRUCTURE;341 quai de Warens;74700;Sallanches;alpshowdanse@hotmail.fr;0450583107;;45.9379454;6.6348368;2026;Classique | Contemporain | Danse en solo Latine | Danse en solo Standard | Dix Danses | Hip Hop | Latines | Show Dance Latine | Show Dance Standard | Solo Team Lat / Std | Standards | Street Dance;Classique | Ateliers de création | Contemporain | Danses latines | Danses standards | Danses hip-hop;https://www.ffdanse.fr/structures/1449-alp-show-danse-sportive;1449-alp-show-danse-sportive
ALPHADANSE;affiliated;AFFILIATED_STRUCTURE;1 impasse des avenieres;58160;Sauvigny les bois;e.roussel@hotmail.fr;0780660641;;46.9841199;3.2423476;2026;Classique | Contemporain | Jazz;Classique | Ateliers de création | Contemporain | Modern jazz | Jazz;https://www.ffdanse.fr/structures/3434-alphadanse;3434-alphadanse
ALPILLES STREET ART'S;recently_disaffiliated;UNAFFILIATED_STRUCTURE;7,RUE IMPASSE DE LA ROUYÈRE;13210;saint rémy de provence;alpillesstreetarts@gmail.com;07.81.45.98.49;;43.7882106;4.8247252;;;;https://www.ffdanse.fr/structures/5251-alpilles-street-art-s;5251-alpilles-street-art-s
Alsa Swing;affiliated;AFFILIATED_STRUCTURE;13 Rue du Maquis, Bâtiment C;67100;STRASBOURG;alsaswingcontact@gmail.com;0646921373;;48.5663657;7.7811444;2026;Boogie Formation | Boogie Juniors | Boogie Main Class | Boogie Rising Star | Boogie Seniors | Boogie Woogie | Boogie Woogie Fédéral | Lindy Hop | Lindy Hop Fédéral | Lindy Hop Junior | Lindy Hop Main Class | Lindy Hop Senior 1 | Lindy Hop Senior 2 | Lindy Hop Show case | Rock et DA;Boogie-Woogie | Lindy hop | Rock sauté;https://www.ffdanse.fr/structures/5979-alsa-swing;5979-alsa-swing
Altidanse;affiliated;AFFILIATED_STRUCTURE;Centre Culturel  Altigone 6 place Jean Bellieres;31650;SAINT ORENS;altidanse@orange.fr;0771168078;;43.5530601;1.5289584;2026;Barre au Sol | Bollywood | Claquettes | Classique | Contemporain | Hip Hop | Indienne | Jazz | Orientale | Regards chorégraphiques;Barre au sol classique | Barre au sol contemporaine | Danses ethniques | Claquettes | Classique | Ateliers de création | Contemporain | Danses hip-hop | Modern jazz | Jazz;https://www.ffdanse.fr/structures/602-altidanse;602-altidanse
AMAPOLA;affiliated;AFFILIATED_STRUCTURE;28 avenue du béarn;64320;Idron;maryse64320@hotmail.fr;0603052530;https://amapola64.wixsite.com/amapola;43.2998766;-0.2957504;2026;Autres Danses | Autres Danses Du Monde | Flamenco | Orientale;Danses ethniques | Flamenco;https://www.ffdanse.fr/structures/1277-amapola;1277-amapola
Ambre et Jasmin;affiliated;AFFILIATED_STRUCTURE;11 b rue mansard;78000;versailles;ambreetjasmin.asso@gmail.com;0608706818;https://ambreetjasmin.com/bellydanse;48.8154131;2.1387922;2026;Orientale;Danses ethniques;https://www.ffdanse.fr/structures/1632-ambre-et-jasmin;1632-ambre-et-jasmin
Ambre Nunes;affiliated;AFFILIATED_STRUCTURE;10 rue docteur ayasse;05000;Gap;poletogether@gmail.com;0617751592;www.poledance-together.fr;44.5617491;6.0900224;2026;Danse aérienne | Pole Dance | Pole Sport;Danses aériennes | Pole dance | Pole sport;https://www.ffdanse.fr/structures/3145-ambre-nunes;3145-ambre-nunes
American country's;affiliated;AFFILIATED_STRUCTURE;9 rue Charlet;18000;Bourges;president@americancountrys.fr;0650690025;www.americancountrys.fr;47.0839055;2.4056751;2026;Country And Line | Country Danse en Couple - DC | Country Danse en Couple - DC Pro AM | Country Danse en Formation - DF Cabaret Team | Country Danse en Formation - DF Crea Team | Country Danse en Formation - DF Loisirs Team | Country Danse en Formation - DF Quad | Country Danse en Formation - DF Show Team | Country Danse en ligne - DL | Country Danse en Ligne - DL Pop Line | Country Danse Partner - DP | Country Ecriture Choregraphique - EC | DC Pro AM;Country & line;https://www.ffdanse.fr/structures/824-american-country-s;824-american-country-s
American dream 35;affiliated;AFFILIATED_STRUCTURE;32 La Cadouyère;35137;BEDEE;americandream35@free.fr;0603639262;www.americandream35.com;0;0;2026;Country And Line | Salsa | Societe;Country & line | Salsa | Danses de salon;https://www.ffdanse.fr/structures/819-american-dream-35;819-american-dream-35
Amicale de Danse de Villecresnes. A2DV;affiliated;AFFILIATED_STRUCTURE;Place Charles de Gaulle, Hotel de Ville;94440;VILLECRESNES;a2dv.villecresnes@gmail.com;07 66 48 68 13;www.a2dv.fr;48.7494131;2.4804649;2026;Bachata | Country And Line | Danses Solo | Dix Danses | Latines | Rock Saute | Rock et DA | Rock'n'Roll | Salsa | Societe | Standards | West Coast Swing;Bachata | Country & line | Danses latines | Danses standards | Rock sauté | Rock'n'roll | Salsa | Danses de salon | West Coast Swing;https://www.ffdanse.fr/structures/1948-amicale-de-danse-de-villecresnes-a2dv;1948-amicale-de-danse-de-villecresnes-a2dv
AMICALE LAIQUE GYMNASTIQUE;affiliated;AFFILIATED_STRUCTURE;Place de la Mairie;63360;Lussat;lussatgym63@gmail.com;0647153572;;45.839607;3.214505;2026;Country And Line;Country & line;https://www.ffdanse.fr/structures/5399-amicale-laique-gymnastique;5399-amicale-laique-gymnastique
Amicale Laïque;recently_disaffiliated;UNAFFILIATED_STRUCTURE;42 rue Ernest Letombe;62210;Avion;dodocaniv@gmail.com;0682051007;https://studio580vimy.wixsite.com/amicalelaiquedevimy;50.4074127;2.827957;2026;Jazz;Modern jazz | Jazz;https://www.ffdanse.fr/structures/5342-amicale-laique;5342-amicale-laique
Amicale Laïque des Couëts;affiliated;AFFILIATED_STRUCTURE;6 rue Urbain Le Verrier;44340;BOUGUENAIS;alc.ldanse@gmail.com;0678610590;;47.1785534;-1.5891243;2026;Barre au Sol | Classique | Jazz | Street Dance;Barre au sol classique | Barre au sol contemporaine | Classique | Modern jazz | Jazz | Danses hip-hop;https://www.ffdanse.fr/structures/964-amicale-laique-des-couets;964-amicale-laique-des-couets
Amicale laïque Vicomtaise;affiliated;AFFILIATED_STRUCTURE;rue des écoliers;85310;la chaize le vicomte;alvdanse@gmail.com;0685953384;;0;0;2026;Contemporain | Country And Line | Jazz | ancien nom à supprimer;Ateliers de création | Contemporain | Country & line | Modern jazz | Jazz;https://www.ffdanse.fr/structures/1791-amicale-laique-vicomtaise;1791-amicale-laique-vicomtaise
Amicale Lugosienne;affiliated;AFFILIATED_STRUCTURE;2 rue de la Mairie;33830;Lugos;amicale.lugosienne@gmail.com;0614788106;www.amicale-lugosienne-danse.com;44.4819905;-0.883063;2026;Barre au Sol | Breaking | Classique | Contemporain | Eveil à la Danse | Hip Hop | Jazz | Regards chorégraphiques;Barre au sol classique | Barre au sol contemporaine | Breaking | Classique | Ateliers de création | Contemporain | Danses hip-hop | Modern jazz | Jazz;https://www.ffdanse.fr/structures/2591-amicale-lugosienne;2591-amicale-lugosienne
Amicale Serviannaise de Danse;affiliated;AFFILIATED_STRUCTURE;22 rue des incas, le clos du soleil;34290;servian;amicaleserviannaisededanse@gmail.com;0685454889;;43.4299784;3.3083931;2026;Autres Danses | Comedie Musicale | Contemporain | Eveil à la Danse;Comédie musicale | Ateliers de création | Contemporain;https://www.ffdanse.fr/structures/5805-amicale-serviannaise-de-danse;5805-amicale-serviannaise-de-danse
Amicale sportive;affiliated;AFFILIATED_STRUCTURE;La Jonchère 1 Rue Mélan;91160;SAULX LES CHARTREUX;francesylvie91@gmail.com;0160117789;;48.6928963;2.268162;2026;Autres Danses | Classique | Jazz;Classique | Modern jazz | Jazz;https://www.ffdanse.fr/structures/1857-amicale-sportive;1857-amicale-sportive
Amidanse;affiliated;AFFILIATED_STRUCTURE;6 rue des Bosquets;54300;LUNEVILLE;martidanse@hotmail.com;0383736065;www.dansefrancoisemartin.com;48.5931969;6.4969024;2026;Autres Danses | Barre au Sol | Classique | Eveil à la Danse | Jazz;Barre au sol classique | Barre au sol contemporaine | Classique | Modern jazz | Jazz;https://www.ffdanse.fr/structures/1051-amidanse;1051-amidanse
Amiens Family Sports;affiliated;AFFILIATED_STRUCTURE;313, rue Colbert;80000;Amiens;amiens.familysports80@gmail.com;0671082888;;49.894067;2.295753;2026;Eveil à la Danse | Jazz | Street Dance;Modern jazz | Jazz | Danses hip-hop;https://www.ffdanse.fr/structures/5389-amiens-family-sports;5389-amiens-family-sports
Amplitude;affiliated;AFFILIATED_STRUCTURE;Maison des associations - 64 rue de Viller;54300;LUNEVILLE;amplitude.danses54@gmail.com;0666329566;;48.5881003;6.487856;2026;Classique | Jazz;Classique | Modern jazz | Jazz;https://www.ffdanse.fr/structures/1053-amplitude;1053-amplitude
Ancenis Danse & Fitness;affiliated;AFFILIATED_STRUCTURE;10 rue du Pressoir Rouge;44150;ANCENIS-SAINT-GEREON;ancenisdansefitness@gmail.com;0682436109;www.ancenisdansefitness.com;47.3756065;-1.180369;2026;Danses Solo | Dix Danses | Latines | Rock'n'Roll | Societe | Standards | West Coast Swing | Zumba | Bachata | Danse en solo Latine | Danse en solo Standard | Danse Show | Eveil à la Danse | Latino Caraibes | Pilates | Rock | Salsa | Show Dance Latine | Show Dance Standard;Danses latines | Danses standards | Rock'n'roll | Danses de salon | West Coast Swing | Zumba | Bachata | Disco | Danses latino-caraïbes | Salsa;https://www.ffdanse.fr/structures/953-ancenis-danse-fitness;953-ancenis-danse-fitness
ANDALUCIA MEZOISE;recently_disaffiliated;UNAFFILIATED_STRUCTURE;40 AV DE VILLEVEYRAC, CLOS ST JEAN;34140;MEZE;andaluciameze@gmail.com;0619645904;;43.4309576;3.6039475;2026;Flamenco;Flamenco;https://www.ffdanse.fr/structures/2449-andalucia-mezoise;2449-andalucia-mezoise
Andaluna Flamenca;affiliated;AFFILIATED_STRUCTURE;9, rue Eugène Leroy, Commune déléguée d'Atur;24750;Boulazac Isle Manoire;andaluna.flamenca@gmail.com;06.11.30.18.90;;45.1397697;0.7485964;2026;Flamenco;Flamenco;https://www.ffdanse.fr/structures/453-andaluna-flamenca;453-andaluna-flamenca
ANGEL ART;affiliated;AFFILIATED_STRUCTURE;36 rue Chevreul;44100;Nantes;sandrine.bassara@gmail.com;0663517803;;47.1981546;-1.5918282;2026;Contemporain | Jazz;Ateliers de création | Contemporain | Modern jazz | Jazz;https://www.ffdanse.fr/structures/6382-angel-art;6382-angel-art
Angel art Dance;recently_disaffiliated;UNAFFILIATED_STRUCTURE;25 avenue du Dauphiné;13180;Gignac la Nerthe;amandaguazzi@gmail.com;0777410362;;43.388942;5.241544;2026;Afro-contemporaine | Breaking | Flamenco | Hip Hop | House | New Style;Afro-jazz | Breaking | Flamenco | Danses hip-hop;https://www.ffdanse.fr/structures/5982-angel-art-dance;5982-angel-art-dance
ANGEL STAR DANCE;affiliated;AFFILIATED_STRUCTURE;15 rue de la Treille, Chez Mme COLLIN;83590;GONFARON;asdance83@yahoo.fr;0660342316;;43.3206025;6.2869194;2026;Zumba;Zumba;https://www.ffdanse.fr/structures/6397-angel-star-dance;6397-angel-star-dance
Angres atout danses;affiliated;AFFILIATED_STRUCTURE;23  allée des bleuets;62160;AIX-NOULETTE;devillersmaurice@free.fr;0359421297;;50.421993;2.7124778;2026;Societe;Danses de salon;https://www.ffdanse.fr/structures/1219-angres-atout-danses;1219-angres-atout-danses
Angresse Danses Natives;affiliated;AFFILIATED_STRUCTURE;183 avenue de la mairie, 40150;40150;Angresse;marisolflamenco@orange.fr;0673340870;;43.658583;-1.371243;2026;Autres Danses Du Monde | Flamenco | Lindy Hop | Orientale | Rock'n'Roll | Tango Argentin | Zumba;Danses ethniques | Flamenco | Lindy hop | Rock'n'roll | Tango argentin | Zumba;https://www.ffdanse.fr/structures/4778-angresse-danses-natives;4778-angresse-danses-natives
Anima'Cia;affiliated;AFFILIATED_STRUCTURE;3 rue René Coty;21000;Dijon;animacia@live.fr;07.81.11.50.14;www.animacia.fr;47.300694;5.0639137;2026;Africaine | Autres Danses | Cabaret | Eveil à la Danse | Hip Hop | Latines | Ragga | Street Dance | Zumba;Danses ethniques | Cabaret | Danses hip-hop | Danses latines | Zumba;https://www.ffdanse.fr/structures/1415-anima-cia;1415-anima-cia
ANIMATION DANSE GRENTHEVILLE SOLIERS;affiliated;AFFILIATED_STRUCTURE;1 place de la mairie;14540;Soliers;julie-idryss@orange.fr;0688195821;;49.1349868;-0.2952664;2026;Eveil à la Danse | Jazz;Modern jazz | Jazz;https://www.ffdanse.fr/structures/4013-animation-danse-grentheville-soliers;4013-animation-danse-grentheville-soliers
ANJOU ROCK BOOGIE;affiliated;AFFILIATED_STRUCTURE;12 rue Luther king;49000;ANGERS;anjourocknboogie@gmail.com;0687217814;https://www.anjourocknboogie.fr/;47.4495479;-0.5606824;2026;Boogie Woogie | Lindy Hop | Rock | Rock'n'Roll;Boogie-Woogie | Lindy hop | Rock'n'roll;https://www.ffdanse.fr/structures/6164-anjou-rock-boogie;6164-anjou-rock-boogie
ANNAPOLE STUDIO;affiliated;AFFILIATED_STRUCTURE;2A RUE DES ANCIENS D AFN;88300;NEUFCHATEAU;annapolestudio@orange.fr;0624973572;www.annapolestudio.com;48.3450782;6.3322391;2026;Pole Dance | Pole Sport;Pole dance | Pole sport;https://www.ffdanse.fr/structures/6099-annapole-studio;6099-annapole-studio
ANNELYSE DANSE;affiliated;AFFILIATED_STRUCTURE;Mairie de la Ferté Gaucher;77320;La  Ferté Gaucher;plaurentmail@neuf.fr;0164204479;;48.781486;3.3057746;2026;Contemporain | Eveil à la Danse | Jazz | Societe;Ateliers de création | Contemporain | Modern jazz | Jazz | Danses de salon;https://www.ffdanse.fr/structures/5282-annelyse-danse;5282-annelyse-danse
Annie Line Dance;affiliated;AFFILIATED_STRUCTURE;4 rue Tourou d'Avall;66480;Maureillas Las Illas;asso.line.country@gmail.com;0681275568;;42.4913105;2.8079961;2026;Country And Line;Country & line;https://www.ffdanse.fr/structures/2757-annie-line-dance;2757-annie-line-dance
Annie Perga;recently_disaffiliated;UNAFFILIATED_STRUCTURE;15 avenue général  Leclerc, 69100;69100;Villeurbanne;annieperga@gmail.com;0610132043;PERGADANSE.FR;45.7585043;4.891016;;;;https://www.ffdanse.fr/structures/4040-annie-perga;4040-annie-perga
Apollo danse;affiliated;AFFILIATED_STRUCTURE;6, rue des orangers;06300;NICE;aldina.catalda@hotmail.fr;0614605877;;43.7133922;7.2936773;2026;Autres Danses | Autres Danses Du Monde | Dix Danses | Folklorique | Latines | OLD : Salsa, Bachata, Kizomba | Societe | Standards | Tango Argentin | Transversal | ancien nom à supprimer;Danses ethniques | Danses latines | Danses standards | Danses traditionnelles | Salsa | Bachata | Danses de salon | Tango argentin;https://www.ffdanse.fr/structures/166-apollo-danse;166-apollo-danse
Appaloosa dance 49;affiliated;AFFILIATED_STRUCTURE;18 rue Saint Médard;49150;CHEVIRE LE ROUGE;carmitoulier@orange.fr;0675295713;;0;0;2026;Country And Line | ancien nom à supprimer;Country & line;https://www.ffdanse.fr/structures/1031-appaloosa-dance-49;1031-appaloosa-dance-49
APPROU.V;recently_disaffiliated;UNAFFILIATED_STRUCTURE;2 Avenue de l'Europe, 93420;93420;Villepinte;assosapprou.v@gmail.com;0619518374;www.approuv.com;48.9574461;2.5584665;;;;https://www.ffdanse.fr/structures/4576-approu-v;4576-approu-v
APSAP E. Roux;recently_disaffiliated;UNAFFILIATED_STRUCTURE;Hôpital Emile ROUX 1, avenue de Verdun;94450;LIMEIL BREVANNES;dansportive.limeil@gmail.com;0145958157;;48.748906;2.485625;;;;https://www.ffdanse.fr/structures/1951-apsap-e-roux;1951-apsap-e-roux
APSARA;affiliated;AFFILIATED_STRUCTURE;allée de la sablière, 4, 44260;44260;SAVENAY;isa35jl19@gmail.com;0675905231;;47.3608671;-1.9545604;2026;Contemporain | Jazz | Regards chorégraphiques;Ateliers de création | Contemporain | Modern jazz | Jazz;https://www.ffdanse.fr/structures/5350-apsara;5350-apsara
AR' POLINESIA;affiliated;AFFILIATED_STRUCTURE;220 Chemin de Champlong;07200;Vesseaux;arpolinesia@gmail.com;0661207531;https://www.facebook.com/dansepolynesienne.ardeche/;44.65111;4.445225;2026;Autres Danses Du Monde;Danses ethniques;https://www.ffdanse.fr/structures/5816-ar-polinesia;5816-ar-polinesia
ARABESQUE;affiliated;AFFILIATED_STRUCTURE;lieu dit les clos moreaux, chemin botanique dernière maison, 61220;61220;briouze;a.borsberg@orange.fr;0750833844;;48.6945039;-0.3724453;2026;Hip Hop | Jazz;Danses hip-hop | Modern jazz | Jazz;https://www.ffdanse.fr/structures/4126-arabesque;4126-arabesque
ARABESQUE;affiliated;AFFILIATED_STRUCTURE;Mairie - rue Theo Turrier;33350;RUCH;arabesque.ruch@gmail.com;0679655500;;44.7757299;-0.0401516;2026;Africaine | Street Dance;Danses ethniques | Danses hip-hop;https://www.ffdanse.fr/structures/5931-arabesque;5931-arabesque
ARABESQUE;affiliated;AFFILIATED_STRUCTURE;2 DOMAINE DU LOUP, CENTRE COMMERCIAL DOMAINE DU LOUP;06800;CAGNES SUR MER;lmds06.secretariat@gmail.com;0659514036;;43.6533135;7.1407363;2026;Classique | Contemporain | Danses Solo | Eveil à la Danse | Hip Hop | Jazz | Orientale | Street Dance;Classique | Ateliers de création | Contemporain | Danses hip-hop | Modern jazz | Jazz | Danses ethniques;https://www.ffdanse.fr/structures/5725-arabesque;5725-arabesque
Arabesque;affiliated;AFFILIATED_STRUCTURE;1655 route du village, La Mairie;01250;Montagnat;arabesqueain@gmail.com;0650388181;;46.1706234;5.2837015;2026;Jazz;Modern jazz | Jazz;https://www.ffdanse.fr/structures/100-arabesque;100-arabesque
ARABESQUE;affiliated;AFFILIATED_STRUCTURE;1 ALLEE DES GAINS;86130;ST GEORGES LES BAILLARGEAUX;arabesque86130@gmail.com;0687133371;;46.6732226;0.3938315;2026;Classique | Contemporain | Hip Hop | Jazz;Classique | Ateliers de création | Contemporain | Danses hip-hop | Modern jazz | Jazz;https://www.ffdanse.fr/structures/5748-arabesque;5748-arabesque
Arabesque;affiliated;AFFILIATED_STRUCTURE;925 route de broglie;27300;BERNAY;arabesquebernay@gmail.com;0602205197;http://arabesque-27.e-monsite.com/;49.0785984;0.584596;2026;Barre au Sol | Claquettes | Classique | Contemporain | Eveil à la Danse | Jazz;Barre au sol classique | Barre au sol contemporaine | Claquettes | Classique | Ateliers de création | Contemporain | Modern jazz | Jazz;https://www.ffdanse.fr/structures/497-arabesque;497-arabesque
Arboredanse;affiliated;AFFILIATED_STRUCTURE;7 Touchamart;37460;Beaumont-Village;auremar13@gmail.com;0610633187;;0;0;2026;Contemporain;Ateliers de création | Contemporain;https://www.ffdanse.fr/structures/833-arboredanse;833-arboredanse
Arc-en-ciel danse;affiliated;AFFILIATED_STRUCTURE;23 rue René-Guy Cadou;44160;Sainte-Reine de Bretagne;arcencieldanse44@gmail.com;0681820994;;47.4438759;-2.1917883;2026;Jazz;Modern jazz | Jazz;https://www.ffdanse.fr/structures/4328-arc-en-ciel-danse;4328-arc-en-ciel-danse
Ardance;affiliated;AFFILIATED_STRUCTURE;Mairie de Bouliac, Place Camille Hostein;33270;Bouliac;ardance.bouliac@gmail.com;06 88 09 48 73;;44.8139337;-0.5035909;2026;Barre au Sol | Classique | Jazz | Jazz duo | Jazz groupe;Barre au sol classique | Barre au sol contemporaine | Classique | Modern jazz | Jazz;https://www.ffdanse.fr/structures/6319-ardance;6319-ardance
ARENA POLE STUDIO;affiliated;AFFILIATED_STRUCTURE;13 rue Enrico Fermi;63540;ROMAGNAT;arenapolestudio63@gmail.com;0659074946;https://www.arenapolestudio.com;45.7418731;3.0891298;2026;Contemporain | Jazz | Pilates | Pole Dance | Pole Sport;Ateliers de création | Contemporain | Modern jazz | Jazz | Pole dance | Pole sport;https://www.ffdanse.fr/structures/6256-arena-pole-studio;6256-arena-pole-studio
Arenscene;recently_disaffiliated;UNAFFILIATED_STRUCTURE;7 pl. Pierre Mendès;60700;Pont-Sainte-Maxence;vanessa.terrier@orange.fr;0681758551;;49.3013387;2.6048914;;;;https://www.ffdanse.fr/structures/4099-arenscene;4099-arenscene
Argelès Txatxa Club;affiliated;AFFILIATED_STRUCTURE;3 rue Voltaire;66700;ARGELES SUR MER;argelestxatxaclub@gmail.com;0681969803;argelestxatxaclub.e-monsite.com;42.544949;3.0209476;2026;Dix Danses | Latines | Standards;Danses latines | Danses standards;https://www.ffdanse.fr/structures/1314-argeles-txatxa-club;1314-argeles-txatxa-club
Armor country music & dance;affiliated;AFFILIATED_STRUCTURE;Hôtel de ville, Rue Laënnec;22580;Plouha;country-pleumeur@orange.fr;0296226070;;48.67575;-2.932049;2026;Africaine | Boogie Woogie | Classique | Country And Line | Hip Hop | Jazz | Latines | Lindy Hop | Pole Dance | Rock Saute | Rock et DA | Rock'n'Roll | Societe | Standards | West Coast Swing;Danses ethniques | Boogie-Woogie | Classique | Country & line | Danses hip-hop | Modern jazz | Jazz | Danses latines | Lindy hop | Pole dance | Rock sauté | Rock'n'roll | Danses de salon | Danses standards | West Coast Swing;https://www.ffdanse.fr/structures/418-armor-country-music-dance;418-armor-country-music-dance
Around Dance;affiliated;AFFILIATED_STRUCTURE;15 allée louis blériot;92320;Chatillon;arounddance92@gmail.com;0616230670;arounddance.fr;48.803979;2.2837989;2026;Africaine | Barre au Sol | Contemporain | Country And Line | Eveil à la Danse | Hip Hop | Jazz | Pole Dance | Ragga | Afro-caribéennes | Danses Solo | Pilates;Danses ethniques | Barre au sol classique | Barre au sol contemporaine | Ateliers de création | Contemporain | Country & line | Danses hip-hop | Modern jazz | Jazz | Pole dance;https://www.ffdanse.fr/structures/4000-around-dance;4000-around-dance
AROUND THE POLE;affiliated;AFFILIATED_STRUCTURE;15 RUE DU PARC;67205;OBERHAUSBERGEN;direction@aroundthepole.fr;0677546491;;48.601841;7.6822403;2026;Pole Dance;Pole dance;https://www.ffdanse.fr/structures/6303-around-the-pole;6303-around-the-pole
ARPE, ASSOCIATIONS REUNIES DE PAULIN ENFERT;affiliated;AFFILIATED_STRUCTURE;20 RUE CHARLES FOURIER, SUR RUE, 75013;75013;PARIS;contact@arpe-paris.fr;0142464819;www.arpe-paris.fr;48.8252602;2.3513277;2026;Afro-contemporaine | Barre au Sol | Breaking | Classique | Contemporain | Danse Inclusive | Eveil à la Danse | Hip Hop | Indienne | Jazz | Lindy Hop | New Style | Orientale | Pilates | Regards chorégraphiques | Rock | Rock'n'Roll | Societe | Street Dance | Zumba;Afro-jazz | Barre au sol classique | Barre au sol contemporaine | Breaking | Classique | Ateliers de création | Contemporain | Danses hip-hop | Danses ethniques | Modern jazz | Jazz | Lindy hop | Rock'n'roll | Danses de salon | Zumba;https://www.ffdanse.fr/structures/5482-arpe-associations-reunies-de-paulin-enfert;5482-arpe-associations-reunies-de-paulin-enfert
Art culture et Choréole;affiliated;AFFILIATED_STRUCTURE;Case n°10 - Hôtel de ville;83130;LA GARDE;ac.c2@sfr.fr;0611466181;;43.1363102;6.0277029;2026;Afro-contemporaine | Barre au Sol | Classique | Contemporain | Eveil à la Danse | Jazz | Regards chorégraphiques | Danse Show | Danses Solo | Jazz duo | Ragga | Zumba;Afro-jazz | Barre au sol classique | Barre au sol contemporaine | Classique | Ateliers de création | Contemporain | Modern jazz | Jazz | Disco | Danses hip-hop | Zumba;https://www.ffdanse.fr/structures/1681-art-culture-et-choreole;1681-art-culture-et-choreole
Art Dance;affiliated;AFFILIATED_STRUCTURE;16 rue Couturier;03200;Vichy;artdancevichy@gmail.com;0652537090;;46.1240606;3.4268065;2026;Barre au Sol | Classique | Contemporain | Eveil à la Danse | Hip Hop | Jazz | Pilates | Street Dance;Barre au sol classique | Barre au sol contemporaine | Classique | Ateliers de création | Contemporain | Danses hip-hop | Modern jazz | Jazz;https://www.ffdanse.fr/structures/6270-art-dance;6270-art-dance
Art Danse;affiliated;AFFILIATED_STRUCTURE;avenue du montvin, le chateau;13360;Roquevaire;veronique.gest13@gmail.com;0661881393;;43.3461491;5.6023437;2026;Classique | Contemporain | Hip Hop | Jazz;Classique | Ateliers de création | Contemporain | Danses hip-hop | Modern jazz | Jazz;https://www.ffdanse.fr/structures/353-art-danse;353-art-danse
Art danse compagnie;affiliated;AFFILIATED_STRUCTURE;la ville es sauve;35730;pleurtuit;artdansecompagnie35730@gmail.com;0680840798;;48.5756395;-2.0917811;2026;Classique | Jazz;Classique | Modern jazz | Jazz;https://www.ffdanse.fr/structures/814-art-danse-compagnie;814-art-danse-compagnie
ART DANSE EN COUSERANS;affiliated;AFFILIATED_STRUCTURE;PLACE JEAN IBANEZ, MAIRIE DE SAINT  GIRONS, 09200;09200;SAINT GIRONS;bsoum@orange.fr;0672343527;;42.9831329;1.145897;2026;Bachata | Dix Danses | Latines | Salsa | Standards;Bachata | Danses latines | Danses standards | Salsa;https://www.ffdanse.fr/structures/3760-art-danse-en-couserans;3760-art-danse-en-couserans
Art Danse Narbonne;affiliated;AFFILIATED_STRUCTURE;24 quai de lorraine;11100;Narbonne;artdansenarbonne@gmail.com;0781469337;www.artdansenarbonne.fr;43.18963543164093;2.9970900767211717;2026;Classique | Eveil à la Danse | Jazz;Classique | Modern jazz | Jazz;https://www.ffdanse.fr/structures/4276-art-danse-narbonne;4276-art-danse-narbonne
Art de la danse, Gym & Loisirs;affiliated;AFFILIATED_STRUCTURE;Mairie, 7 place de la Mairie;26330;CHATEAUNEUF DE GALAURE;artdeladanse@gmail.com;0781978449;;45.2325854;4.9563756;2026;Autres Danses | Barre au Sol | Classique | Contemporain | Eveil à la Danse | Jazz;Barre au sol classique | Barre au sol contemporaine | Classique | Ateliers de création | Contemporain | Modern jazz | Jazz;https://www.ffdanse.fr/structures/468-art-de-la-danse-gym-loisirs;468-art-de-la-danse-gym-loisirs
Art en Mouvement;affiliated;AFFILIATED_STRUCTURE;Centre Balavoine - Place Sainte Barbe;57800;COCHEREN;annemarieboutet@fibragglo.fr;0663369126;;49.1455034;6.8561543;2026;Hip Hop | Jazz | Transversal;Danses hip-hop | Modern jazz | Jazz;https://www.ffdanse.fr/structures/1095-art-en-mouvement;1095-art-en-mouvement
Art et corps;affiliated;AFFILIATED_STRUCTURE;3 RUE DU GENERAL DE GAULLE;77760;LA CHAPELLE LA REINE;angelique.charland@gmail.com;0965373493;artetcorps.wix.com/artetcorps;48.3168937;2.5708653;2026;Classique | Contemporain;Classique | Ateliers de création | Contemporain;https://www.ffdanse.fr/structures/1578-art-et-corps;1578-art-et-corps
Art et Corps Danse Cerny;affiliated;AFFILIATED_STRUCTURE;8 rue degommier, Salle Delaporte, 91590;91590;CERNY;acdcerny@yahoo.com;0609704404;;48.4773003;2.3312821;2026;Contemporain | Jazz;Ateliers de création | Contemporain | Modern jazz | Jazz;https://www.ffdanse.fr/structures/3166-art-et-corps-danse-cerny;3166-art-et-corps-danse-cerny
Art et danse Aoste;affiliated;AFFILIATED_STRUCTURE;35 Chemin Du chon;38490;GRANIEU;artetdanse38@gmail.com;0616247514;https://www.helloasso.com/associations/art-et-danse-aoste;45.5909375;5.606812499999999;2026;Classique | Contemporain | Eveil à la Danse | Regards chorégraphiques;Classique | Ateliers de création | Contemporain;https://www.ffdanse.fr/structures/4192-art-et-danse-aoste;4192-art-et-danse-aoste
ART ET DANSE CLASSIQUE A CARRIERES SOUS POISSY (A.D.C.C.);affiliated;AFFILIATED_STRUCTURE;15 ALLEE DE L ANCIENNE GARE;78955;CARRIERES-SOUS-POISSY;association.adcc@gmail.com;0641537245;adcc.chez.com;48.9508389;2.0415123;2026;Classique;Classique;https://www.ffdanse.fr/structures/2214-art-et-danse-classique-a-carrieres-sous-poissy-a-d-c-c;2214-art-et-danse-classique-a-carrieres-sous-poissy-a-d-c-c
Art et Mouvement;affiliated;AFFILIATED_STRUCTURE;14 Impasse de la Concorde, 66140;66140;CANET EN ROUSSILLON;marie-claude.ferrandis@orange.fr;0667337627;;42.7059336;3.0070019;2026;Classique | Danse Show | Jazz;Classique | Disco | Modern jazz | Jazz;https://www.ffdanse.fr/structures/4138-art-et-mouvement;4138-art-et-mouvement
Art et mouvement;affiliated;AFFILIATED_STRUCTURE;36 avenue du fort;94370;SUCY EN BRIE;artetmouvement94@orange.fr;0762299848;artetmouvementsucy.fr;48.7692286;2.5348675;2026;Barre au Sol | Classique | Contemporain | Country And Line | Danse en solo Latine | Danse en solo Standard | Hip Hop | Jazz | Societe | Street Dance;Barre au sol classique | Barre au sol contemporaine | Classique | Ateliers de création | Contemporain | Country & line | Danses hip-hop | Modern jazz | Jazz | Danses de salon;https://www.ffdanse.fr/structures/1936-art-et-mouvement;1936-art-et-mouvement
Art et Mouvement;recently_disaffiliated;UNAFFILIATED_STRUCTURE;27 rue de Cantizac;56860;Séné;lisa.dansecreative@gmail.com;+33610013002;;47.6257214;-2.7408049;;;;https://www.ffdanse.fr/structures/4856-art-et-mouvement;4856-art-et-mouvement
ART H CREW;affiliated;AFFILIATED_STRUCTURE;23 T RUE DES BERCHERES, 77340;77340;PONTAULT COMBAULT;arthcrew@yahoo.fr;0680533123;www.art-h.fr;48.7842142;2.6042526;2026;Africaine | Eveil à la Danse | Hip Hop | Locking | New Style | Poping | Street Dance;Danses ethniques | Danses hip-hop;https://www.ffdanse.fr/structures/3712-art-h-crew;3712-art-h-crew
Art of dance;affiliated;AFFILIATED_STRUCTURE;AVENUE GENERAL DE GAULLE, MAISON DES ASSOCIATIONS;66240;SAINT ESTEVE;artofdance@wanadoo.fr;0680886294;;42.70763;2.84082;2026;Jazz;Modern jazz | Jazz;https://www.ffdanse.fr/structures/1335-art-of-dance;1335-art-of-dance
Art passion;affiliated;AFFILIATED_STRUCTURE;1 RUE DE L'ORME;67500;HAGUENAU;secretaire@artpassiondanse.fr;0606828179;https://art-passiondanse.wixsite.com/danse;48.8221799;7.7742637;2026;Classique | Eveil à la Danse | Jazz | Zumba;Classique | Modern jazz | Jazz | Zumba;https://www.ffdanse.fr/structures/1343-art-passion;1343-art-passion
Art Scène Danse;affiliated;AFFILIATED_STRUCTURE;126 Chemin de champagne;54200;TOUL;artscenedanse@gmail.com;0675459200;;48.6815171;5.8975099;2026;Claquettes | Classique | Comedie Musicale | Contemporain | Danse Show | Hip Hop | Jazz | New Style | Regards chorégraphiques | Street Dance;Claquettes | Classique | Comédie musicale | Ateliers de création | Contemporain | Disco | Danses hip-hop | Modern jazz | Jazz;https://www.ffdanse.fr/structures/2375-art-scene-danse;2375-art-scene-danse
ART SINGULIER;affiliated;AFFILIATED_STRUCTURE;453 ROUTE DEPARTEMENTALE, CAMPING LE GARDIAN;13280;RAPHELE LES ARLES;corinne.cros13@live.fr;0665118828;http://artsingulier-danse.fr/;43.6355487;4.7584981;2026;Contemporain;Ateliers de création | Contemporain;https://www.ffdanse.fr/structures/3331-art-singulier;3331-art-singulier
Art' N Dance;affiliated;AFFILIATED_STRUCTURE;22 rue de la grande saule;57550;Falck;laure.goerlinger@hotmail.fr;06.07.11.17.05;www.artndance.fr;49.2248754;6.6414927;2026;Autres Danses | Hip Hop | Jazz | Orientale | Zumba;Danses hip-hop | Modern jazz | Jazz | Danses ethniques | Zumba;https://www.ffdanse.fr/structures/1110-art-n-dance;1110-art-n-dance
ART' S DANSE;recently_disaffiliated;UNAFFILIATED_STRUCTURE;PLACE DE LA LIBERTE, SIEGE SOCIAL MAIRIE DE SARAN;45770;SARAN;bureau.artsdanse@gmail.com;06.81.26.56.32;artsdanse45;47.951126;1.874789;2026;Africaine | Claquettes | Flamenco | Hip Hop;Danses ethniques | Claquettes | Flamenco | Danses hip-hop;https://www.ffdanse.fr/structures/4604-art-s-danse;4604-art-s-danse
Art'abesque;affiliated;AFFILIATED_STRUCTURE;11b chemin kleindal;57740;Longeville les saint avold;art.abesque@outlook.com;0652067967;;49.1215556;6.6345515;2026;Contemporain | Danse Inclusive | Eveil à la Danse | Jazz | Regards chorégraphiques | Street Dance | Barre au Sol | Jazz duo | Jazz groupe;Ateliers de création | Contemporain | Modern jazz | Jazz | Danses hip-hop | Barre au sol classique | Barre au sol contemporaine;https://www.ffdanse.fr/structures/5202-art-abesque;5202-art-abesque
Art'Danse;affiliated;AFFILIATED_STRUCTURE;27B Rue Abbé Émile Pondard;56350;RIEUX;artdanseassociation@gmail.com;+33 6 95 38 02 98;artdanseassociation.wixsite.com/artdanse;47.5984423;-2.1138027;2026;Orientale;Danses ethniques;https://www.ffdanse.fr/structures/5751-art-danse;5751-art-danse
Art'Danse;recently_disaffiliated;UNAFFILIATED_STRUCTURE;1 place du Général Pierre;86140;Lencloitre;asso.danse86@gmail.com;0767866394;;46.8137156;0.3263152;;;;https://www.ffdanse.fr/structures/4230-art-danse;4230-art-danse
ART'MONIE VILLENEUVE;affiliated;AFFILIATED_STRUCTURE;8 rue des colibris, Maison des associations;34750;VILLENEUVE LES MAGUELONE;florence.vert.villeneuve@gmail.com;0668113107;;43.5370101;3.862284;2026;Barre au Sol | Cabaret | Classique | Danse en solo Latine | Eveil à la Danse | Flamenco | Hip Hop | Jazz | Latines | Orientale | Pilates | Street Dance | Tango Argentin | Zumba;Barre au sol classique | Barre au sol contemporaine | Cabaret | Classique | Flamenco | Danses hip-hop | Modern jazz | Jazz | Danses latines | Danses ethniques | Tango argentin | Zumba;https://www.ffdanse.fr/structures/5997-art-monie-villeneuve;5997-art-monie-villeneuve
ARTIS;affiliated;AFFILIATED_STRUCTURE;32 RUE PASTEUR;69220;BELLEVILLE;studioartis@outlook.fr;06.62.30.90.97;www.artisbelleville.com;46.1084888;4.7482996;2026;Africaine | Autres Danses | Autres Danses Du Monde | Bachata | Bollywood | Cabaret | Classique | Contemporain | Danse Show | Eveil à la Danse | Flamenco | Hip Hop | Jazz | Latines | New Style | OLD : Salsa, Bachata, Kizomba | Orientale | Ragga | Salsa | Street Dance | Tango Argentin | Zumba;Danses ethniques | Bachata | Cabaret | Classique | Ateliers de création | Contemporain | Disco | Flamenco | Danses hip-hop | Modern jazz | Jazz | Danses latines | Salsa | Tango argentin | Zumba;https://www.ffdanse.fr/structures/2361-artis;2361-artis
ARTISSIMO;affiliated;AFFILIATED_STRUCTURE;3 rue du collège, salle J. FRERY;42610;Saint Romain le puy;artissimo@laposte.net;0686911525;;45.5528842;4.1309684;2026;Eveil à la Danse | Jazz | Zumba;Modern jazz | Jazz | Zumba;https://www.ffdanse.fr/structures/4455-artissimo;4455-artissimo
Artistique Rumba Club;affiliated;AFFILIATED_STRUCTURE;11 Rue Lamartine;26100;ROMANS sur ISERE;lyonnet.christophe@gmail.com;0475022248;;45.0466061;5.0627774;2026;Bachata | Danse en solo Latine | Dix Danses | Hip Hop | Latines | Rock'n'Roll | Salsa | Show Dance Latine | Solo Team Lat / Std | Standards | West Coast Swing | Rock | Societe;Bachata | Danses latines | Danses standards | Danses hip-hop | Rock'n'roll | Salsa | West Coast Swing | Danses de salon;https://www.ffdanse.fr/structures/470-artistique-rumba-club;470-artistique-rumba-club
ARTRIBU;recently_disaffiliated;UNAFFILIATED_STRUCTURE;44 bis rue Gabriel Dedieu;33130;lormont;tiltbastide@gmail.com;0612471580;http://studiotilt.fr/;44.8657549;-0.53302;;;;https://www.ffdanse.fr/structures/731-artribu;731-artribu
Arts 93 Communique;affiliated;AFFILIATED_STRUCTURE;7 place Gaston Dourdin;93200;Saint-Denis;cieelolongue@gmail.com;0621525326;http://elolongue.com/;48.9422278;2.3513113;2026;Breaking | Eveil à la Danse | Hip Hop | Locking | New Style;Breaking | Danses hip-hop;https://www.ffdanse.fr/structures/3906-arts-93-communique;3906-arts-93-communique
Arts Création Danses;recently_disaffiliated;UNAFFILIATED_STRUCTURE;144 avenue Grassion Cibrand, Carnon plage;34130;Mauguio;artscreationdanses@yahoo.com;07.83.51.55.64;;43.546994;3.986583;;;;https://www.ffdanse.fr/structures/5950-arts-creation-danses;5950-arts-creation-danses
ARTS DANSE ACADEMY HERBLAY;affiliated;AFFILIATED_STRUCTURE;43 rue du Général de Gaulle, 95220;95220;HERBLAY;artsdanseacademy@gmail.com;0628747081;https://www.artsdanseacademyherblay.fr/;48.9899194;2.1653169;2026;Africaine | Afro-caribéennes | Afro-contemporaine | Barre au Sol | Breaking | Classique | Comedie Musicale | Contemporain | Danses Solo | Eveil à la Danse | Hip Hop | Jazz | Kizomba | Latino Caraibes | New Style | Pilates | Ragga | Regards chorégraphiques | Street Dance | Zumba;Danses ethniques | Afro-jazz | Barre au sol classique | Barre au sol contemporaine | Breaking | Classique | Comédie musicale | Ateliers de création | Contemporain | Danses hip-hop | Modern jazz | Jazz | Kizomba | Danses latino-caraïbes | Zumba;https://www.ffdanse.fr/structures/3398-arts-danse-academy-herblay;3398-arts-danse-academy-herblay
Arts du mouvement;affiliated;AFFILIATED_STRUCTURE;1845 chemin de Provence;06640;ST JEANNET;isabelle.pencreach@wanadoo.fr;0618429092;artsdumouvement.fr;43.7438435;7.171606;2026;Barre au Sol | Classique | Contemporain | Danse Verticale | Danse aérienne | Eveil à la Danse | Orientale | Danse Inclusive;Barre au sol classique | Barre au sol contemporaine | Classique | Ateliers de création | Contemporain | Danses aériennes | Danses ethniques;https://www.ffdanse.fr/structures/151-arts-du-mouvement;151-arts-du-mouvement
Arts en mouvements;affiliated;AFFILIATED_STRUCTURE;41/43 rue Raymond du Temple;94300;Vincennes;artsenmouvements@hotmail.fr;0952620240;;48.8475292;2.4368543;2026;Barre au Sol | Breaking | Classique | Hip Hop | Jazz | Locking | New Style | Poping;Barre au sol classique | Barre au sol contemporaine | Breaking | Classique | Danses hip-hop | Modern jazz | Jazz;https://www.ffdanse.fr/structures/1945-arts-en-mouvements;1945-arts-en-mouvements
Arts et traditions populaire la Veurdée;affiliated;AFFILIATED_STRUCTURE;408 rue de la preste;71700;TOURNUS;laveurdee@msn.com;0385517121;;46.5730691;4.9059629;2026;Breaking | Danse Historique | Eveil à la Danse | Folklorique | Hip Hop | Orientale | Societe;Breaking | Danse historique | Danses traditionnelles | Danses hip-hop | Danses ethniques | Danses de salon;https://www.ffdanse.fr/structures/1428-arts-et-traditions-populaire-la-veurdee;1428-arts-et-traditions-populaire-la-veurdee
Arts Kdanse;affiliated;AFFILIATED_STRUCTURE;99 Route de la Césarde LES PATELLES;13480;CABRIES;secretariat.artskdanse@gmail.com;0442508579;;43.4397079;5.361917;2026;Autres Danses Du Monde | Classique | Comedie Musicale | Contemporain | Hip Hop | Jazz;Danses ethniques | Classique | Comédie musicale | Ateliers de création | Contemporain | Danses hip-hop | Modern jazz | Jazz;https://www.ffdanse.fr/structures/261-arts-kdanse;261-arts-kdanse
Artsenfolie;affiliated;AFFILIATED_STRUCTURE;8 rue  marillac;60350;Trosly-Breuil;assoartsenfolie@gmail.com;0667428533;;49.3969191;2.9674288;2026;Bachata | Comedie Musicale | Contemporain | Danse Inclusive | Danse Show | Eveil à la Danse | Jazz | Latines | Salsa | Societe | Street Dance | Zumba;Bachata | Comédie musicale | Ateliers de création | Contemporain | Disco | Modern jazz | Jazz | Danses latines | Salsa | Danses de salon | Danses hip-hop | Zumba;https://www.ffdanse.fr/structures/1193-artsenfolie;1193-artsenfolie
Artéchanges;affiliated;AFFILIATED_STRUCTURE;1582 Route d'Eguilles;13330;Pélissanne;margueritesalvy@hotmail.com;0610308062;www.artechanges.fr;43.6078686;5.1834017;2026;Africaine | Contemporain | Jazz;Danses ethniques | Ateliers de création | Contemporain | Modern jazz | Jazz;https://www.ffdanse.fr/structures/276-artechanges;276-artechanges
As En Danse;affiliated;AFFILIATED_STRUCTURE;MAirie de Bessan Place de la MAirie;34550;Bessan;asendanse34@gmail.com;0619438818;;43.3614493;3.4276758;2026;Autres Danses | Autres Danses Du Monde | Cabaret | Classique | Comedie Musicale | Contemporain | Hip Hop | Jazz | Regards chorégraphiques | Street Dance | Zumba;Danses ethniques | Cabaret | Classique | Comédie musicale | Ateliers de création | Contemporain | Danses hip-hop | Modern jazz | Jazz | Zumba;https://www.ffdanse.fr/structures/2178-as-en-danse;2178-as-en-danse
AS EN DANSE;affiliated;AFFILIATED_STRUCTURE;23 RUE RENE BRUT, CAB, 63110;63110;BEAUMONT;asendansebeaumont@hotmail.com;685445575;;45.7527514;3.0869665;2026;Autres Danses | Barre au Sol | Contemporain | Eveil à la Danse | Hip Hop | Jazz | Street Dance;Barre au sol classique | Barre au sol contemporaine | Ateliers de création | Contemporain | Danses hip-hop | Modern jazz | Jazz;https://www.ffdanse.fr/structures/4231-as-en-danse;4231-as-en-danse
AS EN DANSE;affiliated;AFFILIATED_STRUCTURE;38 CHEMIN DU MAS PRESSIEU;01800;PEROUGES;asendanse@orange.fr;0682560966;;45.910904;5.16882;2026;Danse Show | Zumba;Disco | Zumba;https://www.ffdanse.fr/structures/4788-as-en-danse;4788-as-en-danse
AS EN DANSE;recently_disaffiliated;UNAFFILIATED_STRUCTURE;19, rue de la Mairie;91690;SACLAS;contactasendanse@gmail.com;0687889443;asendanse.com;48.360353;2.125339;2026;Bachata | Bollywood | Country And Line | Danse en solo Latine | Dix Danses | Hip Hop | Kizomba | Latines | Orientale | Salsa | Societe | Standards | Zumba;Bachata | Danses ethniques | Country & line | Danses latines | Danses standards | Danses hip-hop | Kizomba | Salsa | Danses de salon | Zumba;https://www.ffdanse.fr/structures/1867-as-en-danse;1867-as-en-danse
AS PERFORMANCE MARTIGUES - PORT DE BOUC;affiliated;AFFILIATED_STRUCTURE;161 AVENUE DU VALLON DE GRAFFIANE;13820;ENSUES-LA-REDONNE;asperformance.pro@gmail.com;0677079412;;43.3481419;5.2041445;2026;Breaking | Hip Hop | House | Krump | Locking | New Style | Poping | Street Dance;Breaking | Danses hip-hop;https://www.ffdanse.fr/structures/2509-as-performance-martigues-port-de-bouc;2509-as-performance-martigues-port-de-bouc
AS2DANSE;recently_disaffiliated;UNAFFILIATED_STRUCTURE;144 CHEMIN DE CHIRON;73000;Chambéry;as2danse.diffusion@gmail.com;0644031524;www.as2danse.com;45.5758978;5.8963397;;;;https://www.ffdanse.fr/structures/3978-as2danse;3978-as2danse
ASAE;recently_disaffiliated;UNAFFILIATED_STRUCTURE;Avunue Charles Lamarque Cando, 15;40000;Mont de Marsan;asae.40000@gmail.com;06.71.81.73.17;;43.898385;-0.482086;;;;https://www.ffdanse.fr/structures/5323-asae;5323-asae
ASBTP Danse;affiliated;AFFILIATED_STRUCTURE;42 Avene Galliéni;06000;NICE;asbtp@asbtp.com;0493806283;;43.703838;7.2792725;2026;Autres Danses | Classique | Eveil à la Danse | Hip Hop | Jazz | Street Dance;Classique | Danses hip-hop | Modern jazz | Jazz;https://www.ffdanse.fr/structures/163-asbtp-danse;163-asbtp-danse
ASC NAINTRE;affiliated;AFFILIATED_STRUCTURE;16C AVENUE JEAN JAURES;86530;NAINTRE;ascnaintre@yahoo.fr;0632167374;http://ascnaintre.wix.com/ascnaintre;46.7609831;0.4859491;2026;Jazz | Regards chorégraphiques;Modern jazz | Jazz | Ateliers de création | Contemporain;https://www.ffdanse.fr/structures/3948-asc-naintre;3948-asc-naintre
ASC Saint-Médard de Doulon;affiliated;AFFILIATED_STRUCTURE;72 Rue du Pontereau;44300;Nantes;danse@saintmedard-nantes.fr;06 43 82 70 46;www.saintmedard-nantes.fr;47.2403846;-1.5050154;2026;Jazz | Latines | Societe | Standards;Modern jazz | Jazz | Danses latines | Danses de salon | Danses standards;https://www.ffdanse.fr/structures/4201-asc-saint-medard-de-doulon;4201-asc-saint-medard-de-doulon
Asc'Dance;affiliated;AFFILIATED_STRUCTURE;7 Place de la Mairie;51490;BETHENIVILLE;ascdance51@gmail.com;0678652567;;49.2910571;4.3700311;2026;Africaine | Afro-contemporaine | Contemporain | Jazz groupe;Danses ethniques | Afro-jazz | Ateliers de création | Contemporain;https://www.ffdanse.fr/structures/6343-asc-dance;6343-asc-dance
ASCEN DANSE;affiliated;AFFILIATED_STRUCTURE;1 cité Cordier;76350;OISSEL;champsaclods@orange.fr;0614875938;;49.3413939;1.0952738;2026;Country And Line;Country & line;https://www.ffdanse.fr/structures/3606-ascen-danse;3606-ascen-danse
Ascen danse;affiliated;AFFILIATED_STRUCTURE;Rue colonel Cabrie;05600;MONT DAUPHIN;asso.ascendanse05@gmail.com;0492452546;ascen-danse-05.webnode.fr;;;2026;Contemporain | Danse Verticale;Ateliers de création | Contemporain | Danses aériennes;https://www.ffdanse.fr/structures/142-ascen-danse;142-ascen-danse
Ascen'danse;affiliated;AFFILIATED_STRUCTURE;Pôle Périscolaire de Venoy, Association Ascen'danse, Place de la Mairie;89290;Venoy;mdg891@hotmail.fr;0602629615;;47.8078143;3.6390443;2026;Jazz;Modern jazz | Jazz;https://www.ffdanse.fr/structures/3183-ascen-danse;3183-ascen-danse
Ascendance;affiliated;AFFILIATED_STRUCTURE;507 GRIMMINK STRAETE;59190;CAESTRE;bailleulascendance@gmail.com;0328419097;;50.7643548;2.6182489;2026;Dix Danses | Latines | Standards;Danses latines | Danses standards;https://www.ffdanse.fr/structures/1143-ascendance;1143-ascendance
Ascendance;affiliated;AFFILIATED_STRUCTURE;19 avenue Raspail, LE  STUDIO;95400;Arnouville;lestudio.bz@orange.fr;0662166767;lestudiodanse.fr;48.9940494;2.414827;2026;Afro-caribéennes | Classique | Eveil à la Danse | Hip Hop | Jazz;Danses ethniques | Classique | Danses hip-hop | Modern jazz | Jazz;https://www.ffdanse.fr/structures/1958-ascendance;1958-ascendance
ASD Westindies;affiliated;AFFILIATED_STRUCTURE;Rue Léon jouhaux;60870;Brenouille;Asdwestindies@gmail.com;0668274206;;49.304188;2.534388;2026;Africaine | Ragga;Danses ethniques | Danses hip-hop;https://www.ffdanse.fr/structures/5768-asd-westindies;5768-asd-westindies
ASG Danse;affiliated;AFFILIATED_STRUCTURE;rue Pompe vieille;34770;GIGEAN;asgdanse@gmail.com;0467787096;asgdanse.com;43.5014807;3.712307;2026;Africaine | Classique | Comedie Musicale | Jazz | Zumba;Danses ethniques | Classique | Comédie musicale | Modern jazz | Jazz | Zumba;https://www.ffdanse.fr/structures/4817-asg-danse;4817-asg-danse
ASGD 3;affiliated;AFFILIATED_STRUCTURE;10 RUE GUIBAL;13001;MARSEILLE;indaburu.mariejeanne@outlook.fr;0686864830;http://ateliersudgenerationdanse.weebly.com;43.3057132;5.3847397;2026;Classique | Contemporain | Hip Hop | Jazz;Classique | Ateliers de création | Contemporain | Danses hip-hop | Modern jazz | Jazz;https://www.ffdanse.fr/structures/262-asgd-3;262-asgd-3
ASGN;affiliated;AFFILIATED_STRUCTURE;27 Boulevard d'INKERMANN;92200;NEUILLY SUR SEINE;contact.asgn@gmail.com;0771042207;www.asgn.fr;48.887062;2.274917;2026;Classique | Jazz;Classique | Modern jazz | Jazz;https://www.ffdanse.fr/structures/5437-asgn;5437-asgn
Ashanti;affiliated;AFFILIATED_STRUCTURE;9 avenue Gallilée;92350;LE PLESSIS ROBINSON;assoashanti@orange.fr;0642853984;;48.7784474;2.2463298;2026;Africaine | Autres Danses | Classique | Contemporain | Hip Hop | Jazz | OLD : Salsa, Bachata, Kizomba;Danses ethniques | Classique | Ateliers de création | Contemporain | Danses hip-hop | Modern jazz | Jazz | Salsa | Bachata;https://www.ffdanse.fr/structures/1893-ashanti;1893-ashanti
ASIRYS DANSE;affiliated;AFFILIATED_STRUCTURE;17 rue de l'argentouire;11100;narbonne;bachatadanse@asirys.fr;0626795364;;43.1863188;2.9781995;2026;Bachata | Bachata Team Couple | Bachata Team Styling | Kizomba;Bachata | Kizomba;https://www.ffdanse.fr/structures/5854-asirys-danse;5854-asirys-danse
ASL Danse;affiliated;AFFILIATED_STRUCTURE;Mairie Lacanau;33680;LACANAU;asldanselacanau@gmail.com;0611088706;;44.9779824;-1.0756452;2026;Cabaret | Classique | Hip Hop | Jazz;Cabaret | Classique | Danses hip-hop | Modern jazz | Jazz;https://www.ffdanse.fr/structures/658-asl-danse;658-asl-danse
ASPS Danse;recently_disaffiliated;UNAFFILIATED_STRUCTURE;2 rue de Verdun;28250;SENONCHES;lisaleger@hotmail.fr;0646157053;;48.5609617;1.0336077;;;;https://www.ffdanse.fr/structures/528-asps-danse;528-asps-danse
ASPTT Colmar;affiliated;AFFILIATED_STRUCTURE;7, cour du Hirzensteg;68000;COLMAR;aspttcolmar@orange.fr;0389810747;;48.0731752;7.3680836;2026;Autres Danses | Hip Hop | Latines;Danses hip-hop | Danses latines;https://www.ffdanse.fr/structures/1358-asptt-colmar;1358-asptt-colmar
ASS OKA DANCE;affiliated;AFFILIATED_STRUCTURE;6 allée de la Palun, ZI La Palun;13700;MARIGNANE;contact.okadance@gmail.com;0662531827;www.oka-dance.fr;43.4067339;5.2027273;2026;Africaine | Autres Danses Du Monde | Bachata | Barre au Sol | Bollywood | Classique | Eveil à la Danse | Flamenco | Hip Hop | Jazz | Kizomba | Latines | Latino Caraibes | New Style | Orientale | Pole Dance | Ragga | Salsa | Street Dance | Zumba;Danses ethniques | Bachata | Barre au sol classique | Barre au sol contemporaine | Classique | Flamenco | Danses hip-hop | Modern jazz | Jazz | Kizomba | Danses latines | Danses latino-caraïbes | Pole dance | Salsa | Zumba;https://www.ffdanse.fr/structures/4005-ass-oka-dance;4005-ass-oka-dance
ASS sportive culturelle Saint-Romain;recently_disaffiliated;UNAFFILIATED_STRUCTURE;6 rue de l'eglise, Bryan Maisano;68080;emlingen;styldance.ascsaintromain@gmail.com;0783878400;;47.6234278;7.2854331;2026;Contemporain | Eveil à la Danse | Standards;Ateliers de création | Contemporain | Danses standards;https://www.ffdanse.fr/structures/6021-ass-sportive-culturelle-saint-romain;6021-ass-sportive-culturelle-saint-romain
Ass Sportive des Bernardins;affiliated;AFFILIATED_STRUCTURE;15 rue des Bernardins;75005;PARIS;as.bernardins@gmail.com;0664441917;www.association-sportive-des-bernardins.fr;48.8501339;2.3507585;2026;Barre au Sol | Classique | Contemporain | Jazz;Barre au sol classique | Barre au sol contemporaine | Classique | Ateliers de création | Contemporain | Modern jazz | Jazz;https://www.ffdanse.fr/structures/1465-ass-sportive-des-bernardins;1465-ass-sportive-des-bernardins
Ass'en danse;affiliated;AFFILIATED_STRUCTURE;MAIRIE PLACE DE LA MAIRIE;85110;CHANTONNAY;assendanse@hotmail.fr;0766054653;;46.6869509;-1.0500724;2026;Hip Hop | Jazz;Danses hip-hop | Modern jazz | Jazz;https://www.ffdanse.fr/structures/1794-ass-en-danse;1794-ass-en-danse
Assaut danse;affiliated;AFFILIATED_STRUCTURE;36 rue du bruloir;95000;CERGY;assautdanse@gmail.com;0662649128;;49.0310462;2.06589;2026;Barre au Sol | Jazz;Barre au sol classique | Barre au sol contemporaine | Modern jazz | Jazz;https://www.ffdanse.fr/structures/6104-assaut-danse;6104-assaut-danse
ASSO COEUR DE RUE;affiliated;AFFILIATED_STRUCTURE;1 BIS CHEMIN LEBIHAN;97430;LE TAMPON;coeur2rue@gmail.com;0692665694;;-21.2594338;55.5228264;2026;Breaking | Hip Hop;Breaking | Danses hip-hop;https://www.ffdanse.fr/structures/2839-asso-coeur-de-rue;2839-asso-coeur-de-rue
Asso D-Klik Crew;affiliated;AFFILIATED_STRUCTURE;50 rue Simone de beauvoir;11400;Castelnaudary;asso.dkc@gmail.com;0659162910;www.dklikcrew.com;43.3226306;1.9426226;2026;Breaking;Breaking;https://www.ffdanse.fr/structures/3964-asso-d-klik-crew;3964-asso-d-klik-crew
ASSOC. CULTURELLE DE CARNOULES ET DU VAR;affiliated;AFFILIATED_STRUCTURE;8 RUE DANIELLE CASANOVA, 83660;83660;CARNOULES;associationculturellecarnoules@gmail.com;0494283848;;43.3033576;6.1895045;2026;Classique | Jazz;Classique | Modern jazz | Jazz;https://www.ffdanse.fr/structures/3290-assoc-culturelle-de-carnoules-et-du-var;3290-assoc-culturelle-de-carnoules-et-du-var
"Association ""A Mains Nues"" atelier chorégraphique";affiliated;AFFILIATED_STRUCTURE;115 avenue Aristide Briand;27000;EVREUX;atelier.amainsnues@gmail.com;0670292897;;49.0164866;1.1228918;2026;Classique;Classique;https://www.ffdanse.fr/structures/6359-association-a-mains-nues-atelier-choregraphique;6359-association-a-mains-nues-atelier-choregraphique
association -école de Danse -GR CONTRAST;affiliated;AFFILIATED_STRUCTURE;9 impasse du Capitaine Cook, chez Mme P.Douarre Le Boudal;29100;Douarnenez;lb_pat@hotmail.com;0663111455;Facebook CONTRAST asso danseur;48.0787482;-4.3229352;2026;Barre au Sol | Claquettes | Classique | Contemporain | Eveil à la Danse | Jazz;Barre au sol classique | Barre au sol contemporaine | Claquettes | Classique | Ateliers de création | Contemporain | Modern jazz | Jazz;https://www.ffdanse.fr/structures/3617-association-ecole-de-danse-gr-contrast;3617-association-ecole-de-danse-gr-contrast
ASSOCIATION AGIOT LOISIRS;affiliated;AFFILIATED_STRUCTURE;2 place d'Auxois, Cours au CESA, square du Dauphiné;78310;MAUREPAS (78310);agiotbureau@gmail.com;+33698408817;https://www.agiot-loisirs-maurepas.com/;;;2026;Bachata | Barre au Sol | Classique | Dix Danses | Eveil à la Danse | Jazz | Latines | Rock'n'Roll | Salsa | Societe | Standards | Zumba;Bachata | Barre au sol classique | Barre au sol contemporaine | Classique | Danses latines | Danses standards | Modern jazz | Jazz | Rock'n'roll | Salsa | Danses de salon | Zumba;https://www.ffdanse.fr/structures/4934-association-agiot-loisirs;4934-association-agiot-loisirs
ASSOCIATION AIDE VIE DANSE;affiliated;AFFILIATED_STRUCTURE;3 PLACE MARCEL EUSEBI, 06950;06950;FALICON;aideviedanse@gmail.com;0684551303;;43.7488221;7.2786535;2026;Barre au Sol | Breaking | Comedie Musicale | Contemporain | Danse Inclusive | Danse Show | Danses Solo | Disco | Eveil à la Danse | Hip Hop | Jazz | Regards chorégraphiques | Street Dance | Transversal;Barre au sol classique | Barre au sol contemporaine | Breaking | Comédie musicale | Ateliers de création | Contemporain | Disco | Danses hip-hop | Modern jazz | Jazz;https://www.ffdanse.fr/structures/6002-association-aide-vie-danse;6002-association-aide-vie-danse
association alenya danse;recently_disaffiliated;UNAFFILIATED_STRUCTURE;38 rue des cerisiers;66200;ELNE;alenya-danse@hotmail.com;0695116595;;42.6062615;2.9693647;;;;https://www.ffdanse.fr/structures/2873-association-alenya-danse;2873-association-alenya-danse
Association Amalgam;affiliated;AFFILIATED_STRUCTURE;344 chemin des Teoulets;31330;Merville;amalgam.danse@gmail.com;0624734537;www.amalgam-danse.fr;43.729325;1.28765;2026;Africaine | Afro-contemporaine | Breaking | Contemporain | Danse Inclusive | Eveil à la Danse | Hip Hop | House | Jazz | Krump | Locking | New Style | Poping | Regards chorégraphiques | Street Dance;Danses ethniques | Afro-jazz | Breaking | Ateliers de création | Contemporain | Danses hip-hop | Modern jazz | Jazz;https://www.ffdanse.fr/structures/624-association-amalgam;624-association-amalgam
Association Amis des écoles d'Epouville;affiliated;AFFILIATED_STRUCTURE;116 rue Maréchal Joffre;76600;LE HAVRE;roland.rioult@free.fr;0609496877;;49.4998787;0.1247702;2026;Autres Danses | Danse Historique | Dix Danses | Latines | Societe | Standards;Danse historique | Danses latines | Danses standards | Danses de salon;https://www.ffdanse.fr/structures/1502-association-amis-des-ecoles-d-epouville;1502-association-amis-des-ecoles-d-epouville
ASSOCIATION ARMA DANCE;affiliated;AFFILIATED_STRUCTURE;7 allée du bois des fonds;60100;Creil;associationarmadance@gmail.com;0650918804;;49.2455128;2.5013089;2026;Breaking | Hip Hop | House | Jazz | Krump | Locking | New Style | Poping | Ragga | Street Dance;Breaking | Danses hip-hop | Modern jazz | Jazz;https://www.ffdanse.fr/structures/6146-association-arma-dance;6146-association-arma-dance
Association Art'endanse;affiliated;AFFILIATED_STRUCTURE;43 Rue de la folie rengault;75011;Paris;asso.artendanse@gmail.com;0678692160;Www.artendanseparisasso.fr;48.8597527;2.3864209;2026;Autres Danses | Barre au Sol | Breaking | Cabaret | Classique | Contemporain | Eveil à la Danse | Jazz | Ragga | Regards chorégraphiques | Street Dance;Barre au sol classique | Barre au sol contemporaine | Breaking | Cabaret | Classique | Ateliers de création | Contemporain | Modern jazz | Jazz | Danses hip-hop;https://www.ffdanse.fr/structures/3652-association-art-endanse;3652-association-art-endanse
Association Art'Monny;affiliated;AFFILIATED_STRUCTURE;65, rue Léon Cladel;82000;Montauban;cie-artmonny@hotmail.fr;0608404387;;44.0221657;1.3551683;2026;Barre au Sol | Claquettes | Classique | Contemporain | Jazz | Regards chorégraphiques;Barre au sol classique | Barre au sol contemporaine | Claquettes | Classique | Ateliers de création | Contemporain | Modern jazz | Jazz;https://www.ffdanse.fr/structures/4678-association-art-monny;4678-association-art-monny
association banyulsdanse;affiliated;AFFILIATED_STRUCTURE;25 rue du muscat;66680;canohes;banyulsdanse@yahoo.fr;0682221580;;42.6484165;2.8308633;2026;Claquettes | Classique | Hip Hop | Jazz;Claquettes | Classique | Danses hip-hop | Modern jazz | Jazz;https://www.ffdanse.fr/structures/2307-association-banyulsdanse;2307-association-banyulsdanse
Association BIRDY DANCE;affiliated;AFFILIATED_STRUCTURE;1050 rue de la 1ère Armée;82000;Montauban;birdydance.co@gmail.com;0670115669;birdydance.co;44.0047092;1.3503528;2026;Afro-contemporaine | Barre au Sol | Classique | Contemporain | Danse Show | Danses Solo | Eveil à la Danse | Hip Hop | Jazz | Ragga | Regards chorégraphiques | Street Dance | Transversal | Zumba;Afro-jazz | Barre au sol classique | Barre au sol contemporaine | Classique | Ateliers de création | Contemporain | Disco | Danses hip-hop | Modern jazz | Jazz | Zumba;https://www.ffdanse.fr/structures/4141-association-birdy-dance;4141-association-birdy-dance
ASSOCIATION BLOSSOM M.DANSE;affiliated;AFFILIATED_STRUCTURE;18 route de forcelles;54330;VRONCOURT;blossom.mdanse@gmail.com;0659408993;;48.4626402;6.0837294;2026;Bachata Team Styling | Eveil à la Danse | Hip Hop | Salsa Team Styling | Street Dance;Danses hip-hop;https://www.ffdanse.fr/structures/5888-association-blossom-m-danse;5888-association-blossom-m-danse
ASSOCIATION BLUES CALYPSO;affiliated;AFFILIATED_STRUCTURE;7 impasse la Tramontane, 34140;34140;Mèze;assobluescalypso@gmail.com;0622935756;;43.4307089;3.6075838;2026;Eveil à la Danse | Jazz;Modern jazz | Jazz;https://www.ffdanse.fr/structures/4069-association-blues-calypso;4069-association-blues-calypso
association Burl'Country;affiliated;AFFILIATED_STRUCTURE;89 rue jean barbe;07470;coucouron;burl.country@gmail.com;;;44.8035379;3.9713264;2026;Country And Line | ancien nom à supprimer;Country & line;https://www.ffdanse.fr/structures/2399-association-burl-country;2399-association-burl-country
ASSOCIATION CALAMITY LIZ;affiliated;AFFILIATED_STRUCTURE;195 rue du Vélard;01710;Thoiry;calamity.liz@orange.fr;0785861019;www.calamityliz.com;46.2452127;5.9809937;2026;Country And Line | Eveil à la Danse;Country & line;https://www.ffdanse.fr/structures/6061-association-calamity-liz;6061-association-calamity-liz
ASSOCIATION CHA' DANCE;affiliated;AFFILIATED_STRUCTURE;41 rue René Hamon;94800;Villejuif;chadance98@gmail.com;06 11 49 40 46;;48.7924259;2.3615319;2026;Bachata | Latines | Rock | Societe | Standards;Bachata | Danses latines | Rock'n'roll | Danses de salon | Danses standards;https://www.ffdanse.fr/structures/5952-association-cha-dance;5952-association-cha-dance
ASSOCIATION CHEERY DOLLS;affiliated;AFFILIATED_STRUCTURE;35 bis chemin du Pas;85300;CHALLANS;cheerydolls@gmail.com;0603445084;cheerydolls.fr;46.8615189;-1.8689796;2026;Autres Danses | Zumba;Zumba;https://www.ffdanse.fr/structures/2717-association-cheery-dolls;2717-association-cheery-dolls
ASSOCIATION CHOROCHRONOS;affiliated;AFFILIATED_STRUCTURE;53 RUE BALDNER;67100;STRASBOURG;chorochronos.asso@yahoo.fr;0648228864;www.chorochronos.fr;48.5690784;7.7624458;2026;Danse en solo Latine | Latines | Rock | Salsa | Salsa Team Couple | Salsa Team Styling | Societe | Solo Team Lat / Std | Standards;Danses latines | Rock'n'roll | Salsa | Danses de salon | Danses standards;https://www.ffdanse.fr/structures/5588-association-chorochronos;5588-association-chorochronos
association comme ça;recently_disaffiliated;UNAFFILIATED_STRUCTURE;9 chemin du gourdin;33550;Langoiran;comme.ca@free.fr;0670330289;https://atelierdanselangoiran.jimdofree.com;44.7082819;-0.36215;;;;https://www.ffdanse.fr/structures/4939-association-comme-ca;4939-association-comme-ca
Association cor d'ARTista;affiliated;AFFILIATED_STRUCTURE;7 rue de l'enclos;66400;Ceret;cordartista66@gmail.com;0659243651;;42.4831835;2.7558539;2026;Bachata | Barre au Sol | Cabaret | Contemporain | Danse Inclusive | Danse Show | Danse en solo Latine | Danses Solo | Eveil à la Danse | Jazz | Latines | Pilates | Rock | Rock'n'Roll | Solo Team Lat / Std | Street Dance | Yoga danse;Bachata | Barre au sol classique | Barre au sol contemporaine | Cabaret | Ateliers de création | Contemporain | Disco | Modern jazz | Jazz | Danses latines | Rock'n'roll | Danses standards | Danses hip-hop;https://www.ffdanse.fr/structures/4049-association-cor-d-artista;4049-association-cor-d-artista
association corps en accord;affiliated;AFFILIATED_STRUCTURE;L'Agantic 6 , rue des écoles républicaines;34190;Ganges;severine.gracia@orange.fr;06 83 09 02 71;;43.9362879;3.7073829;2026;Contemporain | Jazz | Regards chorégraphiques | Classique;Ateliers de création | Contemporain | Modern jazz | Jazz | Classique;https://www.ffdanse.fr/structures/2599-association-corps-en-accord;2599-association-corps-en-accord
Association Corps et Arts - Compagnie Océane Goldman;affiliated;AFFILIATED_STRUCTURE;Mairie de Famars, 13 rue de Bermerain;59300;Famars;association-corps-et-arts@mailo.fr;0686715360;;50.3135214;3.5189027;2026;Cabaret | Classique | Comedie Musicale | Contemporain | Danses Solo | Eveil à la Danse | Jazz | New Style | Pole Dance | Regards chorégraphiques | Street Dance;Cabaret | Classique | Comédie musicale | Ateliers de création | Contemporain | Modern jazz | Jazz | Danses hip-hop | Pole dance;https://www.ffdanse.fr/structures/4990-association-corps-et-arts-compagnie-oceane-goldman;4990-association-corps-et-arts-compagnie-oceane-goldman
Association Corps et Graphie;affiliated;AFFILIATED_STRUCTURE;1 rue Saint Charles;93250;Villemomble;corpsetgraphieleraincy@gmail.com;06 74 58 02 75‬;http://ecolededanse-c-pascal.blogspot.fr/;48.8872408;2.5078967;2026;Classique | Contemporain;Classique | Ateliers de création | Contemporain;https://www.ffdanse.fr/structures/2284-association-corps-et-graphie;2284-association-corps-et-graphie
ASSOCIATION CRAZY BIRDS;affiliated;AFFILIATED_STRUCTURE;16 Avenue de Violettes;06800;CAGNES SUR MER;asso.crazy.birds@gmail.com;0603357657;;43.6614185;7.1621323;2026;Country And Line;Country & line;https://www.ffdanse.fr/structures/4232-association-crazy-birds;4232-association-crazy-birds
Association culturelle de Villers-Ecalles;affiliated;AFFILIATED_STRUCTURE;311 rue de Verdun;76480;Duclair;crystelle.lanos@sfr.fr;0689881975;;49.4835232;0.8750288;2026;Dix Danses;Danses latines | Danses standards;https://www.ffdanse.fr/structures/2685-association-culturelle-de-villers-ecalles;2685-association-culturelle-de-villers-ecalles
association culturelle mouv et respire ton art;affiliated;AFFILIATED_STRUCTURE;141 chemin de la commanderie;13015;Marseille;charlotte.jungas@gmail.com;0601996113;;43.3458543;5.3613991;2026;Classique | Contemporain | Hip Hop | Jazz | Regards chorégraphiques;Classique | Ateliers de création | Contemporain | Danses hip-hop | Modern jazz | Jazz;https://www.ffdanse.fr/structures/4452-association-culturelle-mouv-et-respire-ton-art;4452-association-culturelle-mouv-et-respire-ton-art
Association Culturelle Othe-Armance;affiliated;AFFILIATED_STRUCTURE;195 rue des Croisettes;10130;Auxon;administration@festivalenothe.org;0325427063;www.festivalenothe.net;48.1014343;3.9166877;2026;Breaking;Breaking;https://www.ffdanse.fr/structures/4726-association-culturelle-othe-armance;4726-association-culturelle-othe-armance
ASSOCIATION DANSE D'EXPRESSION;recently_disaffiliated;UNAFFILIATED_STRUCTURE;9 rue St Jacques;41100;VENDOME;dansedexpression@gmail.com;02 54 67 15 02;;47.7938007;1.0663812;;;;https://www.ffdanse.fr/structures/4475-association-danse-d-expression;4475-association-danse-d-expression
Association Danse de Salon;affiliated;AFFILIATED_STRUCTURE;3 ALLEE DES FRAMBOISERS;85160;SAINT-JEAN-DE-MONTS;olivier.durand.professionnel@gmail.com;0677960753;;46.7791321;-2.0208091;2026;Bachata | Danse en solo Latine | Dix Danses | Latines | Rock | Salsa | Societe | Standards | West Coast Swing;Bachata | Danses latines | Danses standards | Rock'n'roll | Salsa | Danses de salon | West Coast Swing;https://www.ffdanse.fr/structures/1779-association-danse-de-salon;1779-association-danse-de-salon
Association Danse Deux Mille;recently_disaffiliated;UNAFFILIATED_STRUCTURE;Venelle de Reims;29160;Crozon;secretariat@d2studios.fr;06.65.98.40.56;https://danse2000crozon.my.canva.site/;48.2477296;-4.4902511;;;;https://www.ffdanse.fr/structures/5778-association-danse-deux-mille;5778-association-danse-deux-mille
Association Danse Et Vous;affiliated;AFFILIATED_STRUCTURE;2 chemin des Diligences;44770;La Plaine sur Mer;danse.et.vous.asso@gmail.com;06.77.79.10.22;;47.1451684;-2.2196126;2026;Contemporain | Jazz;Ateliers de création | Contemporain | Modern jazz | Jazz;https://www.ffdanse.fr/structures/4308-association-danse-et-vous;4308-association-danse-et-vous
ASSOCIATION DANSE LOISIR;affiliated;AFFILIATED_STRUCTURE;24 bis rue de la solidarité, Centre Culturel;82200;Moissac;associationdanseloisir@gmail.com;0563041010;Danse-loisir.com;44.1029808;1.0890761;2026;Classique | Contemporain | Eveil à la Danse | Hip Hop | Jazz | Street Dance;Classique | Ateliers de création | Contemporain | Danses hip-hop | Modern jazz | Jazz;https://www.ffdanse.fr/structures/4873-association-danse-loisir;4873-association-danse-loisir
Association Danse Modern Jazz;affiliated;AFFILIATED_STRUCTURE;Place de la mairie;02450;Boué;assodansemodernjazzboue@gmail.fr;0749356237;;50.0119814;3.6980084;2026;Jazz;Modern jazz | Jazz;https://www.ffdanse.fr/structures/3997-association-danse-modern-jazz;3997-association-danse-modern-jazz
Association danse Rouen St Sever;affiliated;AFFILIATED_STRUCTURE;10/12 rue St Julien;76100;ROUEN;adrs76@live.fr;0629884400;;49.4269068;1.0770082;2026;Classique | Jazz;Classique | Modern jazz | Jazz;https://www.ffdanse.fr/structures/1507-association-danse-rouen-st-sever;1507-association-danse-rouen-st-sever
ASSOCIATION DANSE SALON LATINE;recently_disaffiliated;UNAFFILIATED_STRUCTURE;Place de la république, mairie de Palau;66690;PALAU DEL VIDRE;nbonafe@gmail.com;06.11.36.14.64;;42.5711929;2.9609016;;;;https://www.ffdanse.fr/structures/2947-association-danse-salon-latine;2947-association-danse-salon-latine
Association Danse SJDC;recently_disaffiliated;UNAFFILIATED_STRUCTURE;RUE PAUL LAHARGOU;40100;DAX;revy-d@sjdc-dax.fr;0558563050;;43.693957;-1.0582149;;;;https://www.ffdanse.fr/structures/4940-association-danse-sjdc;4940-association-danse-sjdc
Association danse sportive de Vence;affiliated;AFFILIATED_STRUCTURE;470 Route de Cagnes Les Jardins de Farnese G2, c/o ABOUSSOUAN;06140;VENCE;adsv06@hotmail.fr;0613098200;;43.717683;7.124333;2026;Autres Danses | Autres Danses Du Monde | Boogie Woogie | Breaking | Cabaret | Comedie Musicale | Contemporain | Danse Historique | Danse Show | Danses Solo | Dix Danses | Flamenco | Hip Hop | Jazz | Latines | Lindy Hop | OLD : Salsa, Bachata, Kizomba | Orientale | Pole Dance | Rock Acrobatique | Rock Formation | Rock Saute | Rock et DA | Rock'n'Roll | Show Dance Latine | Show Dance Standard | Societe | Solo Team Lat / Std | Square Dance | Standards | Street Dance | Tango Argentin | Transversal | West Coast Swing | Zumba | ancien nom à supprimer;Danses ethniques | Boogie-Woogie | Breaking | Cabaret | Comédie musicale | Ateliers de création | Contemporain | Danse historique | Disco | Danses latines | Danses standards | Flamenco | Danses hip-hop | Modern jazz | Jazz | Lindy hop | Salsa | Bachata | Pole dance | Rock acrobatique | Rock'n'roll | Rock sauté | Danses de salon | Danses traditionnelles | Tango argentin | West Coast Swing | Zumba;https://www.ffdanse.fr/structures/165-association-danse-sportive-de-vence;165-association-danse-sportive-de-vence
Association danse ta vie;affiliated;AFFILIATED_STRUCTURE;496 Chemin des BDR;13650;Meyrargues;dansetavie@yahoo.fr;0616583657;;43.6427069;5.5334134;2026;Dix Danses | Latines | OLD : Salsa, Bachata, Kizomba | Societe | Standards;Danses latines | Danses standards | Salsa | Bachata | Danses de salon;https://www.ffdanse.fr/structures/286-association-danse-ta-vie;286-association-danse-ta-vie
Association DANSES EN VERGT;affiliated;AFFILIATED_STRUCTURE;Mairie de Vergt;24380;VERGT;associationdansesenvergt@gmail.com;06 31 40 25 01;https://vergt-perigord.fr/en/as/363352/297819/danses-en-vergt;45.0264752;0.7185229;2026;Barre au Sol | Classique | Contemporain | Societe | Danses Solo | Regards chorégraphiques;Barre au sol classique | Barre au sol contemporaine | Classique | Ateliers de création | Contemporain | Danses de salon;https://www.ffdanse.fr/structures/5977-association-danses-en-vergt;5977-association-danses-en-vergt
Association Danses Nivillacoise;affiliated;AFFILIATED_STRUCTURE;3, Rue Joseph Dano, MAIRIE;56130;Nivillac;asso.danse.nivillac@gmail.com;0614454064;www.assodansenivillac.wix.com/asso-dansea;47.535387;-2.2817149;2026;Autres Danses | Jazz;Modern jazz | Jazz;https://www.ffdanse.fr/structures/4435-association-danses-nivillacoise;4435-association-danses-nivillacoise
Association de breakdance;recently_disaffiliated;UNAFFILIATED_STRUCTURE;17 rue labarthe;46090;Espère;2.step.liife@gmail.com;0638646776;;44.5102379;1.3762512;;;;https://www.ffdanse.fr/structures/5826-association-de-breakdance;5826-association-de-breakdance
association de danse;affiliated;AFFILIATED_STRUCTURE;E21 rue des cavaliers, Chez Mme Dessommes, 97310;97310;Kourou;martine.dessommes973@orange.fr;0694451745;;5.1635274;-52.6479808;2026;Bachata | Kizomba | Latines | Rock | Salsa | Societe | Standards | West Coast Swing;Bachata | Kizomba | Danses latines | Rock'n'roll | Salsa | Danses de salon | Danses standards | West Coast Swing;https://www.ffdanse.fr/structures/5969-association-de-danse;5969-association-de-danse
Association de danse de Fontenay;affiliated;AFFILIATED_STRUCTURE;40 RUE ST MICHEL;76290;FONTENAY;assodansefontenay@hotmail.fr;0602221015;;49.5625696;0.1835042;2026;Africaine | Contemporain | Eveil à la Danse | Hip Hop | Jazz | Zumba | Classique;Danses ethniques | Ateliers de création | Contemporain | Danses hip-hop | Modern jazz | Jazz | Zumba | Classique;https://www.ffdanse.fr/structures/1535-association-de-danse-de-fontenay;1535-association-de-danse-de-fontenay
Association de danse de Jugon;affiliated;AFFILIATED_STRUCTURE;Mairie;22270;Jugon les lacs;dansejugon@gmail.com;0676897031;;48.3842599;-2.3287861;2026;Classique | Hip Hop | Jazz;Classique | Danses hip-hop | Modern jazz | Jazz;https://www.ffdanse.fr/structures/4929-association-de-danse-de-jugon;4929-association-de-danse-de-jugon
Association de danse de Langogne L.A Danse;recently_disaffiliated;UNAFFILIATED_STRUCTURE;Mairie;48300;Langogne;la.danse48@gmail.com;0670771234;http://la-danse.wix.com/la-danse-langogne;44.7271215;3.8550141;;;;https://www.ffdanse.fr/structures/3410-association-de-danse-de-langogne-l-a-danse;3410-association-de-danse-de-langogne-l-a-danse
ASSOCIATION DE DANSE DE MONTATAIRE;affiliated;AFFILIATED_STRUCTURE;5 Route de Cramoisy;60160;MONTATAIRE;adm60160@gmail.com;0689639265;;49.259076;2.40879;2026;Jazz | Ragga | Street Dance | Afro-caribéennes | Afro-contemporaine | Eveil à la Danse | Hip Hop;Modern jazz | Jazz | Danses hip-hop | Danses ethniques | Afro-jazz;https://www.ffdanse.fr/structures/3328-association-de-danse-de-montataire;3328-association-de-danse-de-montataire
Association de danse Donkela;affiliated;AFFILIATED_STRUCTURE;Rue de la croix rose, Mairie;31670;Labege;contact.donkela@gmail.com;0695370920;www.donkela.fr;43.5308463;1.5300808;2026;Autres Danses | Eveil à la Danse | Hip Hop | Ragga;Danses hip-hop;https://www.ffdanse.fr/structures/3546-association-de-danse-donkela;3546-association-de-danse-donkela
Association de Danse en Pays d'Aigues;affiliated;AFFILIATED_STRUCTURE;44 La Chevalière;84530;Villelaure;adepadanse@gmail.com;0640495249;;43.7076919;5.4362019;2026;Dix Danses | Latines | Standards;Danses latines | Danses standards;https://www.ffdanse.fr/structures/3123-association-de-danse-en-pays-d-aigues;3123-association-de-danse-en-pays-d-aigues
Association de Danse et d'Arts Gestuels Educatifs;affiliated;AFFILIATED_STRUCTURE;Place du Général de Gaulle, Mairie de Limours;91470;LIMOURS;adage.limours@gmail.com;0675524019;www.adage-Limours.fr;48.6457534;2.0768078;2026;Classique | Eveil à la Danse | Hip Hop | Jazz | Zumba;Classique | Danses hip-hop | Modern jazz | Jazz | Zumba;https://www.ffdanse.fr/structures/1852-association-de-danse-et-d-arts-gestuels-educatifs;1852-association-de-danse-et-d-arts-gestuels-educatifs
ASSOCIATION DE DANSE TERPSICHORE;affiliated;AFFILIATED_STRUCTURE;51 CHEMIN DU MAS DE PEYRON;13630;EYRAGUES;association.terpsichore@orange.fr;0698577924;;43.845972;4.821805;2026;Contemporain | Eveil à la Danse | Jazz;Ateliers de création | Contemporain | Modern jazz | Jazz;https://www.ffdanse.fr/structures/3944-association-de-danse-terpsichore;3944-association-de-danse-terpsichore
Association de l’école de danse le Quesnoy;affiliated;AFFILIATED_STRUCTURE;Rue juhel centre Lowendal;59530;Le quesnoy;ecolededanselequesnoy@gmail.com;0623567883;;50.2496765;3.6387116;2026;Barre au Sol | Classique | Contemporain | Eveil à la Danse | Folklorique | Jazz;Barre au sol classique | Barre au sol contemporaine | Classique | Ateliers de création | Contemporain | Danses traditionnelles | Modern jazz | Jazz;https://www.ffdanse.fr/structures/6246-association-de-l-ecole-de-danse-le-quesnoy;6246-association-de-l-ecole-de-danse-le-quesnoy
ASSOCIATION DERNIERE MINUTE;affiliated;AFFILIATED_STRUCTURE;24 route de kergleuhan;29910;tregunc;juliesilly@yahoo.fr;0631826383;;47.8514268;-3.8415475;2026;Jazz;Modern jazz | Jazz;https://www.ffdanse.fr/structures/2540-association-derniere-minute;2540-association-derniere-minute
Association des 1001 Danses;affiliated;AFFILIATED_STRUCTURE;Maison pour Tous, 6 quai du Plessis;56300;Pontivy;asso1001danses56@gmail.com;0679333844;www.asso1001danses.fr;48.0646847;-2.970056;2026;Bachata | Breaking | Claquettes | Eveil à la Danse | Hip Hop | Jazz | Orientale | Regards chorégraphiques | Rock'n'Roll | Salsa | Societe;Bachata | Breaking | Claquettes | Danses hip-hop | Modern jazz | Jazz | Danses ethniques | Ateliers de création | Contemporain | Rock'n'roll | Salsa | Danses de salon;https://www.ffdanse.fr/structures/2512-association-des-1001-danses;2512-association-des-1001-danses
ASSOCIATION DES ARTISTES DE CABARET (ADAC);affiliated;AFFILIATED_STRUCTURE;2 chemin de la cours Jort;14170;Jort;adac.cabaret.14@gmail.com;0631742861;;48.9677332;-0.0821124;2026;Cabaret | Classique | Contemporain | Eveil à la Danse | Jazz | Regards chorégraphiques;Cabaret | Classique | Ateliers de création | Contemporain | Modern jazz | Jazz;https://www.ffdanse.fr/structures/4890-association-des-artistes-de-cabaret-adac;4890-association-des-artistes-de-cabaret-adac
ASSOCIATION DES RYTHMES URBAINS;affiliated;AFFILIATED_STRUCTURE;18 ALLEE DES JACQUIERS LA BRETAGNE;97490;SAINTE CLOTILDE;aru.bretagne@gmail.com;0692501691;;-20.9099491;55.4956111;2026;Breaking | Hip Hop | House | Krump | Locking | New Style | Poping | Ragga | Street Dance;Breaking | Danses hip-hop;https://www.ffdanse.fr/structures/4530-association-des-rythmes-urbains;4530-association-des-rythmes-urbains
association Deux Temps Trois Mouvements;affiliated;AFFILIATED_STRUCTURE;3 av De Guibourg;56800;Ploërmel;2temps3mouvements@orange.fr;0783158660;;47.9292644;-2.4003204;2026;Lindy Hop | Rock'n'Roll | Salsa | Societe;Lindy hop | Rock'n'roll | Salsa | Danses de salon;https://www.ffdanse.fr/structures/2223-association-deux-temps-trois-mouvements;2223-association-deux-temps-trois-mouvements
Association déis danse Lille;affiliated;AFFILIATED_STRUCTURE;14 rue de lille;59390;lannoy;deisdanse@free.fr;0611261743;;50.6663391;3.2088669;2026;Dix Danses | Latines | Societe | Standards;Danses latines | Danses standards | Danses de salon;https://www.ffdanse.fr/structures/1156-association-deis-danse-lille;1156-association-deis-danse-lille
Association d’Aire et Danses;affiliated;AFFILIATED_STRUCTURE;13 rue Henry Potez;40800;AIRE SUR L'ADOUR;associationaireetdanses@gmail.com;0689304596;;43.7088139;-0.2595233;2026;Classique | Contemporain | Jazz | Orientale | Pilates | Zumba;Classique | Ateliers de création | Contemporain | Modern jazz | Jazz | Danses ethniques | Zumba;https://www.ffdanse.fr/structures/885-association-d-aire-et-danses;885-association-d-aire-et-danses
Association EBENBAO;affiliated;AFFILIATED_STRUCTURE;12 avenue Augustin MALROUX, Maison de la musique;81500;LAVAUR;ebenbao@gmail.com;0688800031;www.ebenbao.com;43.7022491;1.8194538;2026;Africaine | Afro-contemporaine | Contemporain | Regards chorégraphiques;Danses ethniques | Afro-jazz | Ateliers de création | Contemporain;https://www.ffdanse.fr/structures/3643-association-ebenbao;3643-association-ebenbao
association ecstatic dance la rochelle;affiliated;AFFILIATED_STRUCTURE;15 rue jean baptise charcot, apt 2;17000;La rochelle;leslie.charrier@gmail.com;0650959000;www.ecstaticdance-larochelle.com;46.1410022;-1.1427396;2026;Danse Inclusive | Danses Solo | Transversal;;https://www.ffdanse.fr/structures/5863-association-ecstatic-dance-la-rochelle;5863-association-ecstatic-dance-la-rochelle
Association Eleftheria;affiliated;AFFILIATED_STRUCTURE;2 rue de Pavigny, Centre Social;39000;Lons-Le-Saunier;association.eleftheria@gmail.com;0609325007;association-eleftheria.fr;46.670581;5.561457;2026;Autres Danses | Autres Danses Du Monde | Barre au Sol | Bollywood | Cabaret | Comedie Musicale | Contemporain | Danse Show | Danses Solo | Disco | Eveil à la Danse | Flamenco | House | Indienne | Jazz | Krump | Locking | New Style | Poping | Ragga | Regards chorégraphiques | Societe | Street Dance | Tango Argentin;Danses ethniques | Barre au sol classique | Barre au sol contemporaine | Cabaret | Comédie musicale | Ateliers de création | Contemporain | Disco | Flamenco | Danses hip-hop | Modern jazz | Jazz | Danses de salon | Tango argentin;https://www.ffdanse.fr/structures/5229-association-eleftheria;5229-association-eleftheria
Association Ellédanse;affiliated;AFFILIATED_STRUCTURE;5 rue de tambour;51100;REIMS;associationelledanse@gmail.com;0675771038;www.eleganciadanse-reims.fr;49.2568955;4.0332141;2026;Bachata | Barre au Sol | Cabaret | Danses Solo | Salsa | Street Dance;Bachata | Barre au sol classique | Barre au sol contemporaine | Cabaret | Salsa | Danses hip-hop;https://www.ffdanse.fr/structures/5806-association-elledanse;5806-association-elledanse
Association En Corps;affiliated;AFFILIATED_STRUCTURE;609 Route de Bourda;97300;Cayenne;encorpsguyane@gmail.com;0694241337;;4.936329;-52.2860159;2026;Bollywood | Contemporain | Danse Inclusive | Eveil à la Danse | Flamenco | Indienne | Pilates;Danses ethniques | Ateliers de création | Contemporain | Flamenco;https://www.ffdanse.fr/structures/6000-association-en-corps;6000-association-en-corps
Association Evidanse;affiliated;AFFILIATED_STRUCTURE;11 rue de la fabrique;59730;solesmes;julie.delsart.canonne@live.fr;0631998514;;50.1865043;3.4906331;2026;Autres Danses | Contemporain | Danses Solo | Zumba;Ateliers de création | Contemporain | Zumba;https://www.ffdanse.fr/structures/4957-association-evidanse;4957-association-evidanse
Association Evidanse;affiliated;AFFILIATED_STRUCTURE;3 rue de l'église;60870;BRENOUILLE;evidanse60@gmail.com;0621050067;;49.304491;2.541784;2026;Classique | Contemporain | Eveil à la Danse | Hip Hop | Jazz | Latines | Street Dance | Zumba;Classique | Ateliers de création | Contemporain | Danses hip-hop | Modern jazz | Jazz | Danses latines | Zumba;https://www.ffdanse.fr/structures/1177-association-evidanse;1177-association-evidanse
ASSOCIATION EVIDANSE;affiliated;AFFILIATED_STRUCTURE;74 RUE GENERAL DE GAULLE;60180;NOGENT SUR OISE;evidanse2018@gmail.com;0621050067;;49.2755088;2.4667782;2026;Classique | Contemporain | Eveil à la Danse | Hip Hop | Jazz | Regards chorégraphiques | Zumba;Classique | Ateliers de création | Contemporain | Danses hip-hop | Modern jazz | Jazz | Zumba;https://www.ffdanse.fr/structures/2747-association-evidanse;2747-association-evidanse
Association Evi’danse;affiliated;AFFILIATED_STRUCTURE;31 rue d’Altwiller;67260;Bissert;lisa-behr@hotmail.fr;0632968126;;48.9404366;7.0196504;2026;Autres Danses | Eveil à la Danse | Jazz | Latines | OLD : Salsa, Bachata, Kizomba | Transversal;Modern jazz | Jazz | Danses latines | Salsa | Bachata;https://www.ffdanse.fr/structures/4041-association-evi-danse;4041-association-evi-danse
Association EVOLUTION;recently_disaffiliated;UNAFFILIATED_STRUCTURE;280 Chemin de Labinal;82370;Labastide Saint Pierre;asso.evolution82@gmail.com;0626032897;;43.9156641;1.3691705;;;;https://www.ffdanse.fr/structures/5955-association-evolution;5955-association-evolution
ASSOCIATION EXPRESSION DANSE SPORTIVE;affiliated;AFFILIATED_STRUCTURE;Allée de Pinarello, cidex 120;06330;ROQUEFORT LES PINS;association.olga.expression@gmail.com;0615372127;https://www.olga-expression.fr/;43.6856152;7.0372969;2026;Danse en solo Latine | Danse en solo Standard | Dix Danses | Latines | Solo Team Lat / Std | Standards;Danses latines | Danses standards;https://www.ffdanse.fr/structures/4593-association-expression-danse-sportive;4593-association-expression-danse-sportive
Association Familiale Villenavaise;affiliated;AFFILIATED_STRUCTURE;3 rue Georges Duhamel;33140;VILLENAVE D ORNON;afv33140@gmail.com;0769428726;;44.771055;-0.5404248;2026;Breaking | Hip Hop | Jazz;Breaking | Danses hip-hop | Modern jazz | Jazz;https://www.ffdanse.fr/structures/4139-association-familiale-villenavaise;4139-association-familiale-villenavaise
ASSOCIATION FAMILLES RURALES CLUB DE L'AMITIE DE SALIGNY;affiliated;AFFILIATED_STRUCTURE;6 RUE DE LA CROIX AUX PAGES, MAIRIE;85170;BELLEVIGNY;clubamitie85170@gmail.com;0757427774;;46.8059159;-1.4261392;2026;Autres Danses | Disco | Societe;Disco | Danses de salon;https://www.ffdanse.fr/structures/3202-association-familles-rurales-club-de-l-amitie-de-saligny;3202-association-familles-rurales-club-de-l-amitie-de-saligny
Association Fashion Dance;recently_disaffiliated;UNAFFILIATED_STRUCTURE;2 a rue jean jaures;59146;pecquencourt;associationfashiondance@gmail.com;0633380442;;50.3781056;3.2116918;;;;https://www.ffdanse.fr/structures/4797-association-fashion-dance;4797-association-fashion-dance
ASSOCIATION G'DANSE;affiliated;AFFILIATED_STRUCTURE;2 lieu dit La Treille;86250;CHATAIN;assogdanse@yahoo.com;0688928210;;43.314902;5.5106207;2026;Comedie Musicale | Jazz;Comédie musicale | Modern jazz | Jazz;https://www.ffdanse.fr/structures/6250-association-g-danse;6250-association-g-danse
Association Gardéenne Entrez dans la danse;affiliated;AFFILIATED_STRUCTURE;case n 3 maison des associations 95 rue  Marc Delage;83130;La Garde;rovella_roland@hotmail.fr;0612242500;;43.1249937;6.0077916;2026;Societe;Danses de salon;https://www.ffdanse.fr/structures/1712-association-gardeenne-entrez-dans-la-danse;1712-association-gardeenne-entrez-dans-la-danse
ASSOCIATION HIP HIP HOP;recently_disaffiliated;UNAFFILIATED_STRUCTURE;1 PLACE DU DUCHE;30700;UZES;hiphiphop.uzes@gmail.com;0616440871;http://www.hiphiphopadilgard.fr;44.0133193;4.4202787;;;;https://www.ffdanse.fr/structures/4712-association-hip-hip-hop;4712-association-hip-hip-hop
ASSOCIATION HOP ! ON DANSE;recently_disaffiliated;UNAFFILIATED_STRUCTURE;Mairie,  2 place Gambetta;37210;NOIZAY;hop.ondanse37@gmail.com;0603324591;;47.4213583;0.8918119;;;;https://www.ffdanse.fr/structures/4483-association-hop-on-danse;4483-association-hop-on-danse
Association Influences;affiliated;AFFILIATED_STRUCTURE;31 BD NUNGESSER ET COLI;66000;PERPIGNAN;influences66@gmail.com;0671238268;www.cie-influences.fr;42.6868738;2.8877762;2026;Hip Hop;Danses hip-hop;https://www.ffdanse.fr/structures/2303-association-influences;2303-association-influences
Association Irène Popard de la région PACA;recently_disaffiliated;UNAFFILIATED_STRUCTURE;18, chemin des Flouns;83170;Tourves;isabelle.triomphe@wanadoo.fr;0494720196;http://uncorpsenharmonie.fr/;43.415934;5.922128;;;;https://www.ffdanse.fr/structures/2225-association-irene-popard-de-la-region-paca;2225-association-irene-popard-de-la-region-paca
Association jade;affiliated;AFFILIATED_STRUCTURE;23 Bd Beethoven;78280;Guyancourt;associationjade.guyancourt@gmail.com;06 03 65 05 96;Jadedanseguyancourt.com;48.7735858;2.0532903;2026;Africaine | Afro-contemporaine | Barre au Sol | Breaking | Eveil à la Danse | Hip Hop | House | Jazz | Locking | New Style | Poping | Ragga | Regards chorégraphiques;Danses ethniques | Afro-jazz | Barre au sol classique | Barre au sol contemporaine | Breaking | Danses hip-hop | Modern jazz | Jazz | Ateliers de création | Contemporain;https://www.ffdanse.fr/structures/3420-association-jade;3420-association-jade
Association Jazzclaq;affiliated;AFFILIATED_STRUCTURE;MAISON DE QUARTIER DE NETREVILLE, 12 rue Duguay Trouin;27000;EVREUX;association@jazzclaq.fr;0623827952;;49.0256508;1.1738789;2026;Claquettes | Jazz;Claquettes | Modern jazz | Jazz;https://www.ffdanse.fr/structures/504-association-jazzclaq;504-association-jazzclaq
Association JKAYZ;affiliated;AFFILIATED_STRUCTURE;69, rue de la république, FROMOND;93230;Romainville;jkayz.off@gmail.com;0760994186;;48.881247;2.438703;2026;Hip Hop | New Style | Poping;Danses hip-hop;https://www.ffdanse.fr/structures/6258-association-jkayz;6258-association-jkayz
Association K-Dance;affiliated;AFFILIATED_STRUCTURE;46 rue de l'église;59271;Viesly;meresserodriguez@gmail.com;0768468440;;50.1520054;3.4685407;2026;Africaine | Autres Danses | Autres Danses Du Monde | Bollywood | Cabaret | Comedie Musicale | Danse Historique | Danse Show | Disco | Jazz | Orientale | Tango Argentin;Danses ethniques | Cabaret | Comédie musicale | Danse historique | Disco | Modern jazz | Jazz | Tango argentin;https://www.ffdanse.fr/structures/4074-association-k-dance;4074-association-k-dance
Association K-DANSE;affiliated;AFFILIATED_STRUCTURE;21 rue Victor Commont;80100;ABBEVILLE;association-kdanse@outlook.com;0679359507;;50.118283;1.8165964;2026;Classique | Eveil à la Danse | Jazz;Classique | Modern jazz | Jazz;https://www.ffdanse.fr/structures/4135-association-k-danse;4135-association-k-danse
Association K-Danse;affiliated;AFFILIATED_STRUCTURE;Impasse du Devais;01480;Jassans Riottier;kdanse.jassans@gmail.com;0659575388;kdanse-association.fr;45.9741741;4.7577957;2026;Breaking;Breaking;https://www.ffdanse.fr/structures/6245-association-k-danse;6245-association-k-danse
Association L'EvaZion;affiliated;AFFILIATED_STRUCTURE;21 Parc aux Fermettes;95270;BELLOY EN FRANCE;asso.levazion@gmail.com;0682119346;;49.0900439;2.3704487;2026;Zumba;Zumba;https://www.ffdanse.fr/structures/2674-association-l-evazion;2674-association-l-evazion
Association La Noue Rousseau;affiliated;AFFILIATED_STRUCTURE;Place du 8 mai 1945, Espace Michel Berger, Mairie;91220;Plessis Pathé;secretariat.lanoue@gmail.com;0783058020;https://lanouerousseau.fr;48.6123324;2.3251282;2026;Rock'n'Roll | Salsa;Rock'n'roll | Salsa;https://www.ffdanse.fr/structures/4905-association-la-noue-rousseau;4905-association-la-noue-rousseau
Association LEADING;affiliated;AFFILIATED_STRUCTURE;143 Rue Jean JAURES;94800;villejuif;association.leading@gmail.com;0609573277;;48.7899061;2.3669747;2026;Latines | Rock | Societe | Standards;Danses latines | Rock'n'roll | Danses de salon | Danses standards;https://www.ffdanse.fr/structures/6371-association-leading;6371-association-leading
ASSOCIATION LEZ’ARTS JOYEUX;affiliated;AFFILIATED_STRUCTURE;Mairie, Place de la Mairie;29670;TAULE;JJ_hamon@hotmail.com;0661120757;;48.5970712;-3.9333447;2026;Autres Danses | Bachata | Disco | Eveil à la Danse | Latines | Rock'n'Roll | Salsa | Societe | Standards;Bachata | Disco | Danses latines | Rock'n'roll | Salsa | Danses de salon | Danses standards;https://www.ffdanse.fr/structures/4616-association-lez-arts-joyeux;4616-association-lez-arts-joyeux
Association LM la Danse;affiliated;AFFILIATED_STRUCTURE;1, rue de l'école;67120;DUTTLENHEIM;lmladanseladansepourtous@gmail.com;06 38 48 45 41;;48.524501;7.565599;2026;Contemporain | Jazz;Ateliers de création | Contemporain | Modern jazz | Jazz;https://www.ffdanse.fr/structures/6091-association-lm-la-danse;6091-association-lm-la-danse
Association Loisirs Danse;affiliated;AFFILIATED_STRUCTURE;10 RUE DE CAMBONY, 56130;56130;ST DOLAY;associationloisirsdanse@yahoo.fr;06 83 84 76 79;www.loisirsdanse.fr;47.548673;-2.1614276;2026;Contemporain | Jazz;Ateliers de création | Contemporain | Modern jazz | Jazz;https://www.ffdanse.fr/structures/4422-association-loisirs-danse;4422-association-loisirs-danse
ASSOCIATION M'Bella DANSE;affiliated;AFFILIATED_STRUCTURE;20 rue du bosquet;66400;CERET;ingrid.morato@orange.fr;0622090161;;42.4852129;2.7616892;2026;Breaking | Classique | Contemporain | Eveil à la Danse | Hip Hop;Breaking | Classique | Ateliers de création | Contemporain | Danses hip-hop;https://www.ffdanse.fr/structures/4155-association-m-bella-danse;4155-association-m-bella-danse
ASSOCIATION MAIT'EAM DANSE;affiliated;AFFILIATED_STRUCTURE;4 A rue du laquet;17290;AIGREFEUILLE D AUNIS - AIGREFEUILLE D AUNIS;assomaiteamdanse@hotmail.com;0651529935;;46.1134879;-0.927276;2026;Classique | Jazz | Latines;Classique | Modern jazz | Jazz | Danses latines;https://www.ffdanse.fr/structures/3357-association-mait-eam-danse;3357-association-mait-eam-danse
ASSOCIATION MARIPOSA;affiliated;AFFILIATED_STRUCTURE;7 rue Henri IV;64510;BORDES;mariposadanse@gmail.com;0768746807;https://carlacubizolles64.wixsite.com/mariposa;43.2431648;-0.2844013;2026;Flamenco | Folklorique | OLD : Salsa, Bachata, Kizomba;Flamenco | Danses traditionnelles | Salsa | Bachata;https://www.ffdanse.fr/structures/5415-association-mariposa;5415-association-mariposa
Association MOUVEMENT ALB;affiliated;AFFILIATED_STRUCTURE;16 Rue Maurice Barroin;03800;GANNAT;mouvementalb@gmail.com;0784834295;https://mouvementalb.fr/;46.1037131;3.1855903;2026;Jazz | Street Dance | Classique;Modern jazz | Jazz | Danses hip-hop | Classique;https://www.ffdanse.fr/structures/6157-association-mouvement-alb;6157-association-mouvement-alb
Association Musique Chant Danse Lumière Passion;affiliated;AFFILIATED_STRUCTURE;4 chemin des lavandes, LOT RIPOTIER;07200;AUBENAS;patrick.mialon2712@gmail.com;0475352910;https://www.aubenasdanse-mcdlp.info;44.6093391;4.4020869;2026;Autres Danses | Bachata | Dix Danses | Hip Hop | Latines | Latino Caraibes | Rock et DA | Salsa | Societe | Solo Team Lat / Std | Standards | Zumba;Bachata | Danses latines | Danses standards | Danses hip-hop | Danses latino-caraïbes | Rock sauté | Salsa | Danses de salon | Zumba;https://www.ffdanse.fr/structures/194-association-musique-chant-danse-lumiere-passion;194-association-musique-chant-danse-lumiere-passion
ASSOCIATION NGAMB'ART;affiliated;AFFILIATED_STRUCTURE;9 Rue Louis Blanc;75010;PARIS;ngamb-art@orange.fr;0142032645;https://www.ngambart-cie.com/;48.8788003;2.3690219;2026;Africaine | Afro-caribéennes | Bachata | Bachata Team Styling | Eveil à la Danse | Hip Hop | Kizomba | Latines | Pilates | Pole Dance | Ragga | Salsa | Salsa Team Couple | Salsa Team Styling | Street Dance | Zumba | Latino Caraibes;Danses ethniques | Bachata | Danses hip-hop | Kizomba | Danses latines | Pole dance | Salsa | Zumba | Danses latino-caraïbes;https://www.ffdanse.fr/structures/6230-association-ngamb-art;6230-association-ngamb-art
ASSOCIATION ODYNEO POLE OUVERT;affiliated;AFFILIATED_STRUCTURE;1 CHEMIN DU FORT;69130;ECULLY;saj.ecully@odyneo.fr;0472171000;;45.7858918;4.7868367;2026;Autres Danses Du Monde | Contemporain | Danse Inclusive | Danse Show | Jazz groupe | Regards chorégraphiques;Danses ethniques | Ateliers de création | Contemporain | Disco;https://www.ffdanse.fr/structures/6311-association-odyneo-pole-ouvert;6311-association-odyneo-pole-ouvert
ASSOCIATION OISSERY DANSE;recently_disaffiliated;UNAFFILIATED_STRUCTURE;PLACE B BONNEVILLE, MAIRIE DE OISSERY;77178;OISSERY;oissery.danse@gmail.com;06 63 36 30 96;;49.071245;2.8189639;;;;https://www.ffdanse.fr/structures/4782-association-oissery-danse;4782-association-oissery-danse
ASSOCIATION OISY DANSE;affiliated;AFFILIATED_STRUCTURE;2 RUE EUGENE MOMAL;62860;Oisy-le-verger;maloetfred@nordnet.fr;0630488235;;50.2519209;3.1170965;2026;Country And Line;Country & line;https://www.ffdanse.fr/structures/4564-association-oisy-danse;4564-association-oisy-danse
Association one-one;recently_disaffiliated;UNAFFILIATED_STRUCTURE;13 rue Gabriel Fauré, Bâtiment Notre-Dame;11000;CARCASSONNE;contact@one-one.net;0609926343;www.one-one.net;43.2069763;2.3781419;2026;Breaking;Breaking;https://www.ffdanse.fr/structures/3142-association-one-one;3142-association-one-one
Association Pas de Bourrée;affiliated;AFFILIATED_STRUCTURE;116 ter rue Joseph Hubert;97435;LA SALINE;moonlight.reunion974@gmail.com;0692391682;https://www.facebook.com/danseenlune;-21.0520305;55.267425;2026;Barre au Sol | Cabaret | Classique | Contemporain | Eveil à la Danse | Hip Hop | Jazz | Latines | Street Dance;Barre au sol classique | Barre au sol contemporaine | Cabaret | Classique | Ateliers de création | Contemporain | Danses hip-hop | Modern jazz | Jazz | Danses latines;https://www.ffdanse.fr/structures/4397-association-pas-de-bourree;4397-association-pas-de-bourree
Association Pas à Pas;affiliated;AFFILIATED_STRUCTURE;11 place de la Victoire;63120;COURPIERE;sophie.hosmalin@wanadoo.fr;473531470;;45.7536629;3.5384411;2026;Jazz;Modern jazz | Jazz;https://www.ffdanse.fr/structures/1239-association-pas-a-pas;1239-association-pas-a-pas
Association Pointes et Demi-Pointes;affiliated;AFFILIATED_STRUCTURE;Rue de la Marne;30340;Salindres;assdemipointes@yahoo.com;0651929545;;44.1729006;4.1586066;2026;Classique | Contemporain;Classique | Ateliers de création | Contemporain;https://www.ffdanse.fr/structures/6345-association-pointes-et-demi-pointes;6345-association-pointes-et-demi-pointes
ASSOCIATION POINTES ET ENTRECHATS;affiliated;AFFILIATED_STRUCTURE;3 rue des Etangs Baguettes;88200;REMIREMONT;pointesetentrechats@gmail.com;0613320190;;48.011642;6.5801543;2026;Classique | Contemporain | Eveil à la Danse | Jazz;Classique | Ateliers de création | Contemporain | Modern jazz | Jazz;https://www.ffdanse.fr/structures/6288-association-pointes-et-entrechats;6288-association-pointes-et-entrechats
ASSOCIATION POLE DANCE BEZIERS;affiliated;AFFILIATED_STRUCTURE;40 rue felix nadar;34500;beziers;asso.poledance.beziers@gmail.com;0685171454;;43.3685764;3.2210331;2026;Danse aérienne | Pole Dance;Danses aériennes | Pole dance;https://www.ffdanse.fr/structures/5626-association-pole-dance-beziers;5626-association-pole-dance-beziers
ASSOCIATION POPS;recently_disaffiliated;UNAFFILIATED_STRUCTURE;105 rue d’endoume;13007;Marseille;assoc.pops@gmail.com;0777700515;;43.2869125;5.3641028;;;;https://www.ffdanse.fr/structures/6042-association-pops;6042-association-pops
Association Safe by danse;affiliated;AFFILIATED_STRUCTURE;Maison des société square Grimma Boîte 81, Bron;69500;Bron;safebydanse@gmail.com;0630734352;https://www.instagram.com/sam_safebydanse?igsh=bHNyMW91MHJleG85&utm_source=qr;43.9264401;1.9881527;2026;Africaine | Hip Hop | House | Locking | New Style;Danses ethniques | Danses hip-hop;https://www.ffdanse.fr/structures/6020-association-safe-by-danse;6020-association-safe-by-danse
Association Shalika;recently_disaffiliated;UNAFFILIATED_STRUCTURE;27 rue des vignes;77450;esbly;shalika.rajakaruna81@gmail.com;0601263816;;48.9078323;2.8122432;;;;https://www.ffdanse.fr/structures/2275-association-shalika;2275-association-shalika
Association Shaya Dance;affiliated;AFFILIATED_STRUCTURE;82 B avenue du colonel Noël;04000;Dgne-les-Bains;laura@shayadance.fr;0749167107;www.shayadance.fr;44.0799162;6.1926139;2026;Africaine | Bachata | Bollywood | Contemporain | Danse aérienne | Danses Solo | Dix Danses | Eveil à la Danse | Flamenco | Indienne | Jazz | Latines | Orientale | Salsa | Standards | Tango Argentin | Afro-contemporaine | Danse Inclusive;Danses ethniques | Bachata | Ateliers de création | Contemporain | Danses aériennes | Danses latines | Danses standards | Flamenco | Modern jazz | Jazz | Salsa | Tango argentin | Afro-jazz;https://www.ffdanse.fr/structures/3788-association-shaya-dance;3788-association-shaya-dance
Association Solo-Duo;affiliated;AFFILIATED_STRUCTURE;Hôtel de Ville, Place Emile GUERET;22590;PORDIC;jacques.lelouarn@wanadoo.fr;0648055487;www.soloduo22.com;48.56946;-2.8178519;2026;Autres Danses | Country And Line | Danses Solo | Latines | OLD : Salsa, Bachata, Kizomba | Rock et DA | Rock'n'Roll | Societe | Standards | Tango Argentin | West Coast Swing;Country & line | Danses latines | Salsa | Bachata | Rock sauté | Rock'n'roll | Danses de salon | Danses standards | Tango argentin | West Coast Swing;https://www.ffdanse.fr/structures/425-association-solo-duo;425-association-solo-duo
Association sportive Alfred Mauguin;affiliated;AFFILIATED_STRUCTURE;Avenue du maréchal juin;33170;Gradignan;stephlauronce@yahoo.com;0686170913;;44.7733173;-0.5967983;2026;Contemporain;Ateliers de création | Contemporain;https://www.ffdanse.fr/structures/6278-association-sportive-alfred-mauguin;6278-association-sportive-alfred-mauguin
Association sportive collège Lou Castellas;affiliated;AFFILIATED_STRUCTURE;17 faubourg notre dame, Collège Lou castellas, BP60;83210;Sollies pont;christophe.chatelain83@orange.fr;0607714231;;43.1913228;6.0454336;2026;Breaking | Contemporain | Hip Hop | Jazz | Jazz groupe;Breaking | Ateliers de création | Contemporain | Danses hip-hop | Modern jazz | Jazz;https://www.ffdanse.fr/structures/6316-association-sportive-college-lou-castellas;6316-association-sportive-college-lou-castellas
Association Sportive du lycée les Fontenelles;recently_disaffiliated;UNAFFILIATED_STRUCTURE;Chemin des Fontenelles, 27400;27400;Louviers;natacha.estivie@ac-normandie.fr;0232409260;;49.209494;1.155808;;;;https://www.ffdanse.fr/structures/6018-association-sportive-du-lycee-les-fontenelles;6018-association-sportive-du-lycee-les-fontenelles
Association Sportive et Culturelle de Beauvoir Sur Mer (ASCB°;affiliated;AFFILIATED_STRUCTURE;Place de l'Hôtel de Ville;85230;Beauvoir Sur Mer;richarannabelle@free.fr;0642434646;;46.9146799;-2.0413388;2026;Jazz;Modern jazz | Jazz;https://www.ffdanse.fr/structures/4067-association-sportive-et-culturelle-de-beauvoir-sur-mer-ascb0;4067-association-sportive-et-culturelle-de-beauvoir-sur-mer-ascb0
Association sportive et gymnique de Bagnolet;affiliated;AFFILIATED_STRUCTURE;172 rue sadi carnot;93170;Bagnolet;asgbstretching3@gmail.com;0143629911;Asgbagnolet93.com/activites/stretching;48.8747426;2.4231997;2026;Regards chorégraphiques;Ateliers de création | Contemporain;https://www.ffdanse.fr/structures/5856-association-sportive-et-gymnique-de-bagnolet;5856-association-sportive-et-gymnique-de-bagnolet
Association Sportive Porcelette;affiliated;AFFILIATED_STRUCTURE;9 rue de la Tuilerie;57890;PORCELETTE;aspdanse@orange.fr;0611642720;;49.1532468;6.6549129;2026;Jazz;Modern jazz | Jazz;https://www.ffdanse.fr/structures/1087-association-sportive-porcelette;1087-association-sportive-porcelette
ASSOCIATION STEP AND DANCE OVER THE GAME (S-DOG);recently_disaffiliated;UNAFFILIATED_STRUCTURE;2 ALLEE DU COLONEL FABIEN, LES FOLIES - Pav.2;33310;LORMONT;teamsdog23@gmail.com;0651305827;www.asso-sdog.com;44.8762158;-0.5211432;;;;https://www.ffdanse.fr/structures/5908-association-step-and-dance-over-the-game-s-dog;5908-association-step-and-dance-over-the-game-s-dog
association studio 7 Saint Etienne;affiliated;AFFILIATED_STRUCTURE;29 rue elise reclus 42000 saint etienne;42000;saint etienne;priscillia.s7dc@gmail.com;0662546676;;45.4385123;4.3832453;2026;Breaking | Danse Show | Danses Solo | Hip Hop | House | Krump | Locking | New Style | Poping | Street Dance;Breaking | Disco | Danses hip-hop;https://www.ffdanse.fr/structures/5435-association-studio-7-saint-etienne;5435-association-studio-7-saint-etienne
Association Studio 9;affiliated;AFFILIATED_STRUCTURE;15 TER rue Pierre Mendes France;59261;Wahagnies;associationstudio9@gmail.com;06.50.44.02.26;;50.486398;3.03574;2026;Autres Danses;;https://www.ffdanse.fr/structures/6312-association-studio-9;6312-association-studio-9
Association Style Et Technik;recently_disaffiliated;UNAFFILIATED_STRUCTURE;C/O Les Ateliers Intermédiaires 15 Bis Rue Dumont D'Urville;14000;CAEN;association.snt@gmail.com;0659842566;https://snt-crew.com;49.1834893;-0.3482688;;;;https://www.ffdanse.fr/structures/3863-association-style-et-technik;3863-association-style-et-technik
Association Temps danse;affiliated;AFFILIATED_STRUCTURE;Mairie du Mesnil Esnard 1 PLACE DU GENERAL DE GAULLE - CS 40003;76240;MESNIL ESNARD;assotempsdanse76@gmail.com;0608116341;;49.4120621;1.1386896;2026;Africaine | Autres Danses | Classique | Contemporain | Hip Hop | Jazz | Orientale;Danses ethniques | Classique | Ateliers de création | Contemporain | Danses hip-hop | Modern jazz | Jazz;https://www.ffdanse.fr/structures/1503-association-temps-danse;1503-association-temps-danse
ASSOCIATION TEMPS DANSE L'ATELIER;recently_disaffiliated;UNAFFILIATED_STRUCTURE;9 AVENUE DU LAC;44110;CHATEAUBRIANT;asso.tempsdanse44@gmail.com;0675462531;www.tempsdanse44.com;47.6950245;-1.3847947;;;;https://www.ffdanse.fr/structures/3429-association-temps-danse-l-atelier;3429-association-temps-danse-l-atelier
Association temps danses;affiliated;AFFILIATED_STRUCTURE;180 Rue du château d'eau;34400;Lunel Viel;brigitte.poderoso@sfr.fr;0678117979;;43.6736711;4.0959315;2026;Danses Solo | Eveil à la Danse | Jazz;Modern jazz | Jazz;https://www.ffdanse.fr/structures/4275-association-temps-danses;4275-association-temps-danses
ASSOCIATION TEMPS'DANSES DES COULEURS;affiliated;AFFILIATED_STRUCTURE;1, rue du Grand Ban;55140;VAUCOULEURS;tempsdansesdescouleurs@gmail.com;0619222436;;48.6013231;5.6630853;2026;Danse Show | Eveil à la Danse | Regards chorégraphiques;Disco | Ateliers de création | Contemporain;https://www.ffdanse.fr/structures/5665-association-temps-danses-des-couleurs;5665-association-temps-danses-des-couleurs
Association Tyr'Danse;affiliated;AFFILIATED_STRUCTURE;mairie;40230;Saint Vincent de Tyrosse;tyrdanse40@gmail.com;0633239894;tyrdanse.org;43.6609316;-1.3044353;2026;Classique | Contemporain | Jazz;Classique | Ateliers de création | Contemporain | Modern jazz | Jazz;https://www.ffdanse.fr/structures/3615-association-tyr-danse;3615-association-tyr-danse
association une autre image;affiliated;AFFILIATED_STRUCTURE;5 Chemin du Passet;13016;MARSEILLE;uneautreimage13016@gmail.com;0771060227;;43.3597314;5.3321805;2026;Contemporain | Hip Hop | Jazz;Ateliers de création | Contemporain | Danses hip-hop | Modern jazz | Jazz;https://www.ffdanse.fr/structures/2278-association-une-autre-image;2278-association-une-autre-image
Association Val'&Danse;affiliated;AFFILIATED_STRUCTURE;2 Avenue le Corbusier;51470;Saint-Memmie;associationvaldanse@gmail.com;0672419773;;48.9533573;4.3825575;2026;Barre au Sol | Classique;Barre au sol classique | Barre au sol contemporaine | Classique;https://www.ffdanse.fr/structures/5216-association-val-danse;5216-association-val-danse
association Valdanse;affiliated;AFFILIATED_STRUCTURE;84 Rue du Faubourg de Paris;59300;VALENCIENNES;valdanse2@yahoo.com;0623238041;;50.3534067;3.5111978;2026;Rock'n'Roll | Salsa;Rock'n'roll | Salsa;https://www.ffdanse.fr/structures/4694-association-valdanse;4694-association-valdanse
Association Valentinoise de Danse Sportive;affiliated;AFFILIATED_STRUCTURE;86 Route de Beauvallon;26000;VALENCE;avds26000@gmail.com;0616663188;;44.8992835;4.8878378;2026;Danse en solo Latine | Danse en solo Standard | Dix Danses | Latines | Solo Team Lat / Std | Standards;Danses latines | Danses standards;https://www.ffdanse.fr/structures/471-association-valentinoise-de-danse-sportive;471-association-valentinoise-de-danse-sportive
Association varoise de danse country;affiliated;AFFILIATED_STRUCTURE;Place Rene Cassin, SMAD centre J. Collomp;83300;Draguignan;avdc.danse.country@gmail.com;0674917846;http://www.avdc-danse-country.fr;43.5376819;6.462804;2026;Country And Line | ancien nom à supprimer;Country & line;https://www.ffdanse.fr/structures/1722-association-varoise-de-danse-country;1722-association-varoise-de-danse-country
Associations Danse Variations;affiliated;AFFILIATED_STRUCTURE;14 rue de l'ancre de Marine;44850;Carquefou;danse.variations@hotmail.fr;0645744378;;47.296241;-1.486812;2026;Breaking | Jazz;Breaking | Modern jazz | Jazz;https://www.ffdanse.fr/structures/4843-associations-danse-variations;4843-associations-danse-variations
AssoMovimiento;affiliated;AFFILIATED_STRUCTURE;Place des Arts, Espace Jean Jaurès;54510;TOMBLAINE;assomovimiento@outlook.com;0617658858;www.assomovimiento.com;;;2026;Bachata | Salsa;Bachata | Salsa;https://www.ffdanse.fr/structures/3730-assomovimiento;3730-assomovimiento
Astragale;affiliated;AFFILIATED_STRUCTURE;9 rue de la Bégaudière, Maison des associations;79160;Coulonges sur l'Autize;concoursdanseastragale@gmail.com;0650230175;;46.483507;-0.5951322;2026;Contemporain;Ateliers de création | Contemporain;https://www.ffdanse.fr/structures/6355-astragale;6355-astragale
ATBKREW;recently_disaffiliated;UNAFFILIATED_STRUCTURE;2 rue Maréchal Leclerc;62137;Coulogne;ATBKREW@laposte.net;0775744585;;50.9257022;1.8618083;;;;https://www.ffdanse.fr/structures/5933-atbkrew;5933-atbkrew
Atelier chorégraphique de l'Ariège;affiliated;AFFILIATED_STRUCTURE;20 avenue du Général de Gaulle;09000;Foix;acadanse09@gmail.com;0561027376;;42.9610955;1.6093641;2026;Barre au Sol | Classique | Contemporain | Eveil à la Danse | Jazz | Regards chorégraphiques;Barre au sol classique | Barre au sol contemporaine | Classique | Ateliers de création | Contemporain | Modern jazz | Jazz;https://www.ffdanse.fr/structures/2524-atelier-choregraphique-de-l-ariege;2524-atelier-choregraphique-de-l-ariege
Atelier d'ici danse;recently_disaffiliated;UNAFFILIATED_STRUCTURE;9 allée Henri IV;31800;Saint Gaudens;atelierdicidanse31@gmail.com;0614908083;;43.1034573;0.7134338;;;;https://www.ffdanse.fr/structures/622-atelier-d-ici-danse;622-atelier-d-ici-danse
Atelier danse;affiliated;AFFILIATED_STRUCTURE;18 rue du Moulin à Vent;81800;RABASTENS;atelierdanse81@yahoo.com;0614414816;;43.8225041;1.7198585;2026;Contemporain;Ateliers de création | Contemporain;https://www.ffdanse.fr/structures/1654-atelier-danse;1654-atelier-danse
Atelier Danse;affiliated;AFFILIATED_STRUCTURE;Forum des Associations 14, place Leclerc;85400;Luçon;atelierdanse85400@hotmail.fr;0671399856;www.atelierdanselucon.com;46.454089;-1.168614;2026;Danse Inclusive | Eveil à la Danse | Hip Hop | Jazz;Danses hip-hop | Modern jazz | Jazz;https://www.ffdanse.fr/structures/1778-atelier-danse;1778-atelier-danse
Atelier Danse;affiliated;AFFILIATED_STRUCTURE;8 rue de Rudel;81000;Albi;corinne.boyer@hotmail.fr;0607364681;atelierdanse-albi.fr;43.9258308;2.1293413;2026;Claquettes | Classique | Contemporain | Hip Hop | Jazz;Claquettes | Classique | Ateliers de création | Contemporain | Danses hip-hop | Modern jazz | Jazz;https://www.ffdanse.fr/structures/2551-atelier-danse;2551-atelier-danse
Atelier Danse Création;recently_disaffiliated;UNAFFILIATED_STRUCTURE;Place de l'hôtel de ville;69550;Amplepuis;atelierdansecreation@gmail.com;0695750284;;45.9726992;4.3314855;;;;https://www.ffdanse.fr/structures/4696-atelier-danse-creation;4696-atelier-danse-creation
ATELIER DANSE DE MACON;recently_disaffiliated;UNAFFILIATED_STRUCTURE;65 avenue de la Libération;01500;AMBERIEU EN BUGEY;atelier-danse@orange.fr;0474236801;www.latelierdansedesandra.com;45.9635754;5.3360468;2026;Africaine | Bollywood | Cabaret | Comedie Musicale | Eveil à la Danse | Hip Hop | Indienne | Orientale | Zumba | Autres Danses Du Monde | Danse Show | Danses Solo | Ragga;Danses ethniques | Cabaret | Comédie musicale | Danses hip-hop | Zumba | Disco;https://www.ffdanse.fr/structures/1419-atelier-danse-de-macon;1419-atelier-danse-de-macon
Atelier Danses;affiliated;AFFILIATED_STRUCTURE;Mairie - 21 rue des Ecoles;86580;BIARD;asso-danse.biard@hotmail.fr;0664657573;wwwassodansebiard.com;46.5770105;0.3054089;2026;Contemporain | Danse Inclusive | Hip Hop | Jazz;Ateliers de création | Contemporain | Danses hip-hop | Modern jazz | Jazz;https://www.ffdanse.fr/structures/1801-atelier-danses;1801-atelier-danses
Atelier de 7 heures;affiliated;AFFILIATED_STRUCTURE;39  rue Massey;65000;TARBES;beatricedutrey@aol.com;0787532490;;43.2373204;0.0739478;2026;Contemporain;Ateliers de création | Contemporain;https://www.ffdanse.fr/structures/1292-atelier-de-7-heures;1292-atelier-de-7-heures
Atelier de DANSE;affiliated;AFFILIATED_STRUCTURE;26 rue de la Mariette;72000;Le Mans;atelier.anne.chazaud@gmail.com;0616663307;;47.9998966;0.2055518;2026;Classique | Contemporain | Jazz | New Style;Classique | Ateliers de création | Contemporain | Modern jazz | Jazz | Danses hip-hop;https://www.ffdanse.fr/structures/3961-atelier-de-danse;3961-atelier-de-danse
Atelier de danse de Toufflers;affiliated;AFFILIATED_STRUCTURE;72 rue des Champs;59390;TOUFFLERS;cacassette@airfrance.fr;0679869748;;50.657707;3.2289382;2026;Classique | Contemporain | Jazz;Classique | Ateliers de création | Contemporain | Modern jazz | Jazz;https://www.ffdanse.fr/structures/1127-atelier-de-danse-de-toufflers;1127-atelier-de-danse-de-toufflers
Atelier de danse d’Autun;affiliated;AFFILIATED_STRUCTURE;4 rue des Marbres;71400;AUTUN;atelierdedanse71@orange.fr;0385862859;;46.9489299;4.302915;2026;Autres Danses | Autres Danses Du Monde | Classique | Contemporain | Jazz;Danses ethniques | Classique | Ateliers de création | Contemporain | Modern jazz | Jazz;https://www.ffdanse.fr/structures/1417-atelier-de-danse-d-autun;1417-atelier-de-danse-d-autun
Atelier de danse MJW;recently_disaffiliated;UNAFFILIATED_STRUCTURE;904 bd des Ecoles;83140;Six Fours;g6k.w@free.fr;0664946767;;43.115717;5.8101898;;;;https://www.ffdanse.fr/structures/4948-atelier-de-danse-mjw;4948-atelier-de-danse-mjw
atelier de la danse;affiliated;AFFILIATED_STRUCTURE;12 rue du port cherrier;16000;angouleme;seguinkatia16@gmail.com;0609353393;;45.6533093;0.1565961;2026;Africaine | Barre au Sol | Breaking | Claquettes | Classique | Eveil à la Danse | Hip Hop | House | Jazz | Krump | Locking | New Style | Orientale | Poping | Street Dance;Danses ethniques | Barre au sol classique | Barre au sol contemporaine | Breaking | Claquettes | Classique | Danses hip-hop | Modern jazz | Jazz;https://www.ffdanse.fr/structures/4215-atelier-de-la-danse;4215-atelier-de-la-danse
Atelier L danse;affiliated;AFFILIATED_STRUCTURE;17 rue Saint Antoine;42600;MONTBRISON;atelierldanse@gmail.com;0477584593;;45.6130114;4.0652639;2026;Barre au Sol | Classique | Eveil à la Danse | Hip Hop | Jazz | Ragga | Salsa | Street Dance;Barre au sol classique | Barre au sol contemporaine | Classique | Danses hip-hop | Modern jazz | Jazz | Salsa;https://www.ffdanse.fr/structures/922-atelier-l-danse;922-atelier-l-danse
ATELIER POLE FITNESS ET DISCIPLINES ASSOCIEES;affiliated;AFFILIATED_STRUCTURE;9 RUE TRONCHET, accès par l'avenue du 8 Mai 1945;91120;PALAISEAU;atelierpolefitness@gmail.com;0765256227;atelierpolefitness.com;48.7135836;2.2465712;2026;Autres Danses | Pole Dance;Pole dance;https://www.ffdanse.fr/structures/1884-atelier-pole-fitness-et-disciplines-associees;1884-atelier-pole-fitness-et-disciplines-associees
Atelier Saugrenu;affiliated;AFFILIATED_STRUCTURE;Impasse des Mourgues, Médiapôle Saint Césaire;13200;ARLES;contact.saugrenu@gmail.com;0609508195;www.ateliersaugrenu.net;43.6755279;4.6315221;2026;Contemporain | Regards chorégraphiques;Ateliers de création | Contemporain;https://www.ffdanse.fr/structures/240-atelier-saugrenu;240-atelier-saugrenu
Ateliers Boombox Dance;affiliated;AFFILIATED_STRUCTURE;311 chemin de la gare;83470;Saint Maximin la Sainte Baume;ateliers.boombox83@gmail.com;0617282595;ateliersboomboxdance.fr;43.4474204;5.8662262;2026;Jazz;Modern jazz | Jazz;https://www.ffdanse.fr/structures/4648-ateliers-boombox-dance;4648-ateliers-boombox-dance
ATELIERS CULTURELS DE NAY;affiliated;AFFILIATED_STRUCTURE;26 Chemin de Laclaü, Maison des Associations;64800;NAY;presidence.acn64@gmail.com;0749088085;www.acn-nay.fr;43.1755253;-0.2572733;2026;Contemporain | Hip Hop;Ateliers de création | Contemporain | Danses hip-hop;https://www.ffdanse.fr/structures/1265-ateliers-culturels-de-nay;1265-ateliers-culturels-de-nay
Ateliers danse;affiliated;AFFILIATED_STRUCTURE;rue de la chévre, CLB;69370;saint didier au mon d'or;ateliersdanse@gmail.com;0610203572;ateliersdanse.fr;45.8105043;4.7960445;2026;Barre au Sol | Classique | Contemporain | Hip Hop | Jazz | Street Dance;Barre au sol classique | Barre au sol contemporaine | Classique | Ateliers de création | Contemporain | Danses hip-hop | Modern jazz | Jazz;https://www.ffdanse.fr/structures/4143-ateliers-danse;4143-ateliers-danse
ATHEE-DANSES;affiliated;AFFILIATED_STRUCTURE;5 chemin du clos Mabille;37150;BLERE;baby.claudine@neuf.fr;0247235238;;47.3192921;1.0047838;2026;Societe;Danses de salon;https://www.ffdanse.fr/structures/2464-athee-danses;2464-athee-danses
Athletic Club Boulogne-Billancourt;affiliated;AFFILIATED_STRUCTURE;80 Rue du Point du Jour, 92100;92100;Boulogne-Billancourt;acbbds.contact@gmail.com;+33141102530;www.acbbdansesportive.com;48.830576;2.2508339;2026;Danse en solo Latine | Danse en solo Standard | Dix Danses | Latines | Societe | Standards | Tango Argentin;Danses latines | Danses standards | Danses de salon | Tango argentin;https://www.ffdanse.fr/structures/3634-athletic-club-boulogne-billancourt;3634-athletic-club-boulogne-billancourt
Athéna danse et costumes;affiliated;AFFILIATED_STRUCTURE;17 cours des Carmes;33210;LANGON;athenadanse33@gmail.com;0556671527;;44.5549014;-0.245222;2026;Classique | Jazz | Street Dance;Classique | Modern jazz | Jazz | Danses hip-hop;https://www.ffdanse.fr/structures/682-athena-danse-et-costumes;682-athena-danse-et-costumes
ATMOS ART;affiliated;AFFILIATED_STRUCTURE;156 chemin de la parette, 13390;13390;Auriol;Atmosart13@gmail.com;0651595381;www.atmosart.fr;43.3577299;5.639266;2026;Bachata | Classique | Contemporain | Hip Hop | Jazz | Pole Dance | Salsa | Street Dance;Bachata | Classique | Ateliers de création | Contemporain | Danses hip-hop | Modern jazz | Jazz | Pole dance | Salsa;https://www.ffdanse.fr/structures/4756-atmos-art;4756-atmos-art
ATOMIC DANCERS;recently_disaffiliated;UNAFFILIATED_STRUCTURE;19 rue Armand Guillaumin;59210;COUDEKERQUE- BRANCHE;atomicdancers@aol.com;0678217131;;51.0260359;2.406018;;;;https://www.ffdanse.fr/structures/5479-atomic-dancers;5479-atomic-dancers
Atout'Corps;affiliated;AFFILIATED_STRUCTURE;27 AVENUE DU GENERAL DE GAULLE, Rés Les Fougères Bat A2-42;77210;AVON;candice.spp@gmail.com;0609851977;;48.419408;2.7327621;2026;Contemporain | Danse Inclusive | Eveil à la Danse | Regards chorégraphiques | West Coast Swing;Ateliers de création | Contemporain | West Coast Swing;https://www.ffdanse.fr/structures/5689-atout-corps;5689-atout-corps
ATTCHOO DANSES IRLANDAISES;affiliated;AFFILIATED_STRUCTURE;63 rue Sérurier;02000;LAON;attchoodtw02@gmail.com;0614455969;;49.5651069;3.6241888;2026;Claquettes | Folklorique | Societe;Claquettes | Danses traditionnelles | Danses de salon;https://www.ffdanse.fr/structures/5696-attchoo-danses-irlandaises;5696-attchoo-danses-irlandaises
Attitude;affiliated;AFFILIATED_STRUCTURE;12 avenue augustin malroux;81500;lavaur;danseattitudelavaur@gmail.com;0645474023;https://www.facebook.com/danselavaur/?ref=aymt_homepage_panel&eid=ARBOFbeCU8fkeDsIKeZ-LHI-B_nqYvFIcWNxzpQOB00zSFJlyqyidrFof_GNExnnrtyjSZjSwMqguIOE;43.7022491;1.8194538;2026;Autres Danses | Jazz;Modern jazz | Jazz;https://www.ffdanse.fr/structures/1662-attitude;1662-attitude
ATTITUDE;affiliated;AFFILIATED_STRUCTURE;17 ROUTE DU PANORAMA;58180;MARZY;maillot.secretariat@wanadoo.fr;0630862057;;46.9779036;3.0872647;2026;Contemporain | Jazz | New Style | Classique;Ateliers de création | Contemporain | Modern jazz | Jazz | Danses hip-hop | Classique;https://www.ffdanse.fr/structures/5254-attitude;5254-attitude
Attitude;affiliated;AFFILIATED_STRUCTURE;15 rue Sainte Ursule;34000;Montpellier;mtpbreakdance@attitudeasso.com;04 67 02 20 40;www.montpellierbreakdance.fr;43.6138163;3.8786079;2026;Breaking | Hip Hop;Breaking | Danses hip-hop;https://www.ffdanse.fr/structures/2494-attitude;2494-attitude
ATTITUDE;affiliated;AFFILIATED_STRUCTURE;5 BIS RUE DE LA CORNETTE;59710;ENNEVELIN;attitudennevelin@gmail.com;0661388145;;50.5433266;3.1254292;2026;Contemporain | Jazz;Ateliers de création | Contemporain | Modern jazz | Jazz;https://www.ffdanse.fr/structures/3303-attitude;3303-attitude
Attitude;recently_disaffiliated;UNAFFILIATED_STRUCTURE;60 BD Frédéric MISTRAL;11100;NARBONNE;flo.mignon@free.fr;0643880994;www.attitude-danse.com;43.1884457;3.0047656;;;;https://www.ffdanse.fr/structures/2105-attitude;2105-attitude
Attitude Créa'danse;affiliated;AFFILIATED_STRUCTURE;10 Chemin de Saulzet;63122;ceyrat;attitudecreadanse@gmail.com;0683052726;https://attitudecreadanse.wixsite.com/attitudecreadanse;45.7217108;3.0668943;2026;Contemporain | Jazz;Ateliers de création | Contemporain | Modern jazz | Jazz;https://www.ffdanse.fr/structures/1257-attitude-crea-danse;1257-attitude-crea-danse
Attitude Danse;affiliated;AFFILIATED_STRUCTURE;cours victor hugo, hôtel de ville;13370;mallemort;bureau.attitudedanse@gmail.com;0684026034;https://www.attitudedanse.org/;43.729341;5.179699;2026;Breaking | Cabaret | Classique | Eveil à la Danse | Hip Hop | Jazz | Ragga | Street Dance;Breaking | Cabaret | Classique | Danses hip-hop | Modern jazz | Jazz;https://www.ffdanse.fr/structures/2743-attitude-danse;2743-attitude-danse
Attitudes;affiliated;AFFILIATED_STRUCTURE;19 avenue lazare carnot;31330;GRENADE;asso.attitudes.grenade@gmail.com;0625560642;asso-attitudes.jimdo.com;43.7697658;1.2949288;2026;Contemporain | Jazz;Ateliers de création | Contemporain | Modern jazz | Jazz;https://www.ffdanse.fr/structures/604-attitudes;604-attitudes
ATYPIKCREW;affiliated;AFFILIATED_STRUCTURE;Mairie, 71580;71500;Louhans;atypik.tresoriere@gmail.com;0622313736;;46.6282851;5.2232662;2026;Breaking | Hip Hop | House | Krump | Locking | New Style | Poping | Street Dance;Breaking | Danses hip-hop;https://www.ffdanse.fr/structures/4238-atypikcrew;4238-atypikcrew
AU FIL DES IMAGES;affiliated;AFFILIATED_STRUCTURE;2 IMPASSE RIVOLI, CHEZ MR LORILLARD MICKAEL;37000;TOURS;asso.aufildesimages@gmail.com;06 25  57 59 30;;47.3741163;0.6915351;2026;Africaine | Afro-contemporaine | Danse Inclusive | Eveil à la Danse | Hip Hop | Regards chorégraphiques | Transversal;Danses ethniques | Afro-jazz | Danses hip-hop | Ateliers de création | Contemporain;https://www.ffdanse.fr/structures/5355-au-fil-des-images;5355-au-fil-des-images
Au salon de danse;affiliated;AFFILIATED_STRUCTURE;35 rue falguière;75015;paris;valerie.plazenet@yahoo.fr;0145389133;www.ausalondedanse.fr;;;2026;Boogie Woogie | Classique | Dix Danses | Latines | Lindy Hop | Rock Acrobatique | Rock Formation | Rock Saute | Rock et DA | Rock'n'Roll | Societe | Standards | Tango Argentin | Danse en solo Latine | Danse en solo Standard | Solo Team Lat / Std;Boogie-Woogie | Classique | Danses latines | Danses standards | Lindy hop | Rock acrobatique | Rock'n'roll | Rock sauté | Danses de salon | Tango argentin;https://www.ffdanse.fr/structures/1483-au-salon-de-danse;1483-au-salon-de-danse
AUGUIN ANGÉLINE;affiliated;AFFILIATED_STRUCTURE;50 La Fermiette;85200;SÉRIGNÉ;angeline.auguin@sfr.fr;0613755584;;46.505884;-0.879576;2026;Contemporain | Jazz;Ateliers de création | Contemporain | Modern jazz | Jazz;https://www.ffdanse.fr/structures/5499-auguin-angeline;5499-auguin-angeline
Aurora Dance Company;affiliated;AFFILIATED_STRUCTURE;76 Boulevard de Roux;13004;Marseille;felici.manon@yahoo.com;0666477694;;43.3067238;5.4064589;2026;Bachata | Bachata Team Couple | Bachata Team Styling | Duo bachata Shines | Duo salsa Shines | Kizomba | Kizomba Chorégraphie | Latino Caraibes | Salsa | Salsa Team Couple | Salsa Team Styling | Show Latino Caraïbe | Teams SBK | Danse en solo Latine | Danse en solo Standard | Dix Danses | Latines | Standards;Bachata | Kizomba | Danses latino-caraïbes | Salsa | Danses latines | Danses standards;https://www.ffdanse.fr/structures/5407-aurora-dance-company;5407-aurora-dance-company
Austin's county;affiliated;AFFILIATED_STRUCTURE;415 route de vaux  cressieu;01300;chazey bons;martine.brunet10@wanadoo.fr;0610658715;;45.797941;5.689114;2026;Country And Line | ancien nom à supprimer;Country & line;https://www.ffdanse.fr/structures/109-austin-s-county;109-austin-s-county
Authentik Compagnie;recently_disaffiliated;UNAFFILIATED_STRUCTURE;10 place de la mairie;38230;Tignieu-Jameyzieu;authentikcompagnie@gmail.com;06.71.03.47.32;www.authentik-compangnie.com;;;;;;https://www.ffdanse.fr/structures/2563-authentik-compagnie;2563-authentik-compagnie
Autour de la danse;affiliated;AFFILIATED_STRUCTURE;6 rue de l'église;76116;RY;autourdeladanse@orange.fr;0603116480;https://autourdeladanse2.wixsite.com/ry76;49.4710775;1.3416348;2026;Africaine | Autres Danses | Barre au Sol | Classique | Contemporain | Hip Hop | Societe;Danses ethniques | Barre au sol classique | Barre au sol contemporaine | Classique | Ateliers de création | Contemporain | Danses hip-hop | Danses de salon;https://www.ffdanse.fr/structures/1515-autour-de-la-danse;1515-autour-de-la-danse
Auvers'Latina;affiliated;AFFILIATED_STRUCTURE;27 chemin du guette liévre;91580;Auvers st georges;auverslatina@gmail.com;0687794159;auverslatina.fr;48.4951189;2.225276;2026;Bachata | Latino Caraibes;Bachata | Danses latino-caraïbes;https://www.ffdanse.fr/structures/2758-auvers-latina;2758-auvers-latina
Aux p'tits bonheurs;affiliated;AFFILIATED_STRUCTURE;181C chemin Aquabella;06390;Contes;auxptitsbonheurs.contact@gmail.com;0611650147;;43.8058885;7.3155952;2026;Africaine;Danses ethniques;https://www.ffdanse.fr/structures/6221-aux-p-tits-bonheurs;6221-aux-p-tits-bonheurs
Avaric espace danse;affiliated;AFFILIATED_STRUCTURE;65 Avenue Marcel Haegelen;18000;BOURGES;christiane.viller@outlook.fr;0248210583;;47.0730803;2.3809118;2026;Jazz;Modern jazz | Jazz;https://www.ffdanse.fr/structures/381-avaric-espace-danse;381-avaric-espace-danse
AVD;affiliated;AFFILIATED_STRUCTURE;34 ALLEE DE LA GLACIERE;60870;VILLERS SAINT PAUL;contact@avdanse.net;06 48 11 48 93;www.avdanse.net;49.2884562;2.4790733;2026;Afro-caribéennes | Contemporain | Eveil à la Danse | Hip Hop | Jazz | Latino Caraibes | Ragga | Street Dance;Danses ethniques | Ateliers de création | Contemporain | Danses hip-hop | Modern jazz | Jazz | Danses latino-caraïbes;https://www.ffdanse.fr/structures/3211-avd;3211-avd
Avenue de la salsa;recently_disaffiliated;UNAFFILIATED_STRUCTURE;683 BEL AIR, 113;98825;POUEMBOUT / Nouvelle Calédonie;avenuedelasalsa@gmail.com;+687907625;https://fr-fr.facebook.com/AvenueDeLaSalsa/;-21.1148929;164.9004158;2026;Bachata | Boogie Woogie | Cabaret | Danse Show | Kizomba | Latines | Lindy Hop | Pole Dance | Regards chorégraphiques | Rock et DA | Rock'n'Roll | Salsa | Standards | West Coast Swing | Zumba | Afro-contemporaine | Breaking | Classique | Contemporain | Country And Line | Danse aérienne | Hip Hop | Street Dance;Bachata | Boogie-Woogie | Cabaret | Disco | Kizomba | Danses latines | Lindy hop | Pole dance | Ateliers de création | Contemporain | Rock sauté | Rock'n'roll | Salsa | Danses standards | West Coast Swing | Zumba | Afro-jazz | Breaking | Classique | Country & line | Danses aériennes | Danses hip-hop;https://www.ffdanse.fr/structures/2053-avenue-de-la-salsa;2053-avenue-de-la-salsa
Azay danses;affiliated;AFFILIATED_STRUCTURE;17 grande Rue, Mairie;37270;Azay sur Cher;dansesdazay@gmail.com;0658039631;;47.3496359;0.8462191;2026;Jazz;Modern jazz | Jazz;https://www.ffdanse.fr/structures/837-azay-danses;837-azay-danses
Azoukah Afghani;recently_disaffiliated;UNAFFILIATED_STRUCTURE;16 rue Saint Pierre le Puellier;86000;Poitiers;DULYNCE@gmail.com;0620093178;http://compagnie-azoukah-poitiers.over-blog.com/;46.5793723;0.3460273;;;;https://www.ffdanse.fr/structures/2423-azoukah-afghani;2423-azoukah-afghani
Azur Danse 06;affiliated;AFFILIATED_STRUCTURE;super californie 60 avenue maréchal juin;06400;cannes;azur-danse-06@orange.fr;06.63.04.63.70;Azur Danse 06 - wix.com;43.548566;7.038481;2026;Dix Danses | Latines | Lindy Hop | Rock'n'Roll | Salsa | Standards;Danses latines | Danses standards | Lindy hop | Rock'n'roll | Salsa;https://www.ffdanse.fr/structures/168-azur-danse-06;168-azur-danse-06
Aérial Art Studio;affiliated;AFFILIATED_STRUCTURE;59 Boulevard Edgard Mouton;13370;Mallemort;contact@aerialartstudio.com;0698590928;www.aerialartstudio.com;43.730586;5.178095;2026;Danse Verticale | Danse aérienne | Eveil à la Danse | Pole Dance | Pole Sport;Danses aériennes | Pole dance | Pole sport;https://www.ffdanse.fr/structures/2463-aerial-art-studio;2463-aerial-art-studio
Aérialie;affiliated;AFFILIATED_STRUCTURE;1 place de la Mairie;38380;SAINT LAURENT DU PONT;contact.aerialie@gmail.com;06 82 93 63 05;;45.3875962;5.7344281;2026;Danse aérienne | Danse Verticale;Danses aériennes;https://www.ffdanse.fr/structures/6170-aerialie;6170-aerialie
B & M company;affiliated;AFFILIATED_STRUCTURE;24 rue des charmilles;76160;Saint Jacques sur Darnétal;contact@bmcompany.fr;0642125361;;49.4627633;1.1503697;2026;Cabaret | Street Dance;Cabaret | Danses hip-hop;https://www.ffdanse.fr/structures/1541-b-m-company;1541-b-m-company
B&J DANCE;affiliated;AFFILIATED_STRUCTURE;141 Allées d'Albret;47600;NERAC;bJdance47@gmail.com;0685136298;;44.1379869;0.3360128;2026;Country And Line | Rock et DA;Country & line | Rock sauté;https://www.ffdanse.fr/structures/3250-b-j-dance;3250-b-j-dance
Bachata Feeling Metz;affiliated;AFFILIATED_STRUCTURE;30 RUE DE COLOMBEY;57070;METZ;bachatafeelingmetz@gmail.com;0641818499;https://admin.helloasso.com/bachata-feeling-metz/;49.1104177;6.229001;2026;Bachata | Bachata Team Couple | Bachata Team Styling | Danses Solo | Duo bachata Shines | Duo salsa Shines | Salsa | Salsa Team Couple | Salsa Team Styling | Teams SBK;Bachata | Salsa | Kizomba;https://www.ffdanse.fr/structures/5766-bachata-feeling-metz;5766-bachata-feeling-metz
Bachata Tours;affiliated;AFFILIATED_STRUCTURE;13 rue du Petit Soleil;37000;Tours;contact@bachatatours.fr;062323747;;47.3942012;0.682794;2026;Bachata | Kizomba | OLD : Salsa, Bachata, Kizomba | Salsa;Bachata | Kizomba | Salsa;https://www.ffdanse.fr/structures/3341-bachata-tours;3341-bachata-tours
Bachata universe;affiliated;AFFILIATED_STRUCTURE;27 avenue Alfred de Musset, 19100;19100;brive la gaillarde;adillyoubi@icloud.com;0650327909;;45.1621346;1.5272612;2026;Bachata | Bachata Team Couple | Bachata Team Styling | Duo bachata Shines | Duo salsa Shines | Kizomba | Kizomba Chorégraphie | Kizomba Improvisation Traditionnelle | Kizomba Improvisation Urban | Latino Caraibes | OLD : Salsa, Bachata, Kizomba | Salsa | Salsa Team Couple | Salsa Team Styling | Show Latino Caraïbe | Teams SBK;Bachata | Kizomba | Danses latino-caraïbes | Salsa;https://www.ffdanse.fr/structures/6373-bachata-universe;6373-bachata-universe
BAILEMOS TANGO;affiliated;AFFILIATED_STRUCTURE;Rue de Fecamp, Complexe Sportif Louis Faucquette;62300;Lens;bailemostango59@gmail.com;0661103990;;50.442845;2.8288795;2026;Tango Argentin;Tango argentin;https://www.ffdanse.fr/structures/3884-bailemos-tango;3884-bailemos-tango
Bakam'dance;affiliated;AFFILIATED_STRUCTURE;10 rue georges clemenceau;33380;BIGANOS;bakam.dance@gmail.com;0662671464;bakamdance.com;44.6441292;-0.9760305;2026;Hip Hop;Danses hip-hop;https://www.ffdanse.fr/structures/660-bakam-dance;660-bakam-dance
Ballerina Danse;affiliated;AFFILIATED_STRUCTURE;Mairie de Ligny en Barrois - rue de Strasbourg;55500;LIGNY EN BARROIS;claude.chamourin@wanadoo.fr;0329783336;;48.6882842;5.3239812;2026;Classique | Contemporain | Eveil à la Danse | Hip Hop | Jazz | Regards chorégraphiques;Classique | Ateliers de création | Contemporain | Danses hip-hop | Modern jazz | Jazz;https://www.ffdanse.fr/structures/1065-ballerina-danse;1065-ballerina-danse
Ballet Bross';affiliated;AFFILIATED_STRUCTURE;33, avenue Jean Monestier, La Genette Verte;48400;Florac Trois Rivières;vero@balletbross.org;0679218576;;44.3253637;3.5943605;2026;Barre au Sol | Contemporain | Eveil à la Danse | Hip Hop | Regards chorégraphiques;Barre au sol classique | Barre au sol contemporaine | Ateliers de création | Contemporain | Danses hip-hop;https://www.ffdanse.fr/structures/3403-ballet-bross;3403-ballet-bross
Ballet Folklorique Tchè Kréyol;recently_disaffiliated;UNAFFILIATED_STRUCTURE;Montgérald, 6, Résidence;97290;Le Marin;filinmichel@gmail.com;0696001619;;14.4732805;-60.8745278;;;;https://www.ffdanse.fr/structures/4392-ballet-folklorique-tche-kreyol;4392-ballet-folklorique-tche-kreyol
Balletomania;affiliated;AFFILIATED_STRUCTURE;25 rue Diane de Poitiers;28260;ANET;balletomania28@gmail.com;0685778227;;48.8571097;1.4392612;2026;Classique;Classique;https://www.ffdanse.fr/structures/4235-balletomania;4235-balletomania
Basic Jazz;affiliated;AFFILIATED_STRUCTURE;19 Allée du bas vaupéreux;91370;VERRIERES LE BUISSON;secretariatbjd@gmail.com;0664452216;www.basicjazzdance.com;48.7482717;2.2280015;2026;Country And Line | Eveil à la Danse | Hip Hop | Jazz | Pole Dance | Street Dance | Zumba;Country & line | Danses hip-hop | Modern jazz | Jazz | Pole dance | Zumba;https://www.ffdanse.fr/structures/1853-basic-jazz;1853-basic-jazz
BC and Swing;affiliated;AFFILIATED_STRUCTURE;7 rue du pont bayard;63260;Vensat;bcandswing@gmail.com;0674538851;;46.0468703;3.1856027;2026;Rock et DA | Rock'n'Roll | West Coast Swing;Rock sauté | Rock'n'roll | West Coast Swing;https://www.ffdanse.fr/structures/1250-bc-and-swing;1250-bc-and-swing
BE DANCE CONCEPT;affiliated;AFFILIATED_STRUCTURE;148 ZAC DES CERISIERS;69380;LOZANNE;bdanza01@yahoo.fr;0614118077;www.bedance.fr;45.8552142;4.6895126;2026;Bachata | Boogie Formation | Boogie Juniors | Boogie Main Class | Boogie Rising Star | Boogie Seniors | Boogie Woogie | Boogie Woogie Fédéral | Claquettes | Classique | Contemporain | Country And Line | Eveil à la Danse | Formation Rock Girls | Formation Rock Juniors | Formation Rock Ladies | Formation Rock Main Class | Formation Rock Main Class Quattro | Hip Hop | Jazz | Latines | Lindy Hop | Lindy Hop Fédéral | Lindy Hop Junior | Lindy Hop Main Class | Lindy Hop Senior 1 | Lindy Hop Senior 2 | Lindy Hop Show case | Regards chorégraphiques | Rock Acrobatique | Rock Acrobatique Fédéral | Rock Artistique Fédéral | Rock Children | Rock Couple Dance Show | Rock Formation | Rock Juniors | Rock Juveniles | Rock Main Class Contact Style | Rock Main Class Free Style | Rock Saute | Rock et DA | Rock'n Roll Fédéral | Rock'n'Roll | Salsa | Small Formation Rock Ladies | Small formation Rock Girls | Street Dance | Zumba;Bachata | Boogie-Woogie | Claquettes | Classique | Ateliers de création | Contemporain | Country & line | Danses hip-hop | Modern jazz | Jazz | Danses latines | Lindy hop | Rock acrobatique | Rock'n'roll | Rock sauté | Salsa | Zumba;https://www.ffdanse.fr/structures/4554-be-dance-concept;4554-be-dance-concept
Beaune Country-Line Dance;affiliated;AFFILIATED_STRUCTURE;226 Rue des Crais, Hameau de Challanges;21200;BEAUNE;countrylinedance.beaune@gmail.com;0603545143;;47.0136254;4.870938;2026;Country And Line;Country & line;https://www.ffdanse.fr/structures/4065-beaune-country-line-dance;4065-beaune-country-line-dance
BELL'EVASION;recently_disaffiliated;UNAFFILIATED_STRUCTURE;Cour d'Antin Mairie, 45270;45270;BELLEGARDE;daniele.croum@sfr.fr;0635949312;;43.7541102;4.5138361;;;;https://www.ffdanse.fr/structures/4968-bell-evasion;4968-bell-evasion
Belledonn's country valley;affiliated;AFFILIATED_STRUCTURE;9 GRAND RUE;38610;GIERES;belledonns@free.fr;0950186692;;45.1818017;5.7901856;2026;Country And Line;Country & line;https://www.ffdanse.fr/structures/870-belledonn-s-country-valley;870-belledonn-s-country-valley
BLACK LIST;recently_disaffiliated;UNAFFILIATED_STRUCTURE;12 Bd des Flandres;59760;Grande-Synthe;booking.blacklist@gmail.com;0612202094;;51.0183958;2.3086316;;;;https://www.ffdanse.fr/structures/2857-black-list;2857-black-list
Black pole studio;affiliated;AFFILIATED_STRUCTURE;16 bis avenue leopold pelletier;77140;ST PIERRE LES NEMOURS;BlackPole.Studio@gmail.com;0623037628;;48.2634644;2.6893997;2026;Hip Hop | Pole Dance | Danse aérienne | Danse Verticale | Pole Sport;Danses hip-hop | Pole dance | Danses aériennes | Pole sport;https://www.ffdanse.fr/structures/1581-black-pole-studio;1581-black-pole-studio
Blue Texas Dance;affiliated;AFFILIATED_STRUCTURE;2 rue Lenine;18100;VIERZON;bluetexasdance@yahoo.fr;0979051844;;47.2330208;2.0646485;2026;Country And Line | ancien nom à supprimer;Country & line;https://www.ffdanse.fr/structures/390-blue-texas-dance;390-blue-texas-dance
BLYES DANCE;affiliated;AFFILIATED_STRUCTURE;22 RUE DES TILLEULS, 69330;69330;PUSIGNAN;blyes.dance01@gmail.com;0665256364;https://www.mexi-blyes-dance.com/;45.760362;5.063866;2026;Bachata | Breaking | Eveil à la Danse | Hip Hop | New Style | Ragga | Rock | Salsa | Street Dance;Bachata | Breaking | Danses hip-hop | Rock'n'roll | Salsa;https://www.ffdanse.fr/structures/5870-blyes-dance;5870-blyes-dance
BMS DANSE;affiliated;AFFILIATED_STRUCTURE;1 SQUARE DES HARIGOTIERS;93150;LE BLANC MESNIL;bmsdansea2@gmail.com;0616908096;bmsdansea2.fr;48.9377672;2.4803198;2026;Bachata | Bachata Team Couple | Bachata Team Styling | Danse en solo Latine | Danse en solo Standard | Dix Danses | Duo bachata Shines | Duo salsa Shines | Kizomba | Kizomba Chorégraphie | Kizomba Improvisation Traditionnelle | Kizomba Improvisation Urban | Latines | Rock | Salsa | Salsa Team Couple | Salsa Team Styling | Societe | Solo Team Lat / Std | Standards | Teams SBK | West Coast Swing;Bachata | Danses latines | Danses standards | Kizomba | Rock'n'roll | Salsa | Danses de salon | West Coast Swing;https://www.ffdanse.fr/structures/6233-bms-danse;6233-bms-danse
BODY MOOVE;affiliated;AFFILIATED_STRUCTURE;13 rue jean moulin;59121;Prouvy;laurent.petit1605@gmail.com;0620110546;;50.327374;3.454926;2026;Hip Hop | Jazz | Zumba;Danses hip-hop | Modern jazz | Jazz | Zumba;https://www.ffdanse.fr/structures/4600-body-moove;4600-body-moove
Bodydanse;recently_disaffiliated;UNAFFILIATED_STRUCTURE;682 c chemin du bemont;38760;ST PAUL DE VARCES;info@bodydanse.fr;0625487778;www.bodydanse.fr;45.0674897;5.6462559;2026;Street Dance;Danses hip-hop;https://www.ffdanse.fr/structures/4384-bodydanse;4384-bodydanse
Boeil sporting club;affiliated;AFFILIATED_STRUCTURE;mairie de Boeil-Bezing;64510;Boeil-Bezing;sarafro@hotmail.fr;0610573354;;43.2233804;-0.2682763;2026;Contemporain;Ateliers de création | Contemporain;https://www.ffdanse.fr/structures/1291-boeil-sporting-club;1291-boeil-sporting-club
Bolly Deewani;affiliated;AFFILIATED_STRUCTURE;MVAC 12e BAL n°25 181 avenue daumesnil;75012;PARIS;bollydeewani.asso@gmail.com;+33661495679;www.bollydeewani.fr;48.8407126;2.3923755;2026;Bollywood | Indienne;Danses ethniques;https://www.ffdanse.fr/structures/1488-bolly-deewani;1488-bolly-deewani
Bonneval Loisirs découverte;affiliated;AFFILIATED_STRUCTURE;19 rue Saint Roch, Mairie;28800;BONNEVAL;bld28800@gmail.com;0624254911;;48.1815594;1.3855853;2026;Eveil à la Danse | Jazz;Modern jazz | Jazz;https://www.ffdanse.fr/structures/530-bonneval-loisirs-decouverte;530-bonneval-loisirs-decouverte
Boogie Connection;affiliated;AFFILIATED_STRUCTURE;Chez Mme MALVERTI 39 rue Chanzy;75011;Paris;contact@boogie-connection.fr;0622438843;www.boogie-connection.fr;0;0;2026;Boogie Woogie;Boogie-Woogie;https://www.ffdanse.fr/structures/1472-boogie-connection;1472-boogie-connection
Boots & Buckle;affiliated;AFFILIATED_STRUCTURE;34 Bd de Stalingrad;94600;Choisy le Roi;contact@bootsnbuckle.com;0603321198;www.bootsnbuckle.com;48.770162;2.4023312;2026;Country And Line | ancien nom à supprimer;Country & line;https://www.ffdanse.fr/structures/1946-boots-buckle;1946-boots-buckle
Boots on line;affiliated;AFFILIATED_STRUCTURE;2 Allée des Tulipes;37270;Montlouis sur Loire;bureau@bootsonline.fr;0771176728;www.bootsonline.fr;47.3807888;0.8260378;2026;Country And Line | Country Danse en Couple - DC | Country Danse en Couple - DC Pro AM | Country Danse en Formation - DF Cabaret Team | Country Danse en Formation - DF Crea Team | Country Danse en Formation - DF Duo | Country Danse en Formation - DF Loisirs Team | Country Danse en Formation - DF Quad | Country Danse en Formation - DF Show Team | Country Danse en ligne - DL | Country Danse en Ligne - DL Pop Line | Country Danse Partner - DP | Country Ecriture Choregraphique - EC | DC Pro AM;Country & line;https://www.ffdanse.fr/structures/828-boots-on-line;828-boots-on-line
BORD'IN WEST;affiliated;AFFILIATED_STRUCTURE;8 lieu dit les hauts de verac;33240;VERAC;passeport@ffdanse.fr;0600000000;;44.991267;-0.340678;2026;West Coast Swing;West Coast Swing;https://www.ffdanse.fr/structures/5914-bord-in-west;5914-bord-in-west
Bordeaux Dance'IN Club;affiliated;AFFILIATED_STRUCTURE;9 rue Rochambeau, Chez M. BARTHET Bernard;33000;Bordeaux;bdicbordeaux@gmail.com;0682558361;;44.8511141;-0.5798848;2026;Dix Danses | Latines | Standards | Societe;Danses latines | Danses standards | Danses de salon;https://www.ffdanse.fr/structures/686-bordeaux-dance-in-club;686-bordeaux-dance-in-club
Bordeaux dancesport galaxy;affiliated;AFFILIATED_STRUCTURE;6 rue des girondins;33200;Bordeaux;bordeauxdancesportgalaxy@gmail.com;0668082100;bordeauxdancesportgalaxy.fr;44.8481942;-0.6089393;2026;Afro-caribéennes | Bachata | Danse Historique | Danse Show | Danses Solo | Dix Danses | Eveil à la Danse | Folklorique | Latines | Latino Caraibes | Salsa | Show Dance Latine | Show Dance Standard | Societe | Solo Team Lat / Std | Standards;Danses ethniques | Bachata | Danse historique | Disco | Danses latines | Danses standards | Danses traditionnelles | Danses latino-caraïbes | Salsa | Danses de salon;https://www.ffdanse.fr/structures/750-bordeaux-dancesport-galaxy;750-bordeaux-dancesport-galaxy
Borderline dancer;affiliated;AFFILIATED_STRUCTURE;Maison des Droits de l'Homme et du citoyen le dôme 221 avenue de thouars;33400;talence;sylviane.kelmanowicz@orange.fr;0556852649;;44.7920428;-0.5924569;2026;Country And Line | ancien nom à supprimer;Country & line;https://www.ffdanse.fr/structures/703-borderline-dancer;703-borderline-dancer
Born to dance;affiliated;AFFILIATED_STRUCTURE;3 RUE DES MOULINS;86170;LE ROCHEREAU;ass-borntodance@hotmail.fr;0663168524;;46.7062645;0.1481188;2026;Autres Danses;;https://www.ffdanse.fr/structures/1808-born-to-dance;1808-born-to-dance
BOUGE AVEC NOUS;affiliated;AFFILIATED_STRUCTURE;55 RUE DE LA PETITE NEUVILLE;23320;MONTAIGUT LE BLANC;morgane.laurent0803@orange.fr;0615160579;;46.1364096;1.7314059;2026;Jazz;Modern jazz | Jazz;https://www.ffdanse.fr/structures/4346-bouge-avec-nous;4346-bouge-avec-nous
BOUGE DANSE;affiliated;AFFILIATED_STRUCTURE;QUARTIER LE BRUSQUEOU, 78 RUE DU BRUSQUEOU;83670;FOX AMPHOUX;bougedanse@sfr.fr;+33683065743;;43.586542;6.101908;2026;Bachata | Barre au Sol | Cabaret | Classique | Contemporain | Danse en solo Latine | Danse en solo Standard | Dix Danses | Eveil à la Danse | Jazz | Latines | Regards chorégraphiques | Rock | Salsa | Societe | Standards | Street Dance;Bachata | Barre au sol classique | Barre au sol contemporaine | Cabaret | Classique | Ateliers de création | Contemporain | Danses latines | Danses standards | Modern jazz | Jazz | Rock'n'roll | Salsa | Danses de salon | Danses hip-hop;https://www.ffdanse.fr/structures/5427-bouge-danse;5427-bouge-danse
bouge et danse;affiliated;AFFILIATED_STRUCTURE;rue henri durre;59178;hasnon;bouge.et.danse.59178@gmail.com;0686591970;;50.4236634;3.3864528;2026;Autres Danses | Cabaret | Classique | Contemporain | Eveil à la Danse | Hip Hop | Jazz | Salsa;Cabaret | Classique | Ateliers de création | Contemporain | Danses hip-hop | Modern jazz | Jazz | Salsa;https://www.ffdanse.fr/structures/2570-bouge-et-danse;2570-bouge-et-danse
BOUGE TES PIEDS;affiliated;AFFILIATED_STRUCTURE;5 gonervan, 22340;22340;plevin;marielaure.sparfell@gmail.com;0645644672;;48.2229673;-3.5358556;2026;Rock | Salsa;Rock'n'roll | Salsa;https://www.ffdanse.fr/structures/6166-bouge-tes-pieds;6166-bouge-tes-pieds
BOUGE TON CORPS;affiliated;AFFILIATED_STRUCTURE;28 RUE DE L'EGLISE;60340;VILLERS SOUS SAINT LEU;bougetoncorps60340@gmail.com;06 81 19 68 04;;49.2192251;2.4216481;2026;Societe;Danses de salon;https://www.ffdanse.fr/structures/3204-bouge-ton-corps;3204-bouge-ton-corps
BOUH';affiliated;AFFILIATED_STRUCTURE;La Gaudinerie;41270;Boursay;assobouh@orange.fr;0254770253;;48.012733;0.969019;2026;Contemporain;Ateliers de création | Contemporain;https://www.ffdanse.fr/structures/5281-bouh;5281-bouh
Boulevard du Rock;affiliated;AFFILIATED_STRUCTURE;36, Rue cavalerie;30100;ALES;danse@boulevarddurock.com;0466526480;www.boulevarddurock.com;44.1176002;4.0784715;2026;Bachata | Boogie Juniors | Boogie Main Class | Boogie Rising Star | Boogie Seniors | Boogie Woogie | Boogie Woogie Fédéral | Country And Line | Danses Solo | Eveil à la Danse | Ragga | Rock Artistique Fédéral | Rock Formation | Rock Saute | Rock et DA | Rock'n Roll Fédéral | Rock'n'Roll | Salsa | Societe | West Coast Swing;Bachata | Boogie-Woogie | Country & line | Danses hip-hop | Rock'n'roll | Rock sauté | Salsa | Danses de salon | West Coast Swing;https://www.ffdanse.fr/structures/582-boulevard-du-rock;582-boulevard-du-rock
BOULOURIS ANIMATION;affiliated;AFFILIATED_STRUCTURE;Bd des Mimosas, Mairie Annexe;83700;SAINT RAPHAEL;boulouris.animation@gmail.fr;0678654870;boulouris-animation.fr;43.4173191;6.810377;2026;Autres Danses | Bachata | Cabaret | Country And Line | Disco | Flamenco | Latines | Pilates | Rock | Salsa | Societe | Standards;Bachata | Cabaret | Country & line | Disco | Flamenco | Danses latines | Rock'n'roll | Salsa | Danses de salon | Danses standards;https://www.ffdanse.fr/structures/5936-boulouris-animation;5936-boulouris-animation
Bourg Danse Club;affiliated;AFFILIATED_STRUCTURE;Quartier La Morelle;07700;BOURG SAINT ANDEOL;barry.maryse@neuf.fr;0475547055;;44.3678194;4.628085;2026;Boogie Woogie | Rock Acrobatique | Rock Formation | Rock Saute | Rock et DA | Rock'n'Roll;Boogie-Woogie | Rock acrobatique | Rock'n'roll | Rock sauté;https://www.ffdanse.fr/structures/195-bourg-danse-club;195-bourg-danse-club
Bourges ABCD;affiliated;AFFILIATED_STRUCTURE;256 rte ST Michel;18000;Bourges;marchandpatricia963@gmail.com;0248243196;;47.1061962;2.4283151;2026;Dix Danses | Latines | Standards;Danses latines | Danses standards;https://www.ffdanse.fr/structures/387-bourges-abcd;387-bourges-abcd
Brasil Butterfly Studio;affiliated;AFFILIATED_STRUCTURE;Rond-point du Puits d'Ordet, ZI;73190;chambéry;poledancebrasilbutterfly@gmail.com;0625145803;www.brasil-butterfly.fr;45.555152;5.974748;2026;Danse Verticale | Danse aérienne | Pole Dance | Pole Sport;Danses aériennes | Pole dance | Pole sport;https://www.ffdanse.fr/structures/5601-brasil-butterfly-studio;5601-brasil-butterfly-studio
Break'Eure;affiliated;AFFILIATED_STRUCTURE;15 rue d'aviron;27930;Gravigny;breakeure@gmail.com;0668937409;;49.0476723;1.1592978;2026;Breaking | Hip Hop | Jazz;Breaking | Danses hip-hop | Modern jazz | Jazz;https://www.ffdanse.fr/structures/2926-break-eure;2926-break-eure
Break'Xpression;affiliated;AFFILIATED_STRUCTURE;15 Avenue du Pic d'Ossau;64140;BILLERE;breakxpression64@yahoo.com;06.76.32.47.50;;43.3140795;-0.3862325;2026;Breaking;Breaking;https://www.ffdanse.fr/structures/3898-break-xpression;3898-break-xpression
Breakin'13;recently_disaffiliated;UNAFFILIATED_STRUCTURE;11 Rue Caillaux;75013;Paris;breakin13@hotmail.com;0638503408;breakin13.fr;48.8225351;2.3610106;;;;https://www.ffdanse.fr/structures/5245-breakin-13;5245-breakin-13
BREAKING CLUB;affiliated;AFFILIATED_STRUCTURE;65 avenue de la bourgade;11590;narbonne;direction.breakingclub@gmail.com;0659281482;;43.24477;2.988171;2026;Breaking;Breaking;https://www.ffdanse.fr/structures/5957-breaking-club;5957-breaking-club
Breaking Journey;affiliated;AFFILIATED_STRUCTURE;54 Bis, jules louis breton, 18100;18100;VIERZON;MATHEUSBARBOSA4@GMAIL.COM;0749523881;;47.221438;2.069791;2026;Breaking | Hip Hop | Locking | Poping | Street Dance;Breaking | Danses hip-hop;https://www.ffdanse.fr/structures/4741-breaking-journey;4741-breaking-journey
Breuil Line Danse;affiliated;AFFILIATED_STRUCTURE;49 Rue Jacques Charles Guichet;85120;Breuil Barret;francoise.tron@orange.fr;0684057193;;46.6496601;-0.6819859;2026;Country And Line;Country & line;https://www.ffdanse.fr/structures/5440-breuil-line-danse;5440-breuil-line-danse
Broadway Rock;affiliated;AFFILIATED_STRUCTURE;B.P. 30 428;38550;SAINT MAURICE L'EXIL;c.payan1@aliceadsl.fr;0474310625;;0;0;2026;Boogie Formation | Boogie Juniors | Boogie Main Class | Boogie Rising Star | Boogie Seniors | Boogie Woogie | Boogie Woogie Fédéral | Formation Rock Girls | Formation Rock Juniors | Formation Rock Ladies | Formation Rock Main Class | Formation Rock Main Class Quattro | Lindy Hop | Lindy Hop Fédéral | Rock | Rock Acrobatique | Rock Acrobatique Fédéral | Rock Artistique Fédéral | Rock Children | Rock Couple Dance Show | Rock Formation | Rock Juniors | Rock Juveniles | Rock Main Class Contact Style | Rock Main Class Free Style | Rock Saute | Rock et DA | Rock'n Roll Fédéral | Rock'n'Roll | Small Formation Rock Ladies | Small formation Rock Girls | West Coast Swing;Boogie-Woogie | Lindy hop | Rock'n'roll | Rock acrobatique | Rock sauté | West Coast Swing;https://www.ffdanse.fr/structures/852-broadway-rock;852-broadway-rock
Buddy dAnce;affiliated;AFFILIATED_STRUCTURE;12 rue de Fouquieres;62232;Fouquereuil;swingrockdance@gmail.com;0699418965;;50.5181516;2.5999422;2026;Rock;Rock'n'roll;https://www.ffdanse.fr/structures/6315-buddy-dance;6315-buddy-dance
Bulles Aériennes;recently_disaffiliated;UNAFFILIATED_STRUCTURE;1324 route de Seailles, quartier Durand;97212;St Joseph;bullesaeriennes@gmail.com;0696442917;;14.6708831;-61.0374149;;;;https://www.ffdanse.fr/structures/5930-bulles-aeriennes;5930-bulles-aeriennes
C Ten'danse;recently_disaffiliated;UNAFFILIATED_STRUCTURE;Gymnase de Hambach;57910;HAMBACH;ctendanse57@gmail.com;0750399278;;49.061083;7.041725;;;;https://www.ffdanse.fr/structures/1092-c-ten-danse;1092-c-ten-danse
C'DANCE;affiliated;AFFILIATED_STRUCTURE;8 place rose valland;38590;saint etienne de saint geoirs;cdance.admi@gmail.com;0663416593;;45.3403244;5.3434101;2026;Africaine | Afro-contemporaine | Cabaret | Classique | Contemporain | Eveil à la Danse | Jazz | Pole Sport | Rock | Societe | Street Dance | Danse en solo Latine | Danses Solo | Latines;Danses ethniques | Afro-jazz | Cabaret | Classique | Ateliers de création | Contemporain | Modern jazz | Jazz | Pole sport | Rock'n'roll | Danses de salon | Danses hip-hop | Danses latines;https://www.ffdanse.fr/structures/5716-c-dance;5716-c-dance
C'danse;affiliated;AFFILIATED_STRUCTURE;Place de l'Eglise;06560;VALBONNE;info@culture-danse.fr;0493402202;;43.626764;7.099635;2026;Boogie Woogie | Hip Hop | Jazz | Regards chorégraphiques | Rock et DA | Rock'n'Roll | West Coast Swing | Boogie Formation | Boogie Juniors | Boogie Main Class | Boogie Rising Star | Boogie Seniors | Boogie Woogie Fédéral | Breaking | Formation Rock Girls | Formation Rock Juniors | Formation Rock Ladies | Formation Rock Main Class | Formation Rock Main Class Quattro | Lindy Hop | Lindy Hop Fédéral | Lindy Hop Junior | Lindy Hop Main Class | Lindy Hop Senior 1 | Lindy Hop Senior 2 | Lindy Hop Show case | Rock | Rock Acrobatique | Rock Acrobatique Fédéral | Rock Artistique Fédéral | Rock Children | Rock Couple Dance Show | Rock Formation | Rock Juniors | Rock Juveniles | Rock Main Class Contact Style | Rock Main Class Free Style | Rock Saute | Rock'n Roll Fédéral | Small formation Rock Girls | Small Formation Rock Ladies | Street Dance;Boogie-Woogie | Danses hip-hop | Modern jazz | Jazz | Ateliers de création | Contemporain | Rock sauté | Rock'n'roll | West Coast Swing | Breaking | Lindy hop | Rock acrobatique;https://www.ffdanse.fr/structures/191-c-danse;191-c-danse
C'est comme ça;affiliated;AFFILIATED_STRUCTURE;39, rue de Turenne;80080;AMIENS;philippe.zinetti@wanadoo.fr;0624504138;;49.9033409;2.3032039;2026;Contemporain;Ateliers de création | Contemporain;https://www.ffdanse.fr/structures/1650-c-est-comme-ca;1650-c-est-comme-ca
C.D.S.L;affiliated;AFFILIATED_STRUCTURE;54 ALLEE DU COUVENT;07170;LAVILLEDIEU;meyssonnier.franck@wanadoo.fr;0475940201;;44.575678;4.4526268;2026;Danse Show | Danse en solo Latine | Danse en solo Standard | Danses Solo | Dix Danses | Eveil à la Danse | Jazz | Latines | Societe | Solo Team Lat / Std | Standards | Zumba;Disco | Danses latines | Danses standards | Modern jazz | Jazz | Danses de salon | Zumba;https://www.ffdanse.fr/structures/2549-c-d-s-l;2549-c-d-s-l
C.L.D.TWINKLY;affiliated;AFFILIATED_STRUCTURE;Mairie;37320;Esvres;cldtwinklyesvres@gmail.com;0660568248;twinklylinedancers.e-monsite.com;47.2838362;0.78523010000004;2026;Country And Line;Country & line;https://www.ffdanse.fr/structures/838-c-l-d-twinkly;838-c-l-d-twinkly
C.O.M.A. danse du Coudray;affiliated;AFFILIATED_STRUCTURE;82 Bd du Gal Leclerc;95100;ARGENTEUIL;comargenteuil@aol.com;0134110404;;48.9378943;2.2273278;2026;Jazz;Modern jazz | Jazz;https://www.ffdanse.fr/structures/1963-c-o-m-a-danse-du-coudray;1963-c-o-m-a-danse-du-coudray
C.O.SAVIGNY;affiliated;AFFILIATED_STRUCTURE;48 avenue Charles De Gaulle, Mairie de Savigny;91600;Savigny sur Orge;pga.savigny91@gmail.com;0681320793;https://www.cosavigny.com/page/148500-presentation;48.6791679;2.3459905;2026;Contemporain;Ateliers de création | Contemporain;https://www.ffdanse.fr/structures/6375-c-o-savigny;6375-c-o-savigny
C2A 7ème trimestre;affiliated;AFFILIATED_STRUCTURE;55 rue Francis Davso;13001;MARSEILLE;compagniec2a@free.fr;0491549512;;43.2930446;5.3761053;2026;Contemporain | Jazz;Ateliers de création | Contemporain | Modern jazz | Jazz;https://www.ffdanse.fr/structures/246-c2a-7eme-trimestre;246-c2a-7eme-trimestre
CA'DANSE;affiliated;AFFILIATED_STRUCTURE;2B avenue fabre d'eglantine;11300;LIMOUX;cadanse11@gmail.com;0613421577;cadanselimoux.org;43.0473943;2.220786;2026;Afro-contemporaine | Bachata | Barre au Sol | Cabaret | Classique | Comedie Musicale | Contemporain | Danse Verticale | Danse aérienne | Danses Solo | Disco | Eveil à la Danse | Hip Hop | Jazz | Latines | Latino Caraibes | New Style | Pole Dance | Regards chorégraphiques | Street Dance | Zumba;Afro-jazz | Bachata | Barre au sol classique | Barre au sol contemporaine | Cabaret | Classique | Comédie musicale | Ateliers de création | Contemporain | Danses aériennes | Disco | Danses hip-hop | Modern jazz | Jazz | Danses latines | Danses latino-caraïbes | Pole dance | Zumba;https://www.ffdanse.fr/structures/2490-ca-danse;2490-ca-danse
Cacbo Danse;affiliated;AFFILIATED_STRUCTURE;24 rue Pasteur - Stade Lacoste;33560;CARBON BLANC;danse.carbon.blanc@gmail.com;0556065077;;44.8915636;-0.5106867;2026;Classique | Jazz;Classique | Modern jazz | Jazz;https://www.ffdanse.fr/structures/674-cacbo-danse;674-cacbo-danse
Cadan's 91;affiliated;AFFILIATED_STRUCTURE;1, rue Pasteur, Mairie;91290;LA NORVILLE;amsl.cadans91@gmail.com;06 81 15 10 78;www.cadans91.org;48.5893573;2.2634759;2026;Bachata | Dix Danses | Kizomba | Latines | Rock | Salsa | Standards | West Coast Swing;Bachata | Danses latines | Danses standards | Kizomba | Rock'n'roll | Salsa | West Coast Swing;https://www.ffdanse.fr/structures/1865-cadan-s-91;1865-cadan-s-91
Cadanse;affiliated;AFFILIATED_STRUCTURE;37 rue principale;62270;rebreuviette;helenefabrice@hotmail.fr;0778196867;;50.2627702;2.3662943;2026;Cabaret | Comedie Musicale | Eveil à la Danse;Cabaret | Comédie musicale;https://www.ffdanse.fr/structures/1229-cadanse;1229-cadanse
Cadanse B;affiliated;AFFILIATED_STRUCTURE;53 ter avenue Raspail;94100;SAINT MAUR DES FOSSES;carolecadanse@gmail.com;0148868405;;48.7859348;2.4912894;2026;Jazz;Modern jazz | Jazz;https://www.ffdanse.fr/structures/1939-cadanse-b;1939-cadanse-b
Cadanse Sailly;affiliated;AFFILIATED_STRUCTURE;6 rue des Millepertuis;59390;SAILLY LEZ LANNOY;cadanse@cadanse.fr;0619243642;https://www.cadanse.fr;50.6487989;3.2216995;2026;Bachata | Lindy Hop | Rock | Rock'n'Roll | Salsa | Societe | West Coast Swing;Bachata | Lindy hop | Rock'n'roll | Salsa | Danses de salon | West Coast Swing;https://www.ffdanse.fr/structures/1128-cadanse-sailly;1128-cadanse-sailly
Cadansétoile;affiliated;AFFILIATED_STRUCTURE;15 rue de bel air, 29700;29700;pluguffan;annie.jan9@orange.fr;0678706793;;47.970555;-4.139172;2026;Bachata | Kizomba | Salsa | Societe | Tango Argentin;Bachata | Kizomba | Salsa | Danses de salon | Tango argentin;https://www.ffdanse.fr/structures/6320-cadansetoile;6320-cadansetoile
Cadence club;affiliated;AFFILIATED_STRUCTURE;Salle des Fêtes - rue daniel ranger;62870;CAMPAGNE LES HESDIN;hertaultc@yahoo.fr;0321817086;;50.3975428;1.8770287;2026;Jazz;Modern jazz | Jazz;https://www.ffdanse.fr/structures/1209-cadence-club;1209-cadence-club
Cadences & scène;affiliated;AFFILIATED_STRUCTURE;Avenue de la Grande Bastide, Le Grand Jardin;83980;LE LAVANDOU - LE LAVANDOU;contact@cadencesetscene.fr;0616261760;https://cadencesetscene.fr/;43.1331209;6.3556019;2026;Cabaret | Eveil à la Danse | Hip Hop | Jazz | New Style | Orientale | Street Dance;Cabaret | Danses hip-hop | Modern jazz | Jazz | Danses ethniques;https://www.ffdanse.fr/structures/3126-cadences-scene;3126-cadences-scene
Cahors Let's Danses;affiliated;AFFILIATED_STRUCTURE;Maison des associations Place Bessières 46000 CAHORS;46000;Cahors;cahorsletsdanses@gmail.fr;0781558160;cahors-lets-danses.fr;44.4523935;1.4386082;2026;Dix Danses | Latines | Rock | Standards;Danses latines | Danses standards | Rock'n'roll;https://www.ffdanse.fr/structures/1000-cahors-let-s-danses;1000-cahors-let-s-danses
Calabash;recently_disaffiliated;UNAFFILIATED_STRUCTURE;57 chemin de la mouche;69230;saint-genis-laval;info@cie-calabash.com;0954567983;https://cie-calabash.com/fr/page/ecole-de-danse;45.6953839;4.8146875;;;;https://www.ffdanse.fr/structures/1446-calabash;1446-calabash
Calamity Country Gang;affiliated;AFFILIATED_STRUCTURE;7 Chemin de la Jasse;11200;NEVIAN;calamitycountry@orange.fr;06 29 92 63 86;;43.2089412;2.9053765;2026;Country And Line;Country & line;https://www.ffdanse.fr/structures/5893-calamity-country-gang;5893-calamity-country-gang
Calas Danse;affiliated;AFFILIATED_STRUCTURE;7 av Pont de Vallat - Calas, (Siret 411 356 207 000 18);13480;CABRIES;calasdanse@free.fr;0676295960;www.calas-danse.com;43.464200456381;5.3426266492127;2026;Barre au Sol | Classique | Contemporain | Eveil à la Danse | Hip Hop | Jazz | Ragga | Regards chorégraphiques | Societe | Zumba;Barre au sol classique | Barre au sol contemporaine | Classique | Ateliers de création | Contemporain | Danses hip-hop | Modern jazz | Jazz | Danses de salon | Zumba;https://www.ffdanse.fr/structures/260-calas-danse;260-calas-danse
CALYPSO;affiliated;AFFILIATED_STRUCTURE;13  rue du Pouy;32000;AUCH;calypsodanse32@gmail.com;0682523715;;43.6489758;0.5872418;2026;Bachata | Kizomba | Salsa;Bachata | Kizomba | Salsa;https://www.ffdanse.fr/structures/6260-calypso;6260-calypso
Cambio Salsacademy;affiliated;AFFILIATED_STRUCTURE;Maison des Associations - 1, place des Orphelins;67000;Strasbourg;cambio.salsacademy@gmail.com;0635255076;;48.578989;7.754157;2026;Salsa;Salsa;https://www.ffdanse.fr/structures/1345-cambio-salsacademy;1345-cambio-salsacademy
Camille Perrier Danse Academie;affiliated;AFFILIATED_STRUCTURE;1370 route d'aubenas;07200;la chapelle sous aubenas;camilleperrier.danseacademie@hotmail.com;0659476169;;44.5779868;4.3699223;2026;Classique | Contemporain | Eveil à la Danse | Jazz;Classique | Ateliers de création | Contemporain | Modern jazz | Jazz;https://www.ffdanse.fr/structures/3897-camille-perrier-danse-academie;3897-camille-perrier-danse-academie
Caminito de Tango;affiliated;AFFILIATED_STRUCTURE;MVA 122 bis rue du Barbâtre, BAL 204-121;51100;Reims;contact@caminitodetango.fr;0675015431;https://www.caminitodetango.fr;49.2468728;4.0416843;2026;Tango Argentin | Danses Solo;Tango argentin;https://www.ffdanse.fr/structures/1046-caminito-de-tango;1046-caminito-de-tango
Candela Dance Studio;affiliated;AFFILIATED_STRUCTURE;18 Cours Marin;42152;L'Horme;candeladance42@gmail.com;0676096673;;45.4865087;4.5449663;2026;Autres Danses | Bachata | Bachata Team Couple | Bachata Team Styling | Breaking | Danse Show | Danses Solo | Duo bachata Shines | Duo salsa Shines | Eveil à la Danse | Hip Hop | House | Kizomba | Kizomba Chorégraphie | Kizomba Improvisation Traditionnelle | Kizomba Improvisation Urban | Krump | Latino Caraibes | Locking | New Style | OLD : Salsa, Bachata, Kizomba | Poping | Ragga | Salsa | Salsa Team Couple | Salsa Team Styling | Show Latino Caraïbe | Street Dance | Teams SBK;Bachata | Breaking | Disco | Danses hip-hop | Kizomba | Danses latino-caraïbes | Salsa;https://www.ffdanse.fr/structures/5292-candela-dance-studio;5292-candela-dance-studio
Canton Danses 74;affiliated;AFFILIATED_STRUCTURE;380 route des moulins;74340;SAMOËNS;canton.danses@gmail.com;06 62 22 19 97;;46.084044;6.728173;2026;Contemporain | Country And Line | Societe;Ateliers de création | Contemporain | Country & line | Danses de salon;https://www.ffdanse.fr/structures/3262-canton-danses-74;3262-canton-danses-74
CAP CORPS;affiliated;AFFILIATED_STRUCTURE;41 Rue de Dinan, ZA de Nazareth;22130;PLANCOET;capcorps22@outlook.fr;0296805099;www.capcorps.fr;48.5140474;-2.2166547;2026;Bachata | Boogie Woogie | Classique | Eveil à la Danse | Jazz | Kizomba | Latines | Lindy Hop | Rock Formation | Rock Saute | Rock et DA | Rock'n'Roll | Societe | Standards | Street Dance | West Coast Swing | Zumba;Bachata | Boogie-Woogie | Classique | Modern jazz | Jazz | Kizomba | Danses latines | Lindy hop | Rock'n'roll | Rock sauté | Danses de salon | Danses standards | Danses hip-hop | West Coast Swing | Zumba;https://www.ffdanse.fr/structures/4100-cap-corps;4100-cap-corps
Cap Culture & Loisirs;affiliated;AFFILIATED_STRUCTURE;7 av Ferrer;93190;LIVRY-GARGAN;capcl793@gmail.com;0633557939;https://capcultureloisirs.com;48.9256535;2.5411321;2026;Bollywood | Breaking | Comedie Musicale | Hip Hop | House | Street Dance | Zumba;Danses ethniques | Breaking | Comédie musicale | Danses hip-hop | Zumba;https://www.ffdanse.fr/structures/1926-cap-culture-loisirs;1926-cap-culture-loisirs
Cap Danse St Maximin;affiliated;AFFILIATED_STRUCTURE;433 avenue des Cinq Ponts Parc d'activité Chemin dAix;83470;Saint Maximin La Sainte Baume;eric.sourdeau@wanadoo.fr;0634675703;;43.455431;5.847934;2026;Danse en solo Latine | Danse en solo Standard | Dix Danses | Jazz | Latines | Show Dance Latine | Show Dance Standard | Societe | Solo Team Lat / Std | Standards;Danses latines | Danses standards | Modern jazz | Jazz | Danses de salon;https://www.ffdanse.fr/structures/1710-cap-danse-st-maximin;1710-cap-danse-st-maximin
CAP DANSE.C;recently_disaffiliated;UNAFFILIATED_STRUCTURE;20 BIS RUE DU COLONEL MOLL;54520;LAXOU;claude.royer2@free.fr;0685133215;www.capdanse.net;48.6828763;6.1580684;;;;https://www.ffdanse.fr/structures/2853-cap-danse-c;2853-cap-danse-c
CAP FLAM&CO;affiliated;AFFILIATED_STRUCTURE;57 RUE DE CASABLANCA, 40230;40230;ST VINCENT DE TYROSSE;d.borthayre@hotmail.fr;0612436683;;43.667838;-1.2806592;2026;Autres Danses Du Monde | Flamenco | Lindy Hop | Orientale | Rock'n'Roll | Tango Argentin | Zumba;Danses ethniques | Flamenco | Lindy hop | Rock'n'roll | Tango argentin | Zumba;https://www.ffdanse.fr/structures/4687-cap-flam-co;4687-cap-flam-co
Cap west country;affiliated;AFFILIATED_STRUCTURE;MAIRIE DE CONCHES;27190;CONCHES EN OUCHE;capwestcountry271@gmail.com;0662931049;;48.9619585;0.9428394;2026;Country And Line;Country & line;https://www.ffdanse.fr/structures/503-cap-west-country;503-cap-west-country
CAP'DANSE;affiliated;AFFILIATED_STRUCTURE;1200 rue de Paris;60520;La Chapelle-en-Serval;capdanse60@gmail.com;0685563557;;49.1304621;2.5347302;2026;Classique | Jazz;Classique | Modern jazz | Jazz;https://www.ffdanse.fr/structures/1186-cap-danse;1186-cap-danse
CAP'DANSE;affiliated;AFFILIATED_STRUCTURE;2 ROUTE DE LA MOLE;33770;SALLES;capdanse33770@gmail.com;0622386556;;44.5509416;-0.9094516;2026;Jazz;Modern jazz | Jazz;https://www.ffdanse.fr/structures/4003-cap-danse;4003-cap-danse
CARLADEZ COUNTRY;affiliated;AFFILIATED_STRUCTURE;HAMEAU DE BARS;12600;LACROIX BARREZ;annieraynalcoach@orange.fr;0682197269;;44.7782172;2.6357989;2026;Country And Line;Country & line;https://www.ffdanse.fr/structures/2441-carladez-country;2441-carladez-country
CARLY'P HOP;affiliated;AFFILIATED_STRUCTURE;250 ZA LES AGONEDES;30340;SAINT JULIEN LES ROSIERS;carlyphop@gmail.com;0643738879;;44.166386;4.09697;2026;Breaking | Hip Hop | New Style;Breaking | Danses hip-hop;https://www.ffdanse.fr/structures/4347-carly-p-hop;4347-carly-p-hop
Carnet de Bal;affiliated;AFFILIATED_STRUCTURE;1153 route de Grasse;06220;VALLAURIS;corine.mancia@gmail.com;0666010095;;43.5808776;7.0428434;2026;Danse Inclusive | Rock | Societe;Rock'n'roll | Danses de salon;https://www.ffdanse.fr/structures/6338-carnet-de-bal;6338-carnet-de-bal
Carnet de Bals;affiliated;AFFILIATED_STRUCTURE;16, rue de la Procession;75015;Paris;arnaud.degioanni@gmail.com;0683887827;http://www.carnetdebals.com;48.8394242;2.305615;2026;Danse Historique;Danse historique;https://www.ffdanse.fr/structures/1473-carnet-de-bals;1473-carnet-de-bals
CAROLE JACQUOT;affiliated;AFFILIATED_STRUCTURE;2 RUE JEANNE D ARC;90000;Belfort;carole.jacquot@dbmail.com;+33661922812;www.dansejacquot.com;47.6339776;6.8497327;2026;Classique | Contemporain | Regards chorégraphiques;Classique | Ateliers de création | Contemporain;https://www.ffdanse.fr/structures/3794-carole-jacquot;3794-carole-jacquot
Carrefour Culture et Loisirs;affiliated;AFFILIATED_STRUCTURE;Centre Gascard 4 rue de Verdun;76420;BIHOREL;ccl.bihorel76@gmail.com;0235611504;http://www.carrefour-culture-loisirs.org/;49.4568136;1.1177761;2026;Classique | Contemporain;Classique | Ateliers de création | Contemporain;https://www.ffdanse.fr/structures/1525-carrefour-culture-et-loisirs;1525-carrefour-culture-et-loisirs
CARRETERO BOUISSOU;affiliated;AFFILIATED_STRUCTURE;517 chemin du Puech;46100;Lentillac st Blaise;artefact.corpsetdanse@gmail.com;0759772854;;44.5843;2.12764;2026;Danse Inclusive | Eveil à la Danse | Jazz | Street Dance;Modern jazz | Jazz | Danses hip-hop;https://www.ffdanse.fr/structures/5692-carretero-bouissou;5692-carretero-bouissou
Carry culture loisir;affiliated;AFFILIATED_STRUCTURE;5 impasse bocoumajour;13620;Carry Le Rouet;carryculture.loisirs@gmail.com;0620108937;;43.3299738;5.1469331;2026;Africaine | Boogie Woogie | Contemporain | Flamenco | Hip Hop | Jazz | Orientale | Standards | Tango Argentin | West Coast Swing | Bachata | Cabaret | Kizomba | Latines | Rock | Salsa | Societe | Zumba;Danses ethniques | Boogie-Woogie | Ateliers de création | Contemporain | Flamenco | Danses hip-hop | Modern jazz | Jazz | Danses standards | Tango argentin | West Coast Swing | Bachata | Cabaret | Kizomba | Danses latines | Rock'n'roll | Salsa | Danses de salon | Zumba;https://www.ffdanse.fr/structures/324-carry-culture-loisir;324-carry-culture-loisir
Carrément Citoyen;recently_disaffiliated;UNAFFILIATED_STRUCTURE;51 route des Plantons;40420;Labrit;carrementcitoyen@gmail.com;0648515240;;44.1042341;-0.5444125;;;;https://www.ffdanse.fr/structures/5959-carrement-citoyen;5959-carrement-citoyen
Carte Blanche;affiliated;AFFILIATED_STRUCTURE;32 Rue Jean Nicot;11210;Port la Nouvelle;carteblanchecb@orange.fr;0616293098;;43.0168787;3.0553604;2026;Barre au Sol | Claquettes | Classique | Contemporain | Jazz;Barre au sol classique | Barre au sol contemporaine | Claquettes | Classique | Ateliers de création | Contemporain | Modern jazz | Jazz;https://www.ffdanse.fr/structures/5818-carte-blanche;5818-carte-blanche
CASTEL COUNTRY;affiliated;AFFILIATED_STRUCTURE;PLACE DE L'HOTEL DE VILLE;18190;CHATEAUNEUF SUR CHER;castelcountry18@gmail.com;0614201751;;46.8573723;2.3170929;2026;Country And Line;Country & line;https://www.ffdanse.fr/structures/5395-castel-country;5395-castel-country
Catalan Country Spirit;affiliated;AFFILIATED_STRUCTURE;1772 Rue de Rogeland;01170;Gex;maffei.famille@gmx.fr;0611787229;https://catalancountryspirit01.e-monsite.com/;46.3520272;6.052834;2026;Country And Line;Country & line;https://www.ffdanse.fr/structures/110-catalan-country-spirit;110-catalan-country-spirit
CDL87 Club de Danse de la Haute-Vienne;affiliated;AFFILIATED_STRUCTURE;1971 Route de Vedrenne;87240;Ambazac;florencedanse87@gmail.com;06-51-82-53-36;;45.9410626;1.3395201;2026;Latines | Rock'n'Roll | Societe | Standards | West Coast Swing | Danses Solo;Danses latines | Rock'n'roll | Danses de salon | Danses standards | West Coast Swing;https://www.ffdanse.fr/structures/6152-cdl87-club-de-danse-de-la-haute-vienne;6152-cdl87-club-de-danse-de-la-haute-vienne
CDS - Laissez nous danser;affiliated;AFFILIATED_STRUCTURE;9 rue Richard Lenoir, Chez Sylvie Leroy Barachin;75011;Paris;president@laissez-nous-danser.com;0695202256;;48.8546655;2.3820196;2026;Autres Danses | Dix Danses | Hip Hop | Latines | OLD : Salsa, Bachata, Kizomba | Societe | Standards;Danses latines | Danses standards | Danses hip-hop | Salsa | Bachata | Danses de salon;https://www.ffdanse.fr/structures/1474-cds-laissez-nous-danser;1474-cds-laissez-nous-danser
CEC DANCE;affiliated;AFFILIATED_STRUCTURE;175 Grande Rue;79270;EPANNES;cecdance@gmail.com;0612871225;;46.233566;-0.583605;2026;Country And Line;Country & line;https://www.ffdanse.fr/structures/2212-cec-dance;2212-cec-dance
cedric MICHELON;affiliated;AFFILIATED_STRUCTURE;60 Rue du Calvaire 34980 Saint-Gély-du-Fesc (34980);34980;ST GELY DU FESC;valentime34@hotmail.fr;0689943197;www.dansepassion34.fr;43.6908708;3.8014883;2026;Dix Danses | Latines | Rock et DA | Rock'n'Roll | Show Dance Latine | Show Dance Standard | Standards;Danses latines | Danses standards | Rock sauté | Rock'n'roll;https://www.ffdanse.fr/structures/3032-cedric-michelon;3032-cedric-michelon
CEL DANSE & ART;affiliated;AFFILIATED_STRUCTURE;zone artisanale de la Foux, 83640;83640;Saint-zacharie;celdanseandart@gmail.com;0610468655;http://www.celdanseandart.fr/;43.3882781;5.7206619;2026;Barre au Sol | Breaking | Cabaret | Classique | Contemporain | Eveil à la Danse | Hip Hop | Jazz | Ragga | Street Dance;Barre au sol classique | Barre au sol contemporaine | Breaking | Cabaret | Classique | Ateliers de création | Contemporain | Danses hip-hop | Modern jazz | Jazz;https://www.ffdanse.fr/structures/6290-cel-danse-art;6290-cel-danse-art
CEL DANSEE STUDIO;affiliated;AFFILIATED_STRUCTURE;65 CHEMIN ST CLAIR, 83860;83640;SAINT-ZACHARIE;celdansestudio@hotmail.fr;0610468655;;43.3863379;5.7086568;2026;Classique | Contemporain | Eveil à la Danse | Hip Hop | Jazz | Ragga;Classique | Ateliers de création | Contemporain | Danses hip-hop | Modern jazz | Jazz;https://www.ffdanse.fr/structures/4945-cel-dansee-studio;4945-cel-dansee-studio
CELINE DAVIDAS;recently_disaffiliated;UNAFFILIATED_STRUCTURE;QUARTIER BEL AIR;97280;VAUCLIN;celinedavidas.m@gmail.com;0660238619;;14.5456526;-60.83968;2026;Afro-caribéennes | Autres Danses | Autres Danses Du Monde | Danse Historique | Danse Show | Danses Solo | Hip Hop | Regards chorégraphiques | Street Dance;Danses ethniques | Danse historique | Disco | Danses hip-hop | Ateliers de création | Contemporain;https://www.ffdanse.fr/structures/5333-celine-davidas;5333-celine-davidas
Celtic Addiction;recently_disaffiliated;UNAFFILIATED_STRUCTURE;Place des cognassiers;47000;AGEN;stanislas.lehericy@gmail.com;0684646056;http://celticaddiction.wixsite.com/accueil-celtic;44.1949845;0.6178625;;;;https://www.ffdanse.fr/structures/1016-celtic-addiction;1016-celtic-addiction
CENTRE ART DANSE;affiliated;AFFILIATED_STRUCTURE;5 impasse du Jaumet;66690;Sorède;centreartdanse66@gmail.com;0615506984;;42.5370993;2.963515;2026;Barre au Sol | Contemporain | Jazz;Barre au sol classique | Barre au sol contemporaine | Ateliers de création | Contemporain | Modern jazz | Jazz;https://www.ffdanse.fr/structures/3252-centre-art-danse;3252-centre-art-danse
Centre Artistique Arabesque Sport;affiliated;AFFILIATED_STRUCTURE;13 rue Van Loo;91150;Etampes - 91150;centreartistiquearabesque@gmail.com;0761138447;;48.4370015;2.1656884;2026;Autres Danses Du Monde | Bollywood | Cabaret | Claquettes | Classique | Comedie Musicale | Contemporain | Eveil à la Danse | Flamenco | Hip Hop | Jazz groupe | Orientale | Pilates | Pole Dance | Zumba;Danses ethniques | Cabaret | Claquettes | Classique | Comédie musicale | Ateliers de création | Contemporain | Flamenco | Danses hip-hop | Pole dance | Zumba;https://www.ffdanse.fr/structures/6264-centre-artistique-arabesque-sport;6264-centre-artistique-arabesque-sport
Centre artistique des trois vallées;affiliated;AFFILIATED_STRUCTURE;14 rue Perrot;76116;RY;catv.ry@orange.fr;0235346221;;49.4697654;1.346133;2026;Africaine | Classique | Contemporain | Hip Hop | Jazz | OLD : Salsa, Bachata, Kizomba;Danses ethniques | Classique | Ateliers de création | Contemporain | Danses hip-hop | Modern jazz | Jazz | Salsa | Bachata;https://www.ffdanse.fr/structures/1499-centre-artistique-des-trois-vallees;1499-centre-artistique-des-trois-vallees
Centre Artistique STUDIO 7;affiliated;AFFILIATED_STRUCTURE;7 rue Gustave Eiffel;66470;Sainte-marie-la-mer;centreartistiquestudio7@gmail.com;0619034189;;42.7318393;3.0237809;2026;Barre au Sol | Cabaret | Claquettes | Classique | Comedie Musicale | Contemporain | Danse en solo Latine | Eveil à la Danse | Jazz | Latines | Pilates;Barre au sol classique | Barre au sol contemporaine | Cabaret | Claquettes | Classique | Comédie musicale | Ateliers de création | Contemporain | Modern jazz | Jazz | Danses latines;https://www.ffdanse.fr/structures/4287-centre-artistique-studio-7;4287-centre-artistique-studio-7
Centre Choréa danse;affiliated;AFFILIATED_STRUCTURE;14 bld du Mal Leclerc;06130;GRASSE;centrechoreadansegrasse@gmail.com;0493090255;;43.6502344;6.9195811;2026;Autres Danses | Claquettes | Classique | Contemporain | Flamenco | Hip Hop | Jazz | New Style | OLD : Salsa, Bachata, Kizomba | Pole Dance;Claquettes | Classique | Ateliers de création | Contemporain | Flamenco | Danses hip-hop | Modern jazz | Jazz | Salsa | Bachata | Pole dance;https://www.ffdanse.fr/structures/146-centre-chorea-danse;146-centre-chorea-danse
Centre Chorégraphique;affiliated;AFFILIATED_STRUCTURE;5 boulevard Martin Bret;04100;MANOSQUE;sophy.lambert@wanadoo.fr;0681527301;;43.8357257;5.7813487;2026;Regards chorégraphiques;Ateliers de création | Contemporain;https://www.ffdanse.fr/structures/3981-centre-choregraphique;3981-centre-choregraphique
Centre chorégraphique de Houdan et sa région;affiliated;AFFILIATED_STRUCTURE;Mairie de Houdan;78550;HOUDAN;cchach7828@gmail.com;0673467680;cch-ecolededanse.fr;48.7897038;1.6022106;2026;Classique | Contemporain | Jazz;Classique | Ateliers de création | Contemporain | Modern jazz | Jazz;https://www.ffdanse.fr/structures/1610-centre-choregraphique-de-houdan-et-sa-region;1610-centre-choregraphique-de-houdan-et-sa-region
Centre chorégraphique Isadora;affiliated;AFFILIATED_STRUCTURE;Route d'Espagne;31190;AUTERIVE;auterive.isadora@gmail.com;0561500988;www.isadora.fr;43.341925;1.476961;2026;Africaine | Afro-contemporaine | Breaking | Classique | Contemporain | Eveil à la Danse | Hip Hop | Jazz | Pilates | Poping | Regards chorégraphiques | Rock Formation | Rock et DA | Salsa | Societe;Danses ethniques | Afro-jazz | Breaking | Classique | Ateliers de création | Contemporain | Danses hip-hop | Modern jazz | Jazz | Rock'n'roll | Rock sauté | Salsa | Danses de salon;https://www.ffdanse.fr/structures/603-centre-choregraphique-isadora;603-centre-choregraphique-isadora
Centre culturel d'Achères;affiliated;AFFILIATED_STRUCTURE;Place Georges Brassens, Espace Jean Cocteau;78260;ACHERES;administration.cca@orange.fr;0139116577;;48.9693394;2.0750819;2026;Africaine | Classique | Comedie Musicale | Jazz | Street Dance;Danses ethniques | Classique | Comédie musicale | Modern jazz | Jazz | Danses hip-hop;https://www.ffdanse.fr/structures/1611-centre-culturel-d-acheres;1611-centre-culturel-d-acheres
Centre Culturel Marguerite Dembreville de Chantilly;affiliated;AFFILIATED_STRUCTURE;34 rue d'Aumale, 60500;60500;CHANTILLY;elodie.angeles@ccmdchantilly.com;0680859069;www.ccmdchantilly.com;49.1935889;2.4670931;2026;Africaine | Afro-caribéennes | Barre au Sol | Classique | Eveil à la Danse | Jazz | Latines | Pilates;Danses ethniques | Barre au sol classique | Barre au sol contemporaine | Classique | Modern jazz | Jazz | Danses latines;https://www.ffdanse.fr/structures/6365-centre-culturel-marguerite-dembreville-de-chantilly;6365-centre-culturel-marguerite-dembreville-de-chantilly
Centre d'Enseignement et de Recherche Artistique de Colmar (CERAC);affiliated;AFFILIATED_STRUCTURE;13 avenue Joffre;68000;COLMAR;info@cerac.fr;0651781978;www.cerac.fr;48.0706673;7.3540362;2026;Classique | Contemporain | Eveil à la Danse | Hip Hop | Jazz | New Style | Orientale | Pilates | Ragga | Regards chorégraphiques;Classique | Ateliers de création | Contemporain | Danses hip-hop | Modern jazz | Jazz | Danses ethniques;https://www.ffdanse.fr/structures/1353-centre-d-enseignement-et-de-recherche-artistique-de-colmar-cerac;1353-centre-d-enseignement-et-de-recherche-artistique-de-colmar-cerac
CENTRE DANSE SANCERROIS JESSICA AUCHERE;affiliated;AFFILIATED_STRUCTURE;20 RUE MARCELLIN BERTHELOT;58200;COSNE COURS SUR LOIRE;centredansesancerrois@gmail.com;06.84.54.42.85;;47.4130457;2.9230466;2026;Classique | Eveil à la Danse | Jazz;Classique | Modern jazz | Jazz;https://www.ffdanse.fr/structures/4316-centre-danse-sancerrois-jessica-auchere;4316-centre-danse-sancerrois-jessica-auchere
Centre de danse Blanquer;affiliated;AFFILIATED_STRUCTURE;1 rue du buissonet;60800;FRESNOY LE LUAT;danseasenlis@gmail.com;0629768676;www.danseasenlis.com;49.211554;2.746017;2026;Dix Danses | Latines | Rock'n'Roll | Salsa | Standards | Danse en solo Latine;Danses latines | Danses standards | Rock'n'roll | Salsa;https://www.ffdanse.fr/structures/3177-centre-de-danse-blanquer;3177-centre-de-danse-blanquer
Centre de Danse Cynthia Jouffre;affiliated;AFFILIATED_STRUCTURE;3 rue des Romains;68170;RIXHEIM;cyjouffre@hotmail.com;0389442273;www.centrecynthiajouffre.com;47.749580450864;7.4125405486877;2026;Classique | Contemporain | Eveil à la Danse | Hip Hop | Jazz | Regards chorégraphiques;Classique | Ateliers de création | Contemporain | Danses hip-hop | Modern jazz | Jazz;https://www.ffdanse.fr/structures/1354-centre-de-danse-cynthia-jouffre;1354-centre-de-danse-cynthia-jouffre
Centre de Danse de Veigne;affiliated;AFFILIATED_STRUCTURE;12 place du Maréchal Leclerc, Marie de Veigné;37250;Veigné;centrededanseveigne@gmail.com;0672149051;https://centredanseveigne.jimdofree.com/;47.2871334;0.737135;2026;Classique | Hip Hop | Jazz;Classique | Danses hip-hop | Modern jazz | Jazz;https://www.ffdanse.fr/structures/4206-centre-de-danse-de-veigne;4206-centre-de-danse-de-veigne
Centre de danse le studio;affiliated;AFFILIATED_STRUCTURE;7 quai st nicolas;26500;Bourg-lès-Valence;eloisefedide69@gmail.com;0629447274;centre-danse-studio.com;44.9362796;4.8893965;2026;Barre au Sol | Claquettes | Classique | Comedie Musicale | Contemporain | Country And Line | Jazz | Societe | Street Dance;Barre au sol classique | Barre au sol contemporaine | Claquettes | Classique | Comédie musicale | Ateliers de création | Contemporain | Country & line | Modern jazz | Jazz | Danses de salon | Danses hip-hop;https://www.ffdanse.fr/structures/5728-centre-de-danse-le-studio;5728-centre-de-danse-le-studio
CENTRE DE DANSE M2L;affiliated;AFFILIATED_STRUCTURE;84 rue de Paris;60200;Compiègne;marjoriesavary.dansem2l@hotmail.com;06 21 79 11 26;www.centrededansem2l.com;49.4113157;2.8177387;2026;Afro-caribéennes | Barre au Sol | Classique | Contemporain | Eveil à la Danse | Hip Hop | Jazz | New Style | Street Dance | Zumba;Danses ethniques | Barre au sol classique | Barre au sol contemporaine | Classique | Ateliers de création | Contemporain | Danses hip-hop | Modern jazz | Jazz | Zumba;https://www.ffdanse.fr/structures/5278-centre-de-danse-m2l;5278-centre-de-danse-m2l
Centre de Danse Marlène Masante – Jazz’Art Move;affiliated;AFFILIATED_STRUCTURE;120 B chemin Ste Catherine;06690;Tourrette-Levens;jazzartmove@orange.fr;06.82.11.29.75;;43.7574823;7.329631;2026;Eveil à la Danse | Jazz | Barre au Sol | Cabaret | Classique | Contemporain;Modern jazz | Jazz | Barre au sol classique | Barre au sol contemporaine | Cabaret | Classique | Ateliers de création | Contemporain;https://www.ffdanse.fr/structures/181-centre-de-danse-marlene-masante-jazz-art-move;181-centre-de-danse-marlene-masante-jazz-art-move
Centre de danse Tamanu;affiliated;AFFILIATED_STRUCTURE;centre commercial tamanu, 121 205 98712 PAPARA;98718;Punaauia;centrededanse.tamanu@gmail.com;+68987707984;;-17.634488;-149.6091484;2026;Barre au Sol | Breaking | Classique | Contemporain | Eveil à la Danse | Hip Hop | Jazz | Locking | Poping | Ragga | Regards chorégraphiques;Barre au sol classique | Barre au sol contemporaine | Breaking | Classique | Ateliers de création | Contemporain | Danses hip-hop | Modern jazz | Jazz;https://www.ffdanse.fr/structures/4640-centre-de-danse-tamanu;4640-centre-de-danse-tamanu
Centre de formation ADAGE;affiliated;AFFILIATED_STRUCTURE;29 rue tombe l'oly;33000;bordeaux;adage@adage33.fr;0556313032;;44.8323766;-0.5747513;2026;Regards chorégraphiques;Ateliers de création | Contemporain;https://www.ffdanse.fr/structures/681-centre-de-formation-adage;681-centre-de-formation-adage
Centre de ressources du danseur;affiliated;AFFILIATED_STRUCTURE;1 rue des HUATS;93700;DRANCY;marieclaudenehlig@orange.fr;;;48.910956;2.456584;2026;Barre au Sol | Contemporain | Eveil à la Danse | Regards chorégraphiques;Barre au sol classique | Barre au sol contemporaine | Ateliers de création | Contemporain;https://www.ffdanse.fr/structures/1915-centre-de-ressources-du-danseur;1915-centre-de-ressources-du-danseur
CENTRE INTERNATIONAL DE DANSE DES HAUTS DE FRANCE;affiliated;AFFILIATED_STRUCTURE;9/11, bd Voltaire;80100;ABBEVILLE;cidhf80@gmail.com;09.67.04.27.70;;50.1036516;1.8247358;2026;Claquettes | Classique | Contemporain | Eveil à la Danse | Jazz | Ragga | Zumba;Claquettes | Classique | Ateliers de création | Contemporain | Modern jazz | Jazz | Danses hip-hop | Zumba;https://www.ffdanse.fr/structures/5949-centre-international-de-danse-des-hauts-de-france;5949-centre-international-de-danse-des-hauts-de-france
Centre International des Arts et Cultures Urbaines;affiliated;AFFILIATED_STRUCTURE;37 bld A. Briand;13100;AIX EN PROVENCE;associacu@gmail.com;0626465148;https://www.ciacu13.com/;43.5326536;5.4491947;2026;Hip Hop;Danses hip-hop;https://www.ffdanse.fr/structures/251-centre-international-des-arts-et-cultures-urbaines;251-centre-international-des-arts-et-cultures-urbaines
Centre Musical et Initiatives Artistiques;affiliated;AFFILIATED_STRUCTURE;Espace Culturel Michel Poniatowski 1 chemin Pierre Terver;95290;L'ISLE-ADAM;cmia95290@outlook.fr;0672586293;cmia-95.fr;49.1164409;2.2140995;2026;Jazz;Modern jazz | Jazz;https://www.ffdanse.fr/structures/1992-centre-musical-et-initiatives-artistiques;1992-centre-musical-et-initiatives-artistiques
Centre Social Créanto;affiliated;AFFILIATED_STRUCTURE;4 rue de METZ, 4 Rue De Metz;57690;Créhange;jessica.duval576@gmail.com;0387942627;;49.0627414;6.5809686;2026;Street Dance;Danses hip-hop;https://www.ffdanse.fr/structures/5941-centre-social-creanto;5941-centre-social-creanto
Centre social Saint Gabriel;affiliated;AFFILIATED_STRUCTURE;12 rue Richard;13014;MARSEILLE;stgabriel1@orange.fr;0491673203;;43.3234663;5.3836899;2026;Contemporain;Ateliers de création | Contemporain;https://www.ffdanse.fr/structures/243-centre-social-saint-gabriel;243-centre-social-saint-gabriel
CERCLE CHOREGRAPHIQUE DES CHEMINOTS;affiliated;AFFILIATED_STRUCTURE;26 RUE LOUIS DENEUVILLE;62210;AVION;cercle.choregraphique@gmail.com;0626800330;;50.4125451;2.8467845;2026;Classique | Contemporain | Jazz;Classique | Ateliers de création | Contemporain | Modern jazz | Jazz;https://www.ffdanse.fr/structures/2716-cercle-choregraphique-des-cheminots;2716-cercle-choregraphique-des-cheminots
Cercle Culturel du 19 ième;affiliated;AFFILIATED_STRUCTURE;Maison des Associations boîte n°149    20, rue Edouard  Pailleron;75019;PARIS;cercleculturel19@free.fr;0671442456;;48.8804154;2.37657;2026;Dix Danses | Latines | Standards;Danses latines | Danses standards;https://www.ffdanse.fr/structures/1469-cercle-culturel-du-19-ieme;1469-cercle-culturel-du-19-ieme
Cergy Dans';affiliated;AFFILIATED_STRUCTURE;40 rue de la roche;95300;Pontoise;cergydans@gmail.com;0626038158;;49.040010197049;2.0736025796875;2026;Bachata | Danse en solo Latine | Danse en solo Standard | Danses Solo | Dix Danses | Kizomba | Latines | Rock et DA | Salsa | Show Dance Latine | Show Dance Standard | Societe | Standards | Tango Argentin;Bachata | Danses latines | Danses standards | Kizomba | Rock sauté | Salsa | Danses de salon | Tango argentin;https://www.ffdanse.fr/structures/1974-cergy-dans;1974-cergy-dans
CFI Danse Feeling Lalie Bena;recently_disaffiliated;UNAFFILIATED_STRUCTURE;C hez  CARSIN   Nathalie, 46 L HACIENDA;11430;GRUISSAN;nathalie.carsin@sfr.fr;0683203133;;43.0987431;3.1093532;2026;Autres Danses | Jazz;Modern jazz | Jazz;https://www.ffdanse.fr/structures/242-cfi-danse-feeling-lalie-bena;242-cfi-danse-feeling-lalie-bena
CHABADANSE;affiliated;AFFILIATED_STRUCTURE;6 residence Le Chapitre;02680;GRUGIES;Grugies.chabadanse@orange.fr;0670307873;;49.8173389;3.2625289;2026;Societe;Danses de salon;https://www.ffdanse.fr/structures/3608-chabadanse;3608-chabadanse
Chablais country club;affiliated;AFFILIATED_STRUCTURE;Salle Polyvalente 256 Chemin du Stade;74200;MARIN;chablaiscountryclub1@gmail.com;0770100489;chablaiscountryclub.fr;46.3777176;6.528163;2026;Country And Line | ancien nom à supprimer;Country & line;https://www.ffdanse.fr/structures/1447-chablais-country-club;1447-chablais-country-club
Chat Let's Dance;affiliated;AFFILIATED_STRUCTURE;43 rue de rambouillot;77820;LE CHATELET EN BRIE;chatletsdance@gmail.com;0680385185;;48.5019576;2.7893564;2026;Barre au Sol | Contemporain | Eveil à la Danse | Jazz | Hip Hop;Barre au sol classique | Barre au sol contemporaine | Ateliers de création | Contemporain | Modern jazz | Jazz | Danses hip-hop;https://www.ffdanse.fr/structures/4587-chat-let-s-dance;4587-chat-let-s-dance
Cheerdance Metz;affiliated;AFFILIATED_STRUCTURE;24 rue Lasalle;57000;Metz;pompom.metz@gmail.com;0663888226;;49.1141685;6.177954;2026;Danse Show;Disco;https://www.ffdanse.fr/structures/5794-cheerdance-metz;5794-cheerdance-metz
Cherry dance;affiliated;AFFILIATED_STRUCTURE;17 place de l'Église, 56190;56190;Arzal;cherry.dance@orange.fr;0671466468;;47.5166903;-2.3762176;2026;Street Dance;Danses hip-hop;https://www.ffdanse.fr/structures/5297-cherry-dance;5297-cherry-dance
Chor'a corps;affiliated;AFFILIATED_STRUCTURE;85 rue du moulin;57390;AUDUN LE TICHE;contact@choracorps.com;0611361670;www.choracorps.com;49.4754035;5.9509742;2026;Contemporain | Danse Verticale | Danse aérienne | Eveil à la Danse | Jazz | Regards chorégraphiques;Ateliers de création | Contemporain | Danses aériennes | Modern jazz | Jazz;https://www.ffdanse.fr/structures/1101-chor-a-corps;1101-chor-a-corps
Chor'é sens;affiliated;AFFILIATED_STRUCTURE;47 rue Ch.de Gaulle;60460;PRECY SUR OISE;choresens60@gmail.com;060000000;www.choresens.com;49.2064783;2.3700678;2026;Barre au Sol | Classique | Contemporain | Eveil à la Danse | Hip Hop | Jazz | Regards chorégraphiques;Barre au sol classique | Barre au sol contemporaine | Classique | Ateliers de création | Contemporain | Danses hip-hop | Modern jazz | Jazz;https://www.ffdanse.fr/structures/1179-chor-e-sens;1179-chor-e-sens
CHOREA;affiliated;AFFILIATED_STRUCTURE;28 RUE DES CHAMPS;59100;ROUBAIX;michel.haquette@free.fr;0618372769;;50.6927042;3.1670004;2026;Classique | Contemporain;Classique | Ateliers de création | Contemporain;https://www.ffdanse.fr/structures/5447-chorea;5447-chorea
CHOREDANSE;recently_disaffiliated;UNAFFILIATED_STRUCTURE;199 IMPASSE DE LA BEDOSSE;30100;ALES;choredanse@live.fr;0666232484;;44.1143398;4.1162641;;;;https://www.ffdanse.fr/structures/4057-choredanse;4057-choredanse
Chorege;affiliated;AFFILIATED_STRUCTURE;16 rue Méallet de cours;15000;AURILLAC;chorege15@gmail.com;0664135150;chorege15.fr;44.9191195;2.4409684;2026;Classique | Jazz;Classique | Modern jazz | Jazz;https://www.ffdanse.fr/structures/371-chorege;371-chorege
Chorelys Danse Création;affiliated;AFFILIATED_STRUCTURE;15 bld Gutenberg;93190;LIVRY GARGAN;miliaisabelle@gmail.com;0664139319;;48.9124865;2.5192666;2026;Dix Danses | Hip Hop | Jazz | Latines | Standards | Comedie Musicale | Contemporain;Danses latines | Danses standards | Danses hip-hop | Modern jazz | Jazz | Comédie musicale | Ateliers de création | Contemporain;https://www.ffdanse.fr/structures/1921-chorelys-danse-creation;1921-chorelys-danse-creation
CHORES FANS;affiliated;AFFILIATED_STRUCTURE;85 rue de la pontonnerie;45700;VILLEMANDEUR;choresfans@gmail.com;0629418745;choresfans.fr;48.0020014;2.7156862;2026;Classique | Jazz;Classique | Modern jazz | Jazz;https://www.ffdanse.fr/structures/5481-chores-fans;5481-chores-fans
Choré'art;affiliated;AFFILIATED_STRUCTURE;Maire rue Porte Chartraine;28210;NOGENT LE ROI;alex3bataille@gmail.com;0643168317;;48.6479776;1.5307837;2026;Autres Danses | Jazz;Modern jazz | Jazz;https://www.ffdanse.fr/structures/531-chore-art;531-chore-art
Choré'art;affiliated;AFFILIATED_STRUCTURE;Centre culturel de Créon Rue Montesquieu;33670;CREON;choreart33@gmail.com;07 66 70 82 53;;44.7739852;-0.348946;2026;Barre au Sol | Classique | Contemporain | Danse Inclusive | Eveil à la Danse | Hip Hop | Jazz | Regards chorégraphiques;Barre au sol classique | Barre au sol contemporaine | Classique | Ateliers de création | Contemporain | Danses hip-hop | Modern jazz | Jazz;https://www.ffdanse.fr/structures/685-chore-art;685-chore-art
ChoréA;affiliated;AFFILIATED_STRUCTURE;32, Boulevard Meyniel;47200;Marmande;dansechorea@yahoo.com;0623464463;www.dansechorea.com;44.5039664;0.1627759;2026;Classique | Contemporain | Hip Hop | Jazz | New Style | Regards chorégraphiques;Classique | Ateliers de création | Contemporain | Danses hip-hop | Modern jazz | Jazz;https://www.ffdanse.fr/structures/3292-chorea;3292-chorea
ChorégraVic;affiliated;AFFILIATED_STRUCTURE;mairie de Vic-fezensac;32190;Vic-fezensac;choregravic@gmail.com;0668630391;;43.7578861;0.3033902;2026;Afro-contemporaine | Barre au Sol | Classique | Contemporain | Eveil à la Danse | Jazz | Orientale | Ragga | Street Dance;Afro-jazz | Barre au sol classique | Barre au sol contemporaine | Classique | Ateliers de création | Contemporain | Modern jazz | Jazz | Danses ethniques | Danses hip-hop;https://www.ffdanse.fr/structures/5445-choregravic;5445-choregravic
Choréâmes;affiliated;AFFILIATED_STRUCTURE;64 Route de Corbeil;91360;VILLEMOISSON SUR ORGE;choreames@gmail.com;0768421442;choreamesdanse.fr;48.6599844;2.3400869;2026;Barre au Sol | Classique | Eveil à la Danse | Jazz | Regards chorégraphiques | Zumba;Barre au sol classique | Barre au sol contemporaine | Classique | Modern jazz | Jazz | Ateliers de création | Contemporain | Zumba;https://www.ffdanse.fr/structures/2690-choreames;2690-choreames
Christ Anne danse;affiliated;AFFILIATED_STRUCTURE;14 rue Alexandre Dumas, Résidence Aramis, Apt 2;80000;AMIENS;christ.anne.danse@sfr.fr;0614598920;christannedanse.fr;49.8710493;2.3055814;2026;Dix Danses | Latines | Standards;Danses latines | Danses standards;https://www.ffdanse.fr/structures/1653-christ-anne-danse;1653-christ-anne-danse
Christophe Gravier;affiliated;AFFILIATED_STRUCTURE;44 Boulevard Gambetta;30100;Alès;dynamicales@wanadoo.fr;0651527044;;44.1244469;4.0839404;2026;Autres Danses | Cabaret | Country And Line | Latines | Latino Caraibes | OLD : Salsa, Bachata, Kizomba | Rock et DA | Rock'n'Roll | Societe | Tango Argentin | West Coast Swing | ancien nom à supprimer;Cabaret | Country & line | Danses latines | Danses latino-caraïbes | Salsa | Bachata | Rock sauté | Rock'n'roll | Danses de salon | Tango argentin | West Coast Swing;https://www.ffdanse.fr/structures/597-christophe-gravier;597-christophe-gravier
Chrys line dance;affiliated;AFFILIATED_STRUCTURE;foyer culturel 9 rue Pasteur;37290;Yzeures sur Creuse;chryslinedance@outlook.com;0662139640;;46.7854771;0.8717559;2026;Country And Line | ancien nom à supprimer;Country & line;https://www.ffdanse.fr/structures/831-chrys-line-dance;831-chrys-line-dance
Chrysalide;affiliated;AFFILIATED_STRUCTURE;14 rue Delille;06000;Nice;chrysalide.cie@gmail.com;0679927487;www.compagnie-chrysalide.com;43.7015056;7.2765508;2026;Breaking | Classique | Contemporain | Hip Hop | Jazz;Breaking | Classique | Ateliers de création | Contemporain | Danses hip-hop | Modern jazz | Jazz;https://www.ffdanse.fr/structures/2458-chrysalide;2458-chrysalide
Château Coquelle;affiliated;AFFILIATED_STRUCTURE;LE CHATEAU COQUELLE RUE DE BELFORT;59240;DUNKERQUE;administration@lechateaucoquelle.fr;0328639991;;51.0387715;2.4135618;2026;Classique | Contemporain | Jazz;Classique | Ateliers de création | Contemporain | Modern jazz | Jazz;https://www.ffdanse.fr/structures/1131-chateau-coquelle;1131-chateau-coquelle
Cie Arcane;affiliated;AFFILIATED_STRUCTURE;Espace Culturel Les Sablons, Allée du Canada;92190;MEUDON;cie.arcane.contact@free.fr;0616293691;;48.787476;2.2324482;2026;Contemporain;Ateliers de création | Contemporain;https://www.ffdanse.fr/structures/1891-cie-arcane;1891-cie-arcane
Cie Coeur En Corps;affiliated;AFFILIATED_STRUCTURE;2223 rte de la Papeterie, Bessonneau;24800;Nantheuil;gaellelorth24@gmail.com;0668285317;www.gaellelorth.com;45.4250518;0.9714596;2026;Africaine | Breaking | Contemporain | Hip Hop | Jazz;Danses ethniques | Breaking | Ateliers de création | Contemporain | Danses hip-hop | Modern jazz | Jazz;https://www.ffdanse.fr/structures/5432-cie-coeur-en-corps;5432-cie-coeur-en-corps
Cie Dependanse;affiliated;AFFILIATED_STRUCTURE;105 avenue Maréchal Lyautey résidence les colombes;06000;nice;dependanse@outlook.fr;0612623305;;0;0;2026;Contemporain | Jazz;Ateliers de création | Contemporain | Modern jazz | Jazz;https://www.ffdanse.fr/structures/176-cie-dependanse;176-cie-dependanse
Cie Fusion Force;affiliated;AFFILIATED_STRUCTURE;1 place jeanne Albertine, 14610, 14610;14610;Cambes En Plaine;fusionforcecrew.officiel@gmail.com;0651884889;;49.2324566;-0.3847629;2026;Breaking | Hip Hop;Breaking | Danses hip-hop;https://www.ffdanse.fr/structures/6155-cie-fusion-force;6155-cie-fusion-force
Cie Satellites;affiliated;AFFILIATED_STRUCTURE;11 rue Saint-EXUPERY;30100;ALES;cie-satellites-danse@orange.fr;0682915456;www.compagnie-satellites.fr;44.127204;4.083352;2026;Autres Danses | Autres Danses Du Monde | Claquettes | Classique | Comedie Musicale | Contemporain | Eveil à la Danse | Hip Hop | Jazz | Ragga | Regards chorégraphiques | Street Dance | Transversal | Zumba;Danses ethniques | Claquettes | Classique | Comédie musicale | Ateliers de création | Contemporain | Danses hip-hop | Modern jazz | Jazz | Zumba;https://www.ffdanse.fr/structures/569-cie-satellites;569-cie-satellites
Ciotat ballroom dancing;affiliated;AFFILIATED_STRUCTURE;15 impasse de la Cascavelle;13600;CEYRESTE;ciotatdanse@gmail.com;0620973662;www.ciotat-ballroom-dancing.fr;43.2184703;5.6370284;2026;Bachata | Dix Danses | Kizomba | Latines | Rock | Rock'n'Roll | Salsa | Societe | Standards;Bachata | Danses latines | Danses standards | Kizomba | Rock'n'roll | Salsa | Danses de salon;https://www.ffdanse.fr/structures/333-ciotat-ballroom-dancing;333-ciotat-ballroom-dancing
citadanse;affiliated;AFFILIATED_STRUCTURE;16 avenue du 8 mai 1945;38400;Saint Martin d'Hères;ciecitadanse@gmail.com;0622662368;citadanse.fr;45.1710314;5.756767;2026;Breaking | Hip Hop | House | Locking | New Style | Poping | Street Dance;Breaking | Danses hip-hop;https://www.ffdanse.fr/structures/4195-citadanse;4195-citadanse
Citédanse - CTDS, club de toutes les danses;affiliated;AFFILIATED_STRUCTURE;12 rue du TAMPON;97430;TAMPON;contact@citedanse.re;0693000993;www.citedanse.re;-21.282513;55.5218255;2026;Bachata | Breaking | Cabaret | Claquettes | Classique | Comedie Musicale | Contemporain | Country And Line | Danse Inclusive | Danse Show | Danse en solo Latine | Danses Solo | Eveil à la Danse | Jazz | Latines | Pole Dance | Rock et DA | Salsa | Societe | Solo Team Lat / Std | Standards | Street Dance | Tango Argentin | West Coast Swing | Country Danse en Couple - DC | Country Danse en Couple - DC Pro AM | Country Danse en Formation - DF Cabaret Team | Country Danse en Formation - DF Crea Team | Country Danse en Formation - DF Loisirs Team | Country Danse en Formation - DF Quad | Country Danse en Formation - DF Show Team | Country Danse en ligne - DL | Country Danse en Ligne - DL Pop Line | Country Danse Partner - DP | Country Ecriture Choregraphique - EC | DC Pro AM;Bachata | Breaking | Cabaret | Claquettes | Classique | Comédie musicale | Ateliers de création | Contemporain | Country & line | Disco | Modern jazz | Jazz | Danses latines | Pole dance | Rock sauté | Salsa | Danses de salon | Danses standards | Danses hip-hop | Tango argentin | West Coast Swing;https://www.ffdanse.fr/structures/2027-citedanse-ctds-club-de-toutes-les-danses;2027-citedanse-ctds-club-de-toutes-les-danses
CJE Danses;affiliated;AFFILIATED_STRUCTURE;4 GRANDE RUE;39130;CLAIRVAUX LES LACS;cje.danses@gmail.com;0785187043;https://www.cjedanses.com/;46.5770622;5.7531769;2026;Autres Danses | Danses Solo | OLD : Salsa, Bachata, Kizomba | Rock et DA | Standards;Salsa | Bachata | Rock sauté | Danses standards;https://www.ffdanse.fr/structures/2738-cje-danses;2738-cje-danses
CK DANCERS VILLENEUVE ABLON;affiliated;AFFILIATED_STRUCTURE;25 Allée des Cèdres;94480;ABLON SUR SEINE;cathy.denis94@gmail.com;0673576249;www.ckdancersva.com;48.7237649;2.4127524;2026;Country And Line;Country & line;https://www.ffdanse.fr/structures/3980-ck-dancers-villeneuve-ablon;3980-ck-dancers-villeneuve-ablon
CK danse;affiliated;AFFILIATED_STRUCTURE;19 Bis La basse cour;37240;Le LOUROUX;ck.danse37@gmail.com;0632724841;;47.162059;0.728275;2026;Societe;Danses de salon;https://www.ffdanse.fr/structures/3286-ck-danse;3286-ck-danse
Claquettes en Folie;affiliated;AFFILIATED_STRUCTURE;16 rue Cardeline;84140;AVIGNON;claquettesenfolie@hotmail.fr;0662921237;;43.9384579;4.8799705;2026;Claquettes;Claquettes;https://www.ffdanse.fr/structures/1922-claquettes-en-folie;1922-claquettes-en-folie
Clermont Rock;affiliated;AFFILIATED_STRUCTURE;360 chemin du Bois d'Andrieu - CANET, Rock Compagnie;34800;CANET;rockcompagnie@gmail.com;0617180478;;43.6098038;3.4863511;2026;Boogie Formation | Boogie Juniors | Boogie Main Class | Boogie Rising Star | Boogie Seniors | Boogie Woogie | Boogie Woogie Fédéral | Formation Rock Girls | Formation Rock Juniors | Formation Rock Ladies | Formation Rock Main Class | Formation Rock Main Class Quattro | Lindy Hop | Lindy Hop Fédéral | Rock Acrobatique | Rock Acrobatique Fédéral | Rock Artistique Fédéral | Rock Children | Rock Couple Dance Show | Rock Formation | Rock Juniors | Rock Juveniles | Rock Main Class Contact Style | Rock Main Class Free Style | Rock Saute | Rock et DA | Rock'n Roll Fédéral | Rock'n'Roll | Small Formation Rock Ladies | Small formation Rock Girls | Societe | West Coast Swing;Boogie-Woogie | Lindy hop | Rock acrobatique | Rock'n'roll | Rock sauté | Danses de salon | West Coast Swing;https://www.ffdanse.fr/structures/766-clermont-rock;766-clermont-rock
clichy barre au sol;affiliated;AFFILIATED_STRUCTURE;10 rue poyer;92110;clichy;clichy.barreausol@gmail.com;0147390519;www.clichy-barreausol.com;48.9005374;2.3137054;2026;Barre au Sol | Classique | Contemporain | Jazz | Regards chorégraphiques;Barre au sol classique | Barre au sol contemporaine | Classique | Ateliers de création | Contemporain | Modern jazz | Jazz;https://www.ffdanse.fr/structures/3146-clichy-barre-au-sol;3146-clichy-barre-au-sol
Club A&G danse sportive;affiliated;AFFILIATED_STRUCTURE;rue du lac de melo, la confina 2, chez Gregoire Lyonnet;20167;Ajaccio;clubaetgdansesportive@gmail.com;0616451378;;41.9440341;8.7955929;2026;Breaking | Danse Show | Danse en solo Latine | Danses Solo | Dix Danses | Hip Hop | House | Latines | Locking | Poping | Show Dance Latine | Societe | Solo Team Lat / Std | Standards;Breaking | Disco | Danses latines | Danses standards | Danses hip-hop | Danses de salon;https://www.ffdanse.fr/structures/3346-club-a-g-danse-sportive;3346-club-a-g-danse-sportive
CLUB African Urban Dance;affiliated;AFFILIATED_STRUCTURE;46 Ter Rue Sainte Catherine;45000;Orléans;contact.clubaud@gmail.com;0662001136;;;;2026;Africaine;Danses ethniques;https://www.ffdanse.fr/structures/3661-club-african-urban-dance;3661-club-african-urban-dance
CLUB ANIMATION DANSE COUNTRY;affiliated;AFFILIATED_STRUCTURE;8 CHEMIN DES FLEURS;01210;FERNEY-VOLTAIRE;asso.cadc0925@gmail.com;0781098380;;46.2602109;6.1166349;2026;Country And Line;Country & line;https://www.ffdanse.fr/structures/6156-club-animation-danse-country;6156-club-animation-danse-country
Club Artistique et d'Animations C2A;recently_disaffiliated;UNAFFILIATED_STRUCTURE;3 IMPASSE DE NEMOURS;63310;RANDAN;schaneboux@aol.com;0659578746;;48.267043;2.692611;;;;https://www.ffdanse.fr/structures/4672-club-artistique-et-d-animations-c2a;4672-club-artistique-et-d-animations-c2a
Club Athlétique de la Presqu’île Hillion – St René;affiliated;AFFILIATED_STRUCTURE;2 Rue de la Tour Du Fa, Mairie;22120;Hillion;danse.hillion@gmail.com;0683181243;;48.5133982;-2.667625;2026;Classique | Eveil à la Danse | Hip Hop | Jazz | Latines | OLD : Salsa, Bachata, Kizomba | Street Dance;Classique | Danses hip-hop | Modern jazz | Jazz | Danses latines | Salsa | Bachata;https://www.ffdanse.fr/structures/4164-club-athletique-de-la-presqu-ile-hillion-st-rene;4164-club-athletique-de-la-presqu-ile-hillion-st-rene
Club Athlétique Sainte Hèlène;affiliated;AFFILIATED_STRUCTURE;la mairie;33480;SAINTE HELENE;cash.danse.ste.helene@gmail.com;0556585822;;44.9646286;-0.8847711;2026;Claquettes | Classique | Hip Hop | Jazz;Claquettes | Classique | Danses hip-hop | Modern jazz | Jazz;https://www.ffdanse.fr/structures/662-club-athletique-sainte-helene;662-club-athletique-sainte-helene
Club Attitude;affiliated;AFFILIATED_STRUCTURE;30 impasse du buis, LOTISSMENT LES ACACIAS;13140;MIRAMAS;sandrapitouras@gmail.com;0610460024;;43.5805933;5.0130025;2026;Autres Danses | Classique | Jazz;Classique | Modern jazz | Jazz;https://www.ffdanse.fr/structures/263-club-attitude;263-club-attitude
CLUB BAGATELLE : école de danse et de gymnastique;affiliated;AFFILIATED_STRUCTURE;Boulevard du General Koenig, 77;92200;Neuilly-sur-Seine;clubbagatelle@gmail.com;0648058012;clubbagatelle.com;48.8809907;2.2518557;2026;Barre au Sol | Classique | Danse en solo Latine | Danse en solo Latine NON | Danse en solo Standard | Danse en solo Standard NON | Dix Danses | Latines | Pole Dance | Pole Sport | Show Dance Latine | Show Dance Standard | Societe | Solo Team Lat / Std | Standards;Barre au sol classique | Barre au sol contemporaine | Classique | Danses latines | Danses standards | Pole dance | Pole sport | Danses de salon;https://www.ffdanse.fr/structures/5215-club-bagatelle-ecole-de-danse-et-de-gymnastique;5215-club-bagatelle-ecole-de-danse-et-de-gymnastique
Club Bergeracois de Danse de Salon;recently_disaffiliated;UNAFFILIATED_STRUCTURE;mairie de Prigonrieux;24130;prigonrieux;danse.prigonrieux@orange.fr;0615367883;;44.8552657;0.4014402;;;;https://www.ffdanse.fr/structures/4064-club-bergeracois-de-danse-de-salon;4064-club-bergeracois-de-danse-de-salon
Club Blacklist;affiliated;AFFILIATED_STRUCTURE;12 boulevarde des Flandres appartement 64;59760;GRANDE-SYNTHE;booking.blacklist@gmail.com;0612202094;www.blacklistproduction.fr;51.0183958;2.3086316;2026;Breaking | Hip Hop | House | Krump | Locking | New Style | Poping | Ragga | Street Dance;Breaking | Danses hip-hop;https://www.ffdanse.fr/structures/6326-club-blacklist;6326-club-blacklist
Club Bordelais de Danse Sportive;affiliated;AFFILIATED_STRUCTURE;33, rue Adolphe Huc;33400;TALENCE;talence.cbds@gmail.com;0673827275;;44.8213521;-0.5859161;2026;Bachata | Danse en solo Latine | Danse en solo Standard | Dix Danses | Latines | Salsa | Societe | Solo Team Lat / Std | Standards;Bachata | Danses latines | Danses standards | Salsa | Danses de salon;https://www.ffdanse.fr/structures/725-club-bordelais-de-danse-sportive;725-club-bordelais-de-danse-sportive
Club country texas two-step;affiliated;AFFILIATED_STRUCTURE;complexe sportif route de Meurchin;62220;Carvin;country.carvin@gmail.com;0695389285;;50.4952786;2.9508303;2026;Country And Line;Country & line;https://www.ffdanse.fr/structures/1222-club-country-texas-two-step;1222-club-country-texas-two-step
Club Dacquois de Danse Sportive;affiliated;AFFILIATED_STRUCTURE;46, Boulevard Claude Lorrin;40100;DAX;lav.gwen@gmail.com;0558901087;;43.7053103;-1.0455016;2026;Dix Danses | Hip Hop | Jazz | Latines | Standards;Danses latines | Danses standards | Danses hip-hop | Modern jazz | Jazz;https://www.ffdanse.fr/structures/891-club-dacquois-de-danse-sportive;891-club-dacquois-de-danse-sportive
CLUB DANSE DE L'EST;affiliated;AFFILIATED_STRUCTURE;167 rue de la cressonnière;97440;Saint Andre;danourry@gmail.com;0692051664;;-20.9682003;55.6584063;2026;Country And Line | Country Danse en ligne - DL;Country & line;https://www.ffdanse.fr/structures/4406-club-danse-de-l-est;4406-club-danse-de-l-est
Club Danse Passion de Muret;affiliated;AFFILIATED_STRUCTURE;40 Rue de Marclan;31600;MURET;laurent.francon@ecole-danse-francon.com;0534465843;;43.4812603;1.3328358;2026;Danse en solo Latine | Danse en solo Standard | Dix Danses | Latines | Standards;Danses latines | Danses standards;https://www.ffdanse.fr/structures/612-club-danse-passion-de-muret;612-club-danse-passion-de-muret
Club de Danse  de Voiron;affiliated;AFFILIATED_STRUCTURE;40 route des Gorges;38500;COUBLEVIE;contact@clubdedanse.net;0673842761;https://www.clubdedanse.net;45.366953;5.6215971;2026;Bachata | Danses Solo | Dix Danses | Latines | Lindy Hop | Rock | Salsa | Societe | Standards | Rock et DA;Bachata | Danses latines | Danses standards | Lindy hop | Rock'n'roll | Salsa | Danses de salon | Rock sauté;https://www.ffdanse.fr/structures/849-club-de-danse-de-voiron;849-club-de-danse-de-voiron
Club de Danse A.S. Evry;affiliated;AFFILIATED_STRUCTURE;206 rue Pierre et Marie Curie, Maison des Sports;91000;EVRY;asedanse@free.fr;0619737541;http://asedanse.free.fr/;48.6337193;2.4332521;2026;Bachata | Danse en solo Latine | Danse en solo Standard | Dix Danses | Latines | Rock | Rock'n'Roll | Societe | Standards | Kizomba;Bachata | Danses latines | Danses standards | Rock'n'roll | Danses de salon | Kizomba;https://www.ffdanse.fr/structures/1863-club-de-danse-a-s-evry;1863-club-de-danse-a-s-evry
Club de Danse Bost;affiliated;AFFILIATED_STRUCTURE;40 avenue de Valensolles;26000;VALENCE;cdb.valence@free.fr;0475811449;www.dansebost.com;44.916829;4.8807778;2026;Bachata | Barre au Sol | Bollywood | Boogie Formation | Boogie Juniors | Boogie Main Class | Boogie Rising Star | Boogie Seniors | Boogie Woogie | Boogie Woogie Fédéral | Cabaret | Classique | Contemporain | Danse Show | Danse en solo Latine | Danse en solo Standard | Danses Solo | Dix Danses | Eveil à la Danse | Formation Rock Girls | Formation Rock Juniors | Formation Rock Ladies | Formation Rock Main Class | Formation Rock Main Class Quattro | Indienne | Jazz | Latines | Rock | Rock Acrobatique | Rock Acrobatique Fédéral | Rock Artistique Fédéral | Rock Children | Rock Couple Dance Show | Rock Formation | Rock Juniors | Rock Juveniles | Rock Main Class Contact Style | Rock Main Class Free Style | Rock Saute | Rock et DA | Rock'n Roll Fédéral | Rock'n'Roll | Salsa | Small Formation Rock Ladies | Small formation Rock Girls | Societe | Standards | Street Dance | West Coast Swing;Bachata | Barre au sol classique | Barre au sol contemporaine | Danses ethniques | Boogie-Woogie | Cabaret | Classique | Ateliers de création | Contemporain | Disco | Danses latines | Danses standards | Modern jazz | Jazz | Rock'n'roll | Rock acrobatique | Rock sauté | Salsa | Danses de salon | Danses hip-hop | West Coast Swing;https://www.ffdanse.fr/structures/474-club-de-danse-bost;474-club-de-danse-bost
Club de Danse COGOLINOIS;affiliated;AFFILIATED_STRUCTURE;Cosec Marcel COULONY  45 Rue des Mines;83310;COGOLIN;clubdansecogolin83@gmail.com;0;;0;0;2026;Bachata | Barre au Sol | Classique | Contemporain | Hip Hop | Rock'n'Roll | Salsa | Societe | Zumba;Bachata | Barre au sol classique | Barre au sol contemporaine | Classique | Ateliers de création | Contemporain | Danses hip-hop | Rock'n'roll | Salsa | Danses de salon | Zumba;https://www.ffdanse.fr/structures/1674-club-de-danse-cogolinois;1674-club-de-danse-cogolinois
Club de danse d'Eschau;affiliated;AFFILIATED_STRUCTURE;5 rue de la paix;67114;Eschau;jason.cicard@gmail.com;0675687864;;48.4884151;7.7169476;2026;Bachata | Boogie Juniors | Boogie Main Class | Boogie Seniors | Boogie Woogie | Boogie Woogie Fédéral | Danse en solo Latine | Danse en solo Standard | Dix Danses | Latines | Show Dance Latine | Show Dance Standard | Solo Team Lat / Std | Standards;Bachata | Boogie-Woogie | Danses latines | Danses standards;https://www.ffdanse.fr/structures/5258-club-de-danse-d-eschau;5258-club-de-danse-d-eschau
Club de danse de Coublevie;affiliated;AFFILIATED_STRUCTURE;40 route des Gorges;38500;COUBLEVIE;contact@clubdedanse.net;0673842761;www.clubdedanse.net;45.366953;5.6215971;2026;Bachata | Danses Solo | Dix Danses | Latines | Lindy Hop | Rock | Salsa | Societe | Standards | Rock et DA;Bachata | Danses latines | Danses standards | Lindy hop | Rock'n'roll | Salsa | Danses de salon | Rock sauté;https://www.ffdanse.fr/structures/842-club-de-danse-de-coublevie;842-club-de-danse-de-coublevie
Club de Danse de Lamorlaye-Luzarches Coye la Forêt;affiliated;AFFILIATED_STRUCTURE;15 rue Jean Biondi;60260;LAMORLAYE;cdl.salon.danseenligne@gmail.com;0684792708;https://www.clubdedansedelamorlaye.com;49.1525785;2.4375663;2026;Country And Line | Dix Danses | Latines | Rock | Salsa | Societe | Standards;Country & line | Danses latines | Danses standards | Rock'n'roll | Salsa | Danses de salon;https://www.ffdanse.fr/structures/2765-club-de-danse-de-lamorlaye-luzarches-coye-la-foret;2765-club-de-danse-de-lamorlaye-luzarches-coye-la-foret
Club de danse de Lectoure;affiliated;AFFILIATED_STRUCTURE;Rue Jules de Sardac;32700;LECTOURE;ecolededanse-lectoure@hotmail.fr;0683402217;;43.9354727;0.6187523;2026;Classique | Contemporain | Eveil à la Danse | Hip Hop | Jazz | Street Dance | Comedie Musicale;Classique | Ateliers de création | Contemporain | Danses hip-hop | Modern jazz | Jazz | Comédie musicale;https://www.ffdanse.fr/structures/647-club-de-danse-de-lectoure;647-club-de-danse-de-lectoure
Club de Danse de Porte de Savoie;affiliated;AFFILIATED_STRUCTURE;Salle des fêtes, FRANCIN;73800;PORTE DE SAVOIE;iciondanse@gmail.com;0645859324;;45.4988879;6.0005602;2026;Bachata | Boogie Woogie | Country And Line | Kizomba | Lindy Hop | Rock'n'Roll | Salsa | Societe;Bachata | Boogie-Woogie | Country & line | Kizomba | Lindy hop | Rock'n'roll | Salsa | Danses de salon;https://www.ffdanse.fr/structures/4214-club-de-danse-de-porte-de-savoie;4214-club-de-danse-de-porte-de-savoie
Club de danse de Quierzy;affiliated;AFFILIATED_STRUCTURE;27 rue Henri berthe;02300;QUIERZY;marietteadeline02@gmail.com;0670239885;;49.5666997;3.1404027;2026;Country And Line | Zumba;Country & line | Zumba;https://www.ffdanse.fr/structures/5722-club-de-danse-de-quierzy;5722-club-de-danse-de-quierzy
CLUB DE DANSE DE ROSIERES;affiliated;AFFILIATED_STRUCTURE;36 Bis Rue Maurice Quillet;80170;ROSIERES EN SANTERRE;secretariatdanse@hotmail.fr;0783383528;;49.8092299;2.6977993;2026;Classique | Contemporain | Jazz;Classique | Ateliers de création | Contemporain | Modern jazz | Jazz;https://www.ffdanse.fr/structures/1637-club-de-danse-de-rosieres;1637-club-de-danse-de-rosieres
Club de danse de société de Chambéry;recently_disaffiliated;UNAFFILIATED_STRUCTURE;67, Rue St François de Sales;73000;Chambéry;cl.jourdan73@gmail.com;0479850193;;45.5670248;5.9254073;;;;https://www.ffdanse.fr/structures/1439-club-de-danse-de-societe-de-chambery;1439-club-de-danse-de-societe-de-chambery
Club de danse du Calvados;affiliated;AFFILIATED_STRUCTURE;ZAC LAZZARO  Rue de l'Europe;14460;Colombelles;c.carrel@wanadoo.fr;0678216304;;49.19539;-0.288391;2026;Danse en solo Latine | Danse en solo Standard | Danses Solo | Dix Danses | Latines | Societe | Standards;Danses latines | Danses standards | Danses de salon;https://www.ffdanse.fr/structures/359-club-de-danse-du-calvados;359-club-de-danse-du-calvados
Club de Danse du Soleil;affiliated;AFFILIATED_STRUCTURE;CD2 Camp Major;13400;Aubagne;pn.morin@wanadoo.fr;0494870492;;43.287921;5.526294;2026;Bachata | Danse en solo Latine | Danses Solo | Dix Danses | Jazz | Kizomba | Latines | Salsa | Solo Team Lat / Std | Standards;Bachata | Danses latines | Danses standards | Modern jazz | Jazz | Kizomba | Salsa;https://www.ffdanse.fr/structures/291-club-de-danse-du-soleil;291-club-de-danse-du-soleil
Club de danse loisir et sportif dracenois;recently_disaffiliated;UNAFFILIATED_STRUCTURE;10 place rene Cassin, SMAB joseph collomp;83300;draguignan;fred.provitera@gmail.com;0603063330;https://www.centrededanseprovitera.fr/;43.5377535;6.462783;;;;https://www.ffdanse.fr/structures/5884-club-de-danse-loisir-et-sportif-dracenois;5884-club-de-danse-loisir-et-sportif-dracenois
Club de danse Roiffieux;affiliated;AFFILIATED_STRUCTURE;569 Rte de La Chomotte;07100;ROIFFIEUX;clubdedanse@gmail.com;06 09 26 81 49;www.roiffieux-danse.fr;45.22367;4.649572;2026;Africaine | Afro-contemporaine | Breaking | Cabaret | Classique | Contemporain | Country And Line | Eveil à la Danse | Hip Hop | Jazz | Pilates | Rock | Street Dance | West Coast Swing;Danses ethniques | Afro-jazz | Breaking | Cabaret | Classique | Ateliers de création | Contemporain | Country & line | Danses hip-hop | Modern jazz | Jazz | Rock'n'roll | West Coast Swing;https://www.ffdanse.fr/structures/4608-club-de-danse-roiffieux;4608-club-de-danse-roiffieux
Club de danse Saint Pierrois;affiliated;AFFILIATED_STRUCTURE;Mairie de St Pierre La Palud;69210;SAINT PIERRE LA PALUD;jrosa.danse@gmail.com;0474704027;;45.7886073;4.6131559;2026;Hip Hop | Jazz | Rock Formation | Rock et DA;Danses hip-hop | Modern jazz | Jazz | Rock'n'roll | Rock sauté;https://www.ffdanse.fr/structures/1381-club-de-danse-saint-pierrois;1381-club-de-danse-saint-pierrois
Club de Danse Sportive Danse Party Colmar;affiliated;AFFILIATED_STRUCTURE;9 rue Gay Lussac;68000;COLMAR;gegebrangbour@aol.com;0610443184;;48.1052116;7.3810874;2026;Boogie Woogie | Danse en solo Latine | Danse en solo Standard | Danses Solo | Dix Danses | Latines | Rock et DA | Standards;Boogie-Woogie | Danses latines | Danses standards | Rock sauté;https://www.ffdanse.fr/structures/1356-club-de-danse-sportive-danse-party-colmar;1356-club-de-danse-sportive-danse-party-colmar
Club de Danse Sportive de Caluire;affiliated;AFFILIATED_STRUCTURE;67 b chemin de vassieux;69300;caluire;studioruffino@free.fr;0478230379;;45.7975526;4.8667003;2026;Danse en solo Latine | Danse en solo Standard | Dix Danses | Latines | Show Dance Latine | Show Dance Standard | Solo Team Lat / Std | Standards;Danses latines | Danses standards;https://www.ffdanse.fr/structures/1379-club-de-danse-sportive-de-caluire;1379-club-de-danse-sportive-de-caluire
Club de Danse Sportive de Paris Nation;affiliated;AFFILIATED_STRUCTURE;Inspiration Danse Studio, 38 rue des Ormeaux;75020;Paris;cdspnation@gmail.com;+33767385343;;48.851457;2.400764;2026;Cabaret | Classique | Country And Line | Country Danse en Ligne - DL Pop Line | Country Danse en ligne - DL | Danse Verticale | Danse aérienne | Danse en solo Latine | Danse en solo Standard | Dix Danses | Latines | Parapole Artistique | Parapole sport | Pole Dance | Pole Sport | Rock | Rock'n'Roll | Show Dance Latine | Show Dance Standard | Solo Team Lat / Std | Standards | Country Danse en Couple - DC | Country Danse en Couple - DC Pro AM | Country Danse en Formation - DF Cabaret Team | Country Danse en Formation - DF Crea Team | Country Danse en Formation - DF Loisirs Team | Country Danse en Formation - DF Quad | Country Danse en Formation - DF Show Team | Country Danse Partner - DP | Country Ecriture Choregraphique - EC | DC Pro AM;Cabaret | Classique | Country & line | Danses aériennes | Danses latines | Danses standards | Pole dance | Pole sport | Rock'n'roll;https://www.ffdanse.fr/structures/1470-club-de-danse-sportive-de-paris-nation;1470-club-de-danse-sportive-de-paris-nation
Club de Danse Sportive Moderne de Vienne;affiliated;AFFILIATED_STRUCTURE;2 RUE ANDRE COLOMBIER, MAISON DES SOCIETES;38200;VIENNE;cdsm.vienne@gmail.com;0661789897;;45.5278799;4.8745857;2026;Danse en solo Latine | Danse en solo Standard | Dix Danses | Latines | Show Dance Latine | Show Dance Standard | Solo Team Lat / Std | Standards;Danses latines | Danses standards;https://www.ffdanse.fr/structures/845-club-de-danse-sportive-moderne-de-vienne;845-club-de-danse-sportive-moderne-de-vienne
Club de Danse Sportive Traiton;recently_disaffiliated;UNAFFILIATED_STRUCTURE;Mairie du Trait Place du 11 novembre 76580 LE TRAIT;76580;LE TRAIT;p.pain@wanadoo.fr;0235379092;;49.4864442;0.8041607;;;;https://www.ffdanse.fr/structures/1517-club-de-danse-sportive-traiton;1517-club-de-danse-sportive-traiton
Club de Danse Volstroff;affiliated;AFFILIATED_STRUCTURE;Rue de la Fontaine, Foyer Culturel;57940;VOLSTROFF;clubdanseyogavolstroff@gmail.com;+33618067641;;49.3119735;6.2592215;2026;Barre au Sol | Classique | Comedie Musicale | Contemporain | Jazz | Street Dance;Barre au sol classique | Barre au sol contemporaine | Classique | Comédie musicale | Ateliers de création | Contemporain | Modern jazz | Jazz | Danses hip-hop;https://www.ffdanse.fr/structures/5433-club-de-danse-volstroff;5433-club-de-danse-volstroff
Club de Danses de loisirs et sportives de Melun;affiliated;AFFILIATED_STRUCTURE;6 ALLEE DES BOUVREUILS;77310;PONTHIERRY;club.danse.melun.77@gmail.com;07 77 46 09 99;hhttps://www.club-danse-melun.org;48.5352931;2.533515;2026;Bachata | Cabaret | Danses Solo | Dix Danses | Latines | Latino Caraibes | Lindy Hop | Salsa | Show Dance Latine | Show Dance Standard | Show Latino Caraïbe | Societe | Standards | Tango Argentin | West Coast Swing | Zumba;Bachata | Cabaret | Danses latines | Danses standards | Danses latino-caraïbes | Lindy hop | Salsa | Danses de salon | Tango argentin | West Coast Swing | Zumba;https://www.ffdanse.fr/structures/1563-club-de-danses-de-loisirs-et-sportives-de-melun;1563-club-de-danses-de-loisirs-et-sportives-de-melun
Club de danses de Pontault Combault;affiliated;AFFILIATED_STRUCTURE;15 rue jean moulin;77340;pontault combault;coudercmarc@gmail.com;33619187523;;48.7848194;2.5987941;2026;Africaine | Bachata | Breaking | Classique | Comedie Musicale | Contemporain | Country And Line | Danse en solo Latine | Danse en solo Standard | Dix Danses | Hip Hop | Jazz | Latines | Salsa | Show Dance Latine | Show Dance Standard | Societe | Solo Team Lat / Std | Standards | West Coast Swing;Danses ethniques | Bachata | Breaking | Classique | Comédie musicale | Ateliers de création | Contemporain | Country & line | Danses latines | Danses standards | Danses hip-hop | Modern jazz | Jazz | Salsa | Danses de salon | West Coast Swing;https://www.ffdanse.fr/structures/1580-club-de-danses-de-pontault-combault;1580-club-de-danses-de-pontault-combault
Club de Saint Vrain;recently_disaffiliated;UNAFFILIATED_STRUCTURE;B.P. 10013 - Mairie - Rue des Noblets;91170;SAINT VRAIN;valerie.chaillie@gmail.com;0665064521;;48.5416927;2.3346355;;;;https://www.ffdanse.fr/structures/1850-club-de-saint-vrain;1850-club-de-saint-vrain
Club des Amateurs de Danse de Marseille;affiliated;AFFILIATED_STRUCTURE;7 Rue du Docteur Girbal ChantePerdrix Batiment C2;13010;MARSEILLE;cadmdanse@gmail.com;0681244036;;43.2769289;5.4328966;2026;Danses Solo | Dix Danses | Latines | Societe | Standards;Danses latines | Danses standards | Danses de salon;https://www.ffdanse.fr/structures/288-club-des-amateurs-de-danse-de-marseille;288-club-des-amateurs-de-danse-de-marseille
Club du Sagittaire;affiliated;AFFILIATED_STRUCTURE;5 place Allardi Maison Ollivier;06390;CONTES;sagittaire.compta@outlook.fr;0605017127;;0;0;2026;Societe;Danses de salon;https://www.ffdanse.fr/structures/157-club-du-sagittaire;157-club-du-sagittaire
Club Gainnevillais de Danse Sportive;affiliated;AFFILIATED_STRUCTURE;116 rue Maréchal Joffre;76600;Le Havre;asso.cgds@gmail.com;06.46;;49.4998787;0.1247702;2026;Bachata | Danse en solo Latine | Dix Danses | Latines | Salsa | Societe | Standards;Bachata | Danses latines | Danses standards | Salsa | Danses de salon;https://www.ffdanse.fr/structures/1523-club-gainnevillais-de-danse-sportive;1523-club-gainnevillais-de-danse-sportive
Club L ATELIER DE DANSE.;recently_disaffiliated;UNAFFILIATED_STRUCTURE;300 rue de la tonnellerie;30510;Generac;Latelierdedanse.generac@gmail.com;0671749403;;43.7325536;4.3526794;;;;https://www.ffdanse.fr/structures/5920-club-l-atelier-de-danse;5920-club-l-atelier-de-danse
Club Moderne de Danses - CMD;affiliated;AFFILIATED_STRUCTURE;2 rue Kléber;67300;SCHILTIGHEIM;hervemathis67@gmail.com;0662810564;https://www.club-moderne-danse.fr/;48.6081436;7.7338606;2026;Latines | Rock et DA | Societe | Solo Team Lat / Std | Standards;Danses latines | Rock sauté | Danses de salon | Danses standards;https://www.ffdanse.fr/structures/1339-club-moderne-de-danses-cmd;1339-club-moderne-de-danses-cmd
Club NovaDanse Gueugnon;affiliated;AFFILIATED_STRUCTURE;9 rue de la Liberté;71130;Gueugnon;clubnovadansegueugnon@gmail.com;0650963827;;46.6006854;4.0632135;2026;Bachata | Country And Line | Danse en solo Latine | Danse en solo Standard | Danse Show | Danses Solo | Dix Danses | Eveil à la Danse | Latines | Regards chorégraphiques | Rock | Salsa | Show Dance Latine | Show Dance Standard | Societe | Solo Team Lat / Std | Standards | Zumba;Bachata | Country & line | Disco | Danses latines | Danses standards | Ateliers de création | Contemporain | Rock'n'roll | Salsa | Danses de salon | Zumba;https://www.ffdanse.fr/structures/6391-club-novadanse-gueugnon;6391-club-novadanse-gueugnon
Club Omnisports;recently_disaffiliated;UNAFFILIATED_STRUCTURE;Route de Sogny;51520;Sarry;co-sarry@orange.fr;0326704213;https://www.facebook.com/profile.php?id=100064771354274;48.9206074;4.4007878;;;;https://www.ffdanse.fr/structures/5290-club-omnisports;5290-club-omnisports
Club Rennais de Danse Sportive;affiliated;AFFILIATED_STRUCTURE;Maison des Associations 6 Cours des Alliés, 6 Cours des Alliés;35000;Rennes;crds.35@orange.fr;0642126890;www.crdsrennes.com;48.1049596;-1.675984;2026;Danse en solo Latine | Danse en solo Standard | Dix Danses | Latines | Standards;Danses latines | Danses standards;https://www.ffdanse.fr/structures/808-club-rennais-de-danse-sportive;808-club-rennais-de-danse-sportive
Club Rouennais de Danse Sportive;affiliated;AFFILIATED_STRUCTURE;7 rue Paul Bert;76800;ST ETIENNE DU ROUVRAY;n.demonchy@free.fr;0660871665;;49.3991912;1.0731344;2026;Danse en solo Latine | Danse en solo Standard | Dix Danses | Latines | Standards | Societe;Danses latines | Danses standards | Danses de salon;https://www.ffdanse.fr/structures/1520-club-rouennais-de-danse-sportive;1520-club-rouennais-de-danse-sportive
Club rythme et danse;affiliated;AFFILIATED_STRUCTURE;10 route de Saint Côme;12500;Espalion;clubdanseespalion@gmail.com;0743525152;;44.5240367;2.7668981;2026;Classique | Contemporain | Eveil à la Danse | Jazz | Street Dance;Classique | Ateliers de création | Contemporain | Modern jazz | Jazz | Danses hip-hop;https://www.ffdanse.fr/structures/236-club-rythme-et-danse;236-club-rythme-et-danse
Club Rémois de Danse Sportive;affiliated;AFFILIATED_STRUCTURE;30 rue colbert;51100;REIMS;info@dansebourdon.com;0326478859;;49.2572678;4.0326245;2026;Danse en solo Latine | Danse en solo Standard | Dix Danses | Latines | Show Dance Latine | Show Dance Standard | Solo Team Lat / Std | Standards;Danses latines | Danses standards;https://www.ffdanse.fr/structures/1043-club-remois-de-danse-sportive;1043-club-remois-de-danse-sportive
Club Sabisa;affiliated;AFFILIATED_STRUCTURE;13, rue Aristide Briand;59147;GONDECOURT;sabisa59147@gmail.com;0679740047;sabisa.fr;50.5477263;2.9880673;2026;Autres Danses;;https://www.ffdanse.fr/structures/1130-club-sabisa;1130-club-sabisa
Club sportif Braytois section danses;affiliated;AFFILIATED_STRUCTURE;BP 19;77480;BRAY SUR SEINE;csbdanse@gmail.com;0786833983;;48.415097;3.239486;2026;Africaine | Breaking | Hip Hop | House | Krump | Locking | New Style | Poping | Regards chorégraphiques | Street Dance;Danses ethniques | Breaking | Danses hip-hop | Ateliers de création | Contemporain;https://www.ffdanse.fr/structures/1589-club-sportif-braytois-section-danses;1589-club-sportif-braytois-section-danses
Club sportif municipal Seynois;affiliated;AFFILIATED_STRUCTURE;STADE SCAGLIA chemin de LA SEYNE  A BASTIAN;83500;LA SEYNE SUR MER;albalagranaina@orange.fr;0673129289;;43.0968045;5.8799058;2026;Flamenco;Flamenco;https://www.ffdanse.fr/structures/1692-club-sportif-municipal-seynois;1692-club-sportif-municipal-seynois
Club studio 8;recently_disaffiliated;UNAFFILIATED_STRUCTURE;39 rue massey;65000;tarbes;contact@lestudio8.fr;0613558018;;43.237277;0.0738372;;;;https://www.ffdanse.fr/structures/1300-club-studio-8;1300-club-studio-8
Club Villeurbannais de Danse Sportive;affiliated;AFFILIATED_STRUCTURE;34 rue docteur Rollet;69100;Villeurbanne;michelleribas@wanadoo.fr;0478853223;;45.7668051;4.8843147;2026;Danse en solo Latine | Danse en solo Standard | Dix Danses | Jazz | Latines | Show Dance Latine | Show Dance Standard | Solo Team Lat / Std | Standards | Bachata | Salsa;Danses latines | Danses standards | Modern jazz | Jazz | Bachata | Salsa;https://www.ffdanse.fr/structures/1375-club-villeurbannais-de-danse-sportive;1375-club-villeurbannais-de-danse-sportive
Club Wild Eagles;recently_disaffiliated;UNAFFILIATED_STRUCTURE;8 rue F Ryback;62880;ESTEVELLES;commedit.num@wanadoo.fr;0658244686;;50.4735981;2.9089517;;;;https://www.ffdanse.fr/structures/1221-club-wild-eagles;1221-club-wild-eagles
Cléarts;recently_disaffiliated;UNAFFILIATED_STRUCTURE;12 rue Romain Rolland;33600;Pessac;asso.clearts@gmail.com;0671745619;;44.8035573;-0.6444466;;;;https://www.ffdanse.fr/structures/5763-clearts;5763-clearts
CO'DANCE ACADEMY;affiliated;AFFILIATED_STRUCTURE;3 Impasse des lilas;01390;ST ANDRE DE CORCY;codanceacademy@gmail.com;0611708553;;45.9234913;4.9588504;2026;Boogie Formation | Boogie Juniors | Boogie Main Class | Boogie Rising Star | Boogie Seniors | Boogie Woogie | Boogie Woogie Fédéral | Formation Rock Girls | Formation Rock Juniors | Formation Rock Ladies | Formation Rock Main Class | Formation Rock Main Class Quattro | Hip Hop | Jazz | Lindy Hop | Lindy Hop Fédéral | Rock | Rock Acrobatique | Rock Acrobatique Fédéral | Rock Artistique Fédéral | Rock Children | Rock Couple Dance Show | Rock Formation | Rock Juniors | Rock Juveniles | Rock Main Class Contact Style | Rock Main Class Free Style | Rock Saute | Rock et DA | Rock'n Roll Fédéral | Rock'n'Roll | Small Formation Rock Ladies | Small formation Rock Girls | West Coast Swing;Boogie-Woogie | Danses hip-hop | Modern jazz | Jazz | Lindy hop | Rock'n'roll | Rock acrobatique | Rock sauté | West Coast Swing;https://www.ffdanse.fr/structures/2880-co-dance-academy;2880-co-dance-academy
Cocarde Modern Jazz;affiliated;AFFILIATED_STRUCTURE;Mairie;33112;ST LAURENT MEDOC;cocardemodernjazz@gmail.com;0673019491;;45.1512178;-0.8220452;2026;Jazz;Modern jazz | Jazz;https://www.ffdanse.fr/structures/675-cocarde-modern-jazz;675-cocarde-modern-jazz
Cocktail Dance;affiliated;AFFILIATED_STRUCTURE;2 RUE EDITH PIAF Résidence Magellan - App 36;97438;SAINTE MARIE;cocktaildance4@gmail.com;0692025161;;0;0;2026;Autres Danses | Latines | OLD : Salsa, Bachata, Kizomba | Societe | Tango Argentin;Danses latines | Salsa | Bachata | Danses de salon | Tango argentin;https://www.ffdanse.fr/structures/2020-cocktail-dance;2020-cocktail-dance
Cold Lands Angels;affiliated;AFFILIATED_STRUCTURE;250 RUE DU JACQUIN;38140;APPRIEU;ange.dido38@gmail.com;0681025362;;45.3973025;5.4985031;2026;Country And Line | ancien nom à supprimer;Country & line;https://www.ffdanse.fr/structures/867-cold-lands-angels;867-cold-lands-angels
COLLECTIF ULTIMATUM;affiliated;AFFILIATED_STRUCTURE;22 BIS AVENUE DES GRANDES VARENNES;17000;LA ROCHELLE;collectifultimatum@live.fr;0782507938;www.collectifultimatum.com;46.1686793;-1.1772382;2026;Breaking;Breaking;https://www.ffdanse.fr/structures/3917-collectif-ultimatum;3917-collectif-ultimatum
COLLECTIF ZUMBA ARTEMARE;affiliated;AFFILIATED_STRUCTURE;6 bis rue du colombier;01510;Artemare;collectifzumbaartemare@gmail.com;0767350888;;45.872239;5.69505;2026;Zumba;Zumba;https://www.ffdanse.fr/structures/3197-collectif-zumba-artemare;3197-collectif-zumba-artemare
Colli'Dance;recently_disaffiliated;UNAFFILIATED_STRUCTURE;4 rue haute;02860;colligis crandelain;collidance@gmail.com;0615438859;;49.4688366;3.6320389;;;;https://www.ffdanse.fr/structures/4396-colli-dance;4396-colli-dance
Colmar New Dance Club;affiliated;AFFILIATED_STRUCTURE;1, route de Strasbourg;68000;Colmar;isabellescaravella24@gmail.com;0389825228;;48.089188923722;7.3590382803566;2026;Dix Danses | Latines | Standards;Danses latines | Danses standards;https://www.ffdanse.fr/structures/1357-colmar-new-dance-club;1357-colmar-new-dance-club
COLOMAR'SWING;affiliated;AFFILIATED_STRUCTURE;3 RUE ETIENNE CURTI;06670;COLOMARS;colomarswing@gmail.com;0683526131;;43.7638251;7.222361;2026;Societe;Danses de salon;https://www.ffdanse.fr/structures/2344-colomar-swing;2344-colomar-swing
COLOR DANCE SALBRIS;affiliated;AFFILIATED_STRUCTURE;33 boulevard de la république;41300;SALBRIS;colordance41@yahoo.com;0761375225;;47.4249961;2.0534906;2026;Danse en solo Latine | Danses Solo | Eveil à la Danse | Jazz | Orientale | Street Dance | Teams SBK | Zumba;Modern jazz | Jazz | Danses ethniques | Danses hip-hop | Salsa | Bachata | Kizomba | Zumba;https://www.ffdanse.fr/structures/4995-color-dance-salbris;4995-color-dance-salbris
COMA danse du centre;affiliated;AFFILIATED_STRUCTURE;34 Rue des Châtaigniers;95100;ARGENTEUIL;danseducentre@aol.com;0618623122;;48.956282;2.2528165;2026;Jazz;Modern jazz | Jazz;https://www.ffdanse.fr/structures/1971-coma-danse-du-centre;1971-coma-danse-du-centre
COMA Jean Guimier;affiliated;AFFILIATED_STRUCTURE;Mme RETAUD MONIQUE 12 SQUARE AQUITAINE;95100;ARGENTEUIL;comargenteuil@aol.com;0631270295;;0;0;2026;Contemporain | Jazz;Ateliers de création | Contemporain | Modern jazz | Jazz;https://www.ffdanse.fr/structures/1959-coma-jean-guimier;1959-coma-jean-guimier
Comb'danses;affiliated;AFFILIATED_STRUCTURE;Le Bourg, Mairie;63390;GOUTTIERES;comb.danses@gmail.com;0685216710;;46.065377;2.7692844;2026;Rock | Rock et DA | Rock'n'Roll | Country And Line;Rock'n'roll | Rock sauté | Country & line;https://www.ffdanse.fr/structures/5449-comb-danses;5449-comb-danses
Comité d'animation de Bapeaume;affiliated;AFFILIATED_STRUCTURE;1 rue de la pommeraie;76380;CANTELEU;delahayejac@wanadoo.fr;0622766546;;49.4510224;1.0247823;2026;Eveil à la Danse | Standards;Danses standards;https://www.ffdanse.fr/structures/4022-comite-d-animation-de-bapeaume;4022-comite-d-animation-de-bapeaume
Comité départemental Ain;committee;DEPARTMENTAL_COMMITTEE;207 impasse La Croix;01330;Villars les Dombes;ain@ffdanse.fr;0616295258;;45.997181;5.0556117;;;;https://www.ffdanse.fr/structures/16-comite-departemental-ain;16-comite-departemental-ain
Comité départemental Aisne;committee;DEPARTMENTAL_COMMITTEE;16 ROUTE DE COUCY;02200;CUFFIES;m.trinon@orange.fr;0670643801;;49.530009;3.756759;;;;https://www.ffdanse.fr/structures/2059-comite-departemental-aisne;2059-comite-departemental-aisne
Comité départemental Allier (en attente de création);committee;DEPARTMENTAL_COMMITTEE;-;03000;Moulins;rclodong@ffdanse.fr;0637316133;;46.568059;3.334417;;;;https://www.ffdanse.fr/structures/17-comite-departemental-allier-en-attente-de-creation;17-comite-departemental-allier-en-attente-de-creation
Comité départemental Alpes-de-Haute-Provence;committee;DEPARTMENTAL_COMMITTEE;plan d'eau des ferreols, studio 57;04000;Digne Les Bains;alpes.de.haute.provence@ffdanse.fr;0492315180;;44.0794715;6.213371;;;;https://www.ffdanse.fr/structures/18-comite-departemental-alpes-de-haute-provence;18-comite-departemental-alpes-de-haute-provence
Comité départemental Alpes-Maritimes;committee;DEPARTMENTAL_COMMITTEE;Place de l'église;06560;VALBONNE SOPHIA ANTIPOLIS;alpes.maritimes@ffdanse.fr;04 89 02 57 02;http://www.alpes-maritimes.ffdanse.org;43.6163539;7.0552218;;;;https://www.ffdanse.fr/structures/20-comite-departemental-alpes-maritimes;20-comite-departemental-alpes-maritimes
Comité départemental Ardennes (en attente de création);committee;DEPARTMENTAL_COMMITTEE;-;08000;Charleville-Mézières;grand.est@ffdanse.fr;0140165338;;49.762085;4.726096;;;;https://www.ffdanse.fr/structures/2135-comite-departemental-ardennes-en-attente-de-creation;2135-comite-departemental-ardennes-en-attente-de-creation
Comité départemental Ardèche;committee;DEPARTMENTAL_COMMITTEE;4 CHEMIN DES LAVANDES;07200;AUBENAS;ardeche@ffdanse.fr;0624272429;;44.6093391;4.4020869;;;;https://www.ffdanse.fr/structures/21-comite-departemental-ardeche;21-comite-departemental-ardeche
Comité départemental Ariège (en attente de création);committee;DEPARTMENTAL_COMMITTEE;-;09000;Foix;occitanie@ffdanse.fr;0140165338;;42.964127;1.605232;;;;https://www.ffdanse.fr/structures/2191-comite-departemental-ariege-en-attente-de-creation;2191-comite-departemental-ariege-en-attente-de-creation
Comité départemental Aube;committee;DEPARTMENTAL_COMMITTEE;5 rue marie curie, salle 101;10000;Troyes;comitedanseaube@gmail.com;0651866065;;48.2710963;4.075052;;;;https://www.ffdanse.fr/structures/22-comite-departemental-aube;22-comite-departemental-aube
Comité départemental Aude;committee;DEPARTMENTAL_COMMITTEE;32 rue Jean Nicot;11210;Port La Nouvelle;aude@ffdanse.fr;0616293098;;43.016816;3.055401;;;;https://www.ffdanse.fr/structures/23-comite-departemental-aude;23-comite-departemental-aude
Comité départemental Aveyron (en attente de création);committee;DEPARTMENTAL_COMMITTEE;-;12000;Rodez;occitanie@ffdanse.fr;0140165338;;44.349389;2.575986;;;;https://www.ffdanse.fr/structures/2119-comite-departemental-aveyron-en-attente-de-creation;2119-comite-departemental-aveyron-en-attente-de-creation
Comité départemental Bas-Rhin;committee;DEPARTMENTAL_COMMITTEE;Maison départementale des sports 4, rue Jean Mentelin BP 95028;67035;STRASBOURG;bas.rhin@ffdanse.fr;0609109311;;48.5771018;7.7039716;;;;https://www.ffdanse.fr/structures/74-comite-departemental-bas-rhin;74-comite-departemental-bas-rhin
Comité départemental Bouches-du-Rhône;committee;DEPARTMENTAL_COMMITTEE;7 allée de Font Sarade;13500;Martigues;bouches.du.rhone@ffdanse.fr;0442073709;http://www.bouches.du.rhone.ffdanse.fr;43.4001765;5.0510344;2026;Africaine | Bollywood | Boogie Woogie | Cabaret | Claquettes | Classique | Comedie Musicale | Contemporain | ancien nom à supprimer | Country And Line | Danse Historique | Danse Show | Danse Verticale | Disco | Flamenco | Folklorique | Hip Hop | Indienne | Jazz | Latines | Latino Caraibes | Lindy Hop | Orientale | Pole Dance | Rock et DA | OLD : Salsa, Bachata, Kizomba | Societe | Square Dance | Standards | Street Dance | Tango Argentin | West Coast Swing | Autres Danses | Dix Danses | Autres Danses Du Monde | Rock Acrobatique | Rock Formation | Rock'n'Roll | Rock Saute | Zumba | Regards chorégraphiques | Afro-caribéennes | Afro-contemporaine | Breaking | Locking | Poping | House | New Style | Krump | Danse aérienne | Danse sacrée | Ragga | Barre au Sol | Danses Solo | Eveil à la Danse | Salsa | Bachata | Kizomba | Show Latino Caraïbe | Transversal | Show Dance Latine | Show Dance Standard | Solo Team Lat / Std | Danse Inclusive | Teams SBK | Rock | Pole Sport | Kizomba Chorégraphie | Kizomba Improvisation Urban | Kizomba Improvisation Traditionnelle | Salsa Team Couple | Salsa Team Styling | Rock'n Roll Fédéral | Rock Artistique Fédéral | Rock Acrobatique Fédéral | Boogie Woogie Fédéral | Rock Children | Rock Juveniles | Rock Juniors | Rock Couple Dance Show | Rock Main Class Contact Style | Rock Main Class Free Style | Boogie Juniors | Boogie Rising Star | Boogie Main Class | Boogie Seniors | Small formation Rock Girls | Small Formation Rock Ladies | Formation Rock Juniors | Formation Rock Girls | Formation Rock Ladies | Formation Rock Main Class Quattro | Formation Rock Main Class | Boogie Formation | Bachata Team Couple | Bachata Team Styling | Danse en solo Latine | Danse en solo Standard | Danse en solo Latine NON | Danse en solo Standard NON | Duo bachata Shines | Duo salsa Shines | Parapole Artistique | Parapole sport | Lindy Hop Fédéral | Lindy Hop Junior | Lindy Hop Main Class | Lindy Hop Senior 1 | Lindy Hop Senior 2 | Lindy Hop Show case | Danse inversée | Pilates | Jazz duo | Jazz groupe | Zouk | Country Danse en ligne - DL | Country Danse en Ligne - DL Pop Line | Country Danse en Couple - DC | DC Pro AM | Country Danse en Formation - DF Duo | Country Danse en Formation - DF Quad | Country Danse en Couple - DC Pro AM | Country Danse en Formation - DF Loisirs Team | Country Danse en Formation - DF Crea Team | Country Danse en Formation - DF Show Team | Country Danse en Formation - DF Cabaret Team | Country Danse Partner - DP | Country Ecriture Choregraphique - EC | K-Pop | Yoga danse;Danses ethniques | Boogie-Woogie | Cabaret | Claquettes | Classique | Comédie musicale | Ateliers de création | Contemporain | Country & line | Danse historique | Disco | Danses aériennes | Flamenco | Danses traditionnelles | Danses hip-hop | Modern jazz | Jazz | Danses latines | Danses latino-caraïbes | Lindy hop | Pole dance | Rock sauté | Salsa | Bachata | Danses de salon | Danses standards | Tango argentin | West Coast Swing | Rock acrobatique | Rock'n'roll | Zumba | Afro-jazz | Breaking | Barre au sol classique | Barre au sol contemporaine | Kizomba | Pole sport;https://www.ffdanse.fr/structures/24-comite-departemental-bouches-du-rhone;24-comite-departemental-bouches-du-rhone
Comité départemental Cantal;committee;DEPARTMENTAL_COMMITTEE;CDOS 130 av du général LECLERC;15000;Aurillac;cantal@ffdanse.fr;0619134327;;44.9063627;2.4493404;;;;https://www.ffdanse.fr/structures/26-comite-departemental-cantal;26-comite-departemental-cantal
Comité départemental Charente (en attente de création);committee;DEPARTMENTAL_COMMITTEE;Place de la Mairie;16000;Angoulême;secretariat@ffdanse.fr;0140165338;;45.648626;0.156151;;;;https://www.ffdanse.fr/structures/27-comite-departemental-charente-en-attente-de-creation;27-comite-departemental-charente-en-attente-de-creation
Comité départemental Charente-Maritime (en attente de création);committee;DEPARTMENTAL_COMMITTEE;Place de la Mairie;17000;La Rochellle;secretariat@ffdanse.fr;0140165338;;46.1597756;-1.1514619;;;;https://www.ffdanse.fr/structures/28-comite-departemental-charente-maritime-en-attente-de-creation;28-comite-departemental-charente-maritime-en-attente-de-creation
Comité départemental Cher;committee;DEPARTMENTAL_COMMITTEE;43 ALLEE DES JARDINS DE LA MARGELLE;18570;MORTHOMIERS;cher@ffdanse.fr;06 03 08 12 59;http://www.cher.ffdanse.org;47.0336639;2.2768059;2026;Africaine | Bollywood | Boogie Woogie | Cabaret | Claquettes | Classique | Comedie Musicale | Contemporain | ancien nom à supprimer | Country And Line | Danse Historique | Danse Show | Danse Verticale | Disco | Flamenco | Folklorique | Hip Hop | Indienne | Jazz | Latines | Latino Caraibes | Lindy Hop | Orientale | Pole Dance | Rock et DA | OLD : Salsa, Bachata, Kizomba | Societe | Square Dance | Standards | Street Dance | Tango Argentin | West Coast Swing | Autres Danses | Dix Danses | Autres Danses Du Monde | Rock Acrobatique | Rock Formation | Rock'n'Roll | Rock Saute | Zumba | Regards chorégraphiques | Afro-caribéennes | Afro-contemporaine | Breaking | Locking | Poping | House | New Style | Krump | Danse aérienne | Danse sacrée | Ragga | Barre au Sol | Danses Solo | Eveil à la Danse | Salsa | Bachata | Kizomba | Show Latino Caraïbe | Transversal | Show Dance Latine | Show Dance Standard | Solo Team Lat / Std | Danse Inclusive | Teams SBK | Rock | Pole Sport | Kizomba Chorégraphie | Kizomba Improvisation Urban | Kizomba Improvisation Traditionnelle | Salsa Team Couple | Salsa Team Styling | Rock'n Roll Fédéral | Rock Artistique Fédéral | Rock Acrobatique Fédéral | Boogie Woogie Fédéral | Rock Children | Rock Juveniles | Rock Juniors | Rock Couple Dance Show | Rock Main Class Contact Style | Rock Main Class Free Style | Boogie Juniors | Boogie Rising Star | Boogie Main Class | Boogie Seniors | Small formation Rock Girls | Small Formation Rock Ladies | Formation Rock Juniors | Formation Rock Girls | Formation Rock Ladies | Formation Rock Main Class Quattro | Formation Rock Main Class | Boogie Formation | Bachata Team Couple | Bachata Team Styling | Danse en solo Latine | Danse en solo Standard | Danse en solo Latine NON | Danse en solo Standard NON | Duo bachata Shines | Duo salsa Shines | Parapole Artistique | Parapole sport | Lindy Hop Fédéral | Lindy Hop Junior | Lindy Hop Main Class | Lindy Hop Senior 1 | Lindy Hop Senior 2 | Lindy Hop Show case | Danse inversée | Pilates | Jazz duo | Jazz groupe | Zouk | Country Danse en ligne - DL | Country Danse en Ligne - DL Pop Line | Country Danse en Couple - DC | DC Pro AM | Country Danse en Formation - DF Duo | Country Danse en Formation - DF Quad | Country Danse en Couple - DC Pro AM | Country Danse en Formation - DF Loisirs Team | Country Danse en Formation - DF Crea Team | Country Danse en Formation - DF Show Team | Country Danse en Formation - DF Cabaret Team | Country Danse Partner - DP | Country Ecriture Choregraphique - EC | K-Pop | Yoga danse | Team Show;Danses ethniques | Boogie-Woogie | Cabaret | Claquettes | Classique | Comédie musicale | Ateliers de création | Contemporain | Country & line | Danse historique | Disco | Danses aériennes | Flamenco | Danses traditionnelles | Danses hip-hop | Modern jazz | Jazz | Danses latines | Danses latino-caraïbes | Lindy hop | Pole dance | Rock sauté | Salsa | Bachata | Danses de salon | Danses standards | Tango argentin | West Coast Swing | Rock acrobatique | Rock'n'roll | Zumba | Afro-jazz | Breaking | Barre au sol classique | Barre au sol contemporaine | Kizomba | Pole sport;https://www.ffdanse.fr/structures/29-comite-departemental-cher;29-comite-departemental-cher
Comité départemental Corrèze (en attente de création);committee;DEPARTMENTAL_COMMITTEE;Place de la Mairie;19000;Tulle;secretariat@ffdanse.fr;0140165338;;45.2659419;1.7717511;;;;https://www.ffdanse.fr/structures/30-comite-departemental-correze-en-attente-de-creation;30-comite-departemental-correze-en-attente-de-creation
Comité départemental Creuse (en attente de création);committee;DEPARTMENTAL_COMMITTEE;Place de la Mairie;23000;Guéret;secretariat@ffdanse.fr;0140165338;;46.1693594;1.8715015;;;;https://www.ffdanse.fr/structures/33-comite-departemental-creuse-en-attente-de-creation;33-comite-departemental-creuse-en-attente-de-creation
Comité départemental Côte-d'Or;committee;DEPARTMENTAL_COMMITTEE;7/9 rue Plein de Pouilly, Espace Municipal Renan;21000;DIJON;cote.dor@ffdanse.fr;06 10 36 81 62;http://www.cote-dor.ffdanse.org;47.3441671;5.0459578;;;;https://www.ffdanse.fr/structures/31-comite-departemental-cote-d-or;31-comite-departemental-cote-d-or
Comité départemental Côtes-d'Armor;committee;DEPARTMENTAL_COMMITTEE;Maison des Sports 18 Rue Pierre De Coubertin;22440;PLOUFRAGAN;cotes.darmor@ffdanse.fr;0296226070;http://www.cotes-darmor.ffdanse.org/;48.499673;-2.764338;;;;https://www.ffdanse.fr/structures/32-comite-departemental-cotes-d-armor;32-comite-departemental-cotes-d-armor
Comité départemental Deux-Sèvres;committee;DEPARTMENTAL_COMMITTEE;-;79000;Niort;secretariat@ffdanse.fr;0140165338;;46.323716;-0.464777;;;;https://www.ffdanse.fr/structures/84-comite-departemental-deux-sevres;84-comite-departemental-deux-sevres
Comité départemental Dordogne;committee;DEPARTMENTAL_COMMITTEE;46 rue Kléber;24000;Périgueux;dordogne@ffdanse.fr;06.07.55.29.82;http://www.dordogne.ffdanse.org;45.1885074;0.7153952;;;;https://www.ffdanse.fr/structures/34-comite-departemental-dordogne;34-comite-departemental-dordogne
Comité départemental Doubs (en attente de création);committee;DEPARTMENTAL_COMMITTEE;-;25000;Besançon;secretariat@ffdanse.fr;0140165338;;47.237829;6.0240539;;;;https://www.ffdanse.fr/structures/35-comite-departemental-doubs-en-attente-de-creation;35-comite-departemental-doubs-en-attente-de-creation
Comité départemental Drôme;committee;DEPARTMENTAL_COMMITTEE;71 rue Latecoere, Maison des bénévoles du sport Drôme Ardéche;26000;Valence;drome@ffdanse.fr;0675923503;;44.9202455;4.9212832;;;;https://www.ffdanse.fr/structures/36-comite-departemental-drome;36-comite-departemental-drome
Comité départemental Essonne;committee;DEPARTMENTAL_COMMITTEE;60 rue Alfred de Musset, PAVILLON 10;91400;ORSAY;essonne@ffdanse.fr;0612439509;;48.7033248;2.2040456;;;;https://www.ffdanse.fr/structures/94-comite-departemental-essonne;94-comite-departemental-essonne
Comité départemental Eure;committee;DEPARTMENTAL_COMMITTEE;7 RUE DE COCHEREL;27120;VAUX SUR EURE;eure@ffdanse.fr;0682101940;;49.0424016;1.3388548;;;;https://www.ffdanse.fr/structures/37-comite-departemental-eure;37-comite-departemental-eure
Comité départemental Eure-et-Loir (en attente de création);committee;DEPARTMENTAL_COMMITTEE;-;28000;Chartres;secretariat@ffdanse.fr;0140165338;;48.443854;1.489012;;;;https://www.ffdanse.fr/structures/38-comite-departemental-eure-et-loir-en-attente-de-creation;38-comite-departemental-eure-et-loir-en-attente-de-creation
Comité départemental Finistère;committee;DEPARTMENTAL_COMMITTEE;22 rue de Plouescat;29250;St Pol de Léon;finistere@ffdanse.fr;0671613892;http://www.finistere.ffdanse.org;48.6784322;-3.9907383;;;;https://www.ffdanse.fr/structures/39-comite-departemental-finistere;39-comite-departemental-finistere
Comité départemental Gard;committee;DEPARTMENTAL_COMMITTEE;36 Rue de la cavalerie;30100;ALES;gard@ffdanse.fr;0650307585;;44.1176002;4.0784715;;;;https://www.ffdanse.fr/structures/42-comite-departemental-gard;42-comite-departemental-gard
Comité départemental Gers (en attente de création);committee;DEPARTMENTAL_COMMITTEE;-;32000;Auch;gers@ffdanse.fr;0140165338;;43.64638;0.586709;;;;https://www.ffdanse.fr/structures/2389-comite-departemental-gers-en-attente-de-creation;2389-comite-departemental-gers-en-attente-de-creation
Comité départemental Gironde;committee;DEPARTMENTAL_COMMITTEE;8 impasse de Peleou;33830;LUGOS;gironde@ffdanse.fr;0609329307;www.gironde.ffdanse.org;44.4807827;-0.8748499;;;;https://www.ffdanse.fr/structures/44-comite-departemental-gironde;44-comite-departemental-gironde
Comité départemental Haut-Rhin;committee;DEPARTMENTAL_COMMITTEE;49 RUE DE LA GARE;68890;MEHENHEIM;haut.rhin@ffdanse.fr;0685683188;http://www.haut-rhin.ffdanse.org;47.9134299;7.3475461;;;;https://www.ffdanse.fr/structures/75-comite-departemental-haut-rhin;75-comite-departemental-haut-rhin
Comité départemental Haute-Garonne;committee;DEPARTMENTAL_COMMITTEE;38 rue de l' Etoile;31000;Toulouse;haute.garonne@ffdanse.fr;0561621644;www.haute-garonne.ffdanse.org;43.6010468;1.4558024;;;;https://www.ffdanse.fr/structures/43-comite-departemental-haute-garonne;43-comite-departemental-haute-garonne
Comité départemental Haute-Loire (en attente de création);committee;DEPARTMENTAL_COMMITTEE;-;43000;Le Puy-en-Velay;rclodong@ffdanse.fr;0637316133;;45.042768;3.882936;;;;https://www.ffdanse.fr/structures/54-comite-departemental-haute-loire-en-attente-de-creation;54-comite-departemental-haute-loire-en-attente-de-creation
Comité départemental Haute-Marne (en attente de création);committee;DEPARTMENTAL_COMMITTEE;-;52000;Chaumont;grand.est@ffdanse.fr;0140165338;;48.113748;5.1392559;;;;https://www.ffdanse.fr/structures/61-comite-departemental-haute-marne-en-attente-de-creation;61-comite-departemental-haute-marne-en-attente-de-creation
Comité départemental Haute-Savoie;committee;DEPARTMENTAL_COMMITTEE;50 impasse de la futaie, RACA Danse, ZA aléry;74960;Annecy;racadanse@gmail.com;0623161353;;45.8969485;6.107231;2026;Africaine | Bollywood | Boogie Woogie | Cabaret | Claquettes | Classique | Comedie Musicale | Contemporain | ancien nom à supprimer | Country And Line | Danse Historique | Danse Show | Danse Verticale | Disco | Flamenco | Folklorique | Hip Hop | Indienne | Jazz | Latines | Latino Caraibes | Lindy Hop | Orientale | Pole Dance | Rock et DA | OLD : Salsa, Bachata, Kizomba | Societe | Square Dance | Standards | Street Dance | Tango Argentin | West Coast Swing | Autres Danses | Dix Danses | Autres Danses Du Monde | Rock Acrobatique | Rock Formation | Rock'n'Roll | Rock Saute | Zumba | Regards chorégraphiques | Afro-caribéennes | Afro-contemporaine | Breaking | Locking | Poping | House | New Style | Krump | Danse aérienne | Danse sacrée | Ragga | Barre au Sol | Danses Solo | Eveil à la Danse | Salsa | Bachata | Kizomba | Show Latino Caraïbe | Transversal | Show Dance Latine | Show Dance Standard | Solo Team Lat / Std | Danse Inclusive | Teams SBK | Rock | Pole Sport | Kizomba Chorégraphie | Kizomba Improvisation Urban | Kizomba Improvisation Traditionnelle | Salsa Team Couple | Salsa Team Styling | Rock'n Roll Fédéral | Rock Artistique Fédéral | Rock Acrobatique Fédéral | Boogie Woogie Fédéral | Rock Children | Rock Juveniles | Rock Juniors | Rock Couple Dance Show | Rock Main Class Contact Style | Rock Main Class Free Style | Boogie Juniors | Boogie Rising Star | Boogie Main Class | Boogie Seniors | Small formation Rock Girls | Small Formation Rock Ladies | Formation Rock Juniors | Formation Rock Girls | Formation Rock Ladies | Formation Rock Main Class Quattro | Formation Rock Main Class | Boogie Formation | Bachata Team Couple | Bachata Team Styling | Danse en solo Latine | Danse en solo Standard | Danse en solo Latine NON | Danse en solo Standard NON | Duo bachata Shines | Duo salsa Shines | Parapole Artistique | Parapole sport | Lindy Hop Fédéral | Lindy Hop Junior | Lindy Hop Main Class | Lindy Hop Senior 1 | Lindy Hop Senior 2 | Lindy Hop Show case | Danse inversée | Pilates | Jazz duo | Jazz groupe;Danses ethniques | Boogie-Woogie | Cabaret | Claquettes | Classique | Comédie musicale | Ateliers de création | Contemporain | Country & line | Danse historique | Disco | Danses aériennes | Flamenco | Danses traditionnelles | Danses hip-hop | Modern jazz | Jazz | Danses latines | Danses latino-caraïbes | Lindy hop | Pole dance | Rock sauté | Salsa | Bachata | Danses de salon | Danses standards | Tango argentin | West Coast Swing | Rock acrobatique | Rock'n'roll | Zumba | Afro-jazz | Breaking | Barre au sol classique | Barre au sol contemporaine | Kizomba | Pole sport;https://www.ffdanse.fr/structures/79-comite-departemental-haute-savoie;79-comite-departemental-haute-savoie
Comité départemental Haute-Saône (en attente de création);committee;DEPARTMENTAL_COMMITTEE;-;70000;Vesoul;secretariat@ffdanse.fr;0140165338;;47.619788;6.15428;;;;https://www.ffdanse.fr/structures/77-comite-departemental-haute-saone-en-attente-de-creation;77-comite-departemental-haute-saone-en-attente-de-creation
Comité départemental Haute-Vienne;committee;DEPARTMENTAL_COMMITTEE;-, La Bonnetière, Comité Départemental FFDanse;87330;VAL D'OIRE ET GARTEMPE;haute.vienne@ffdanse.fr;0632913832;;45.833619;1.261105;;;;https://www.ffdanse.fr/structures/90-comite-departemental-haute-vienne;90-comite-departemental-haute-vienne
Comité départemental Hautes-Alpes;committee;DEPARTMENTAL_COMMITTEE;7 Ruine de Fortville;05100;Briançon;hautes.alpes@ffdanse.fr;0492200234;;44.9127076;6.622121;;;;https://www.ffdanse.fr/structures/19-comite-departemental-hautes-alpes;19-comite-departemental-hautes-alpes
Comité départemental Hautes-Pyrénées;committee;DEPARTMENTAL_COMMITTEE;39  rue Massey;65000;TARBES;hautes.pyrenees@ffdanse.fr;0787532490;;43.2373204;0.0739478;;;;https://www.ffdanse.fr/structures/72-comite-departemental-hautes-pyrenees;72-comite-departemental-hautes-pyrenees
Comité départemental Hauts-de-Seine;committee;DEPARTMENTAL_COMMITTEE;5 rue du Parc de Fleury;92190;Meudon;hauts.de.seine@ffdanse.fr;0663283723;;48.8047931;2.2452518;;;;https://www.ffdanse.fr/structures/95-comite-departemental-hauts-de-seine;95-comite-departemental-hauts-de-seine
Comité départemental Hérault;committee;DEPARTMENTAL_COMMITTEE;22 rue Jean Renoir, Chez Mr RIGAUD Philippe;34130;Saint-Aunès;herault@ffdanse.fr;0670163541;www.herault.ffdanse.org;43.6417827;3.9583165;;;;https://www.ffdanse.fr/structures/45-comite-departemental-herault;45-comite-departemental-herault
Comité départemental Ille-et-Vilaine;committee;DEPARTMENTAL_COMMITTEE;13 B Avenue de Cucillé, Maison Départementale des Sports;35000;RENNES;ille.et.vilaine@ffdanse.fr;0687496914;;48.1267039;-1.6962056;;;;https://www.ffdanse.fr/structures/46-comite-departemental-ille-et-vilaine;46-comite-departemental-ille-et-vilaine
Comité départemental Indre (en attente de création);committee;DEPARTMENTAL_COMMITTEE;-;36000;Châteauroux;secretariat@ffdanse.fr;0140165338;;46.811434;1.686779;;;;https://www.ffdanse.fr/structures/47-comite-departemental-indre-en-attente-de-creation;47-comite-departemental-indre-en-attente-de-creation
Comité départemental Indre-et-Loire;committee;DEPARTMENTAL_COMMITTEE;3 rue Eugène Pottier;37700;Saint Pierre des Corps;indre.et.loire@ffdanse.fr;0767021379;www.indre-et-loire.ffdanse.org;47.3886608;0.7221244;;;;https://www.ffdanse.fr/structures/48-comite-departemental-indre-et-loire;48-comite-departemental-indre-et-loire
Comité départemental Isère;committee;DEPARTMENTAL_COMMITTEE;40 routes des gorges;38500;COUBLEVIE;isere@ffdanse.fr;0673842761;;45.3670436;5.6215346;;;;https://www.ffdanse.fr/structures/49-comite-departemental-isere;49-comite-departemental-isere
Comité départemental Jura (en attente de création);committee;DEPARTMENTAL_COMMITTEE;-;39000;Lons-le-Saunier;secretariat@ffdanse.fr;0140165338;;46.671361;5.550796;;;;https://www.ffdanse.fr/structures/50-comite-departemental-jura-en-attente-de-creation;50-comite-departemental-jura-en-attente-de-creation
Comité départemental Landes;committee;DEPARTMENTAL_COMMITTEE;5 impasse de la forêt;40100;DAX;landes@ffdanse.fr;0672968744;;43.7035179;-1.0705222;;;;https://www.ffdanse.fr/structures/51-comite-departemental-landes;51-comite-departemental-landes
Comité départemental Loir-et-Cher (en attente de création);committee;DEPARTMENTAL_COMMITTEE;-;41000;Blois;secretariat@ffdanse.fr;0140165338;;47.5860921;1.3359475;;;;https://www.ffdanse.fr/structures/52-comite-departemental-loir-et-cher-en-attente-de-creation;52-comite-departemental-loir-et-cher-en-attente-de-creation
Comité départemental Loire;committee;DEPARTMENTAL_COMMITTEE;-;42000;Saint-Etienne;loire@ffdanse.fr;0608983461;;45.439695;4.3871779;;;;https://www.ffdanse.fr/structures/53-comite-departemental-loire;53-comite-departemental-loire
Comité départemental Loire-Atlantique;committee;DEPARTMENTAL_COMMITTEE;4, Allée de La Sablière;44260;Savenay;loire.atlantique@ffdanse.fr;0675905231;;47.3608828;-1.9545557;2026;Africaine | Bollywood | Boogie Woogie | Cabaret | Claquettes | Classique | Comedie Musicale | Contemporain | ancien nom à supprimer | Country And Line | Danse Historique | Danse Show | Danse Verticale | Disco | Flamenco | Folklorique | Hip Hop | Indienne | Jazz | Latines | Latino Caraibes | Lindy Hop | Orientale | Pole Dance | Rock et DA | OLD : Salsa, Bachata, Kizomba | Societe | Square Dance | Standards | Street Dance | Tango Argentin | West Coast Swing | Autres Danses | Dix Danses | Autres Danses Du Monde | Rock Acrobatique | Rock Formation | Rock'n'Roll | Rock Saute | Zumba | Regards chorégraphiques | Afro-caribéennes | Afro-contemporaine | Breaking | Locking | Poping | House | New Style | Krump | Danse aérienne | Danse sacrée | Ragga | Barre au Sol | Danses Solo | Eveil à la Danse | Salsa | Bachata | Kizomba | Show Latino Caraïbe | Transversal | Show Dance Latine | Show Dance Standard | Solo Team Lat / Std | Danse Inclusive | Teams SBK | Rock | Pole Sport | Kizomba Chorégraphie | Kizomba Improvisation Urban | Kizomba Improvisation Traditionnelle | Salsa Team Couple | Salsa Team Styling | Rock'n Roll Fédéral | Rock Artistique Fédéral | Rock Acrobatique Fédéral | Boogie Woogie Fédéral | Rock Children | Rock Juveniles | Rock Juniors | Rock Couple Dance Show | Rock Main Class Contact Style | Rock Main Class Free Style | Boogie Juniors | Boogie Rising Star | Boogie Main Class | Boogie Seniors | Small formation Rock Girls | Small Formation Rock Ladies | Formation Rock Juniors | Formation Rock Girls | Formation Rock Ladies | Formation Rock Main Class Quattro | Formation Rock Main Class | Boogie Formation | Bachata Team Couple | Bachata Team Styling | Danse en solo Latine | Danse en solo Standard | Danse en solo Latine NON | Danse en solo Standard NON | Duo bachata Shines | Duo salsa Shines | Parapole Artistique | Parapole sport | Lindy Hop Fédéral | Lindy Hop Junior | Lindy Hop Main Class | Lindy Hop Senior 1 | Lindy Hop Senior 2 | Lindy Hop Show case | Danse inversée | Pilates | Jazz duo | Jazz groupe | Zouk | Country Danse en ligne - DL | Country Danse en Ligne - DL Pop Line | Country Danse en Couple - DC | DC Pro AM | Country Danse en Formation - DF Duo | Country Danse en Formation - DF Quad | Country Danse en Couple - DC Pro AM | Country Danse en Formation - DF Loisirs Team | Country Danse en Formation - DF Crea Team | Country Danse en Formation - DF Show Team | Country Danse en Formation - DF Cabaret Team | Country Danse Partner - DP | Country Ecriture Choregraphique - EC | K-Pop | Yoga danse;Danses ethniques | Boogie-Woogie | Cabaret | Claquettes | Classique | Comédie musicale | Ateliers de création | Contemporain | Country & line | Danse historique | Disco | Danses aériennes | Flamenco | Danses traditionnelles | Danses hip-hop | Modern jazz | Jazz | Danses latines | Danses latino-caraïbes | Lindy hop | Pole dance | Rock sauté | Salsa | Bachata | Danses de salon | Danses standards | Tango argentin | West Coast Swing | Rock acrobatique | Rock'n'roll | Zumba | Afro-jazz | Breaking | Barre au sol classique | Barre au sol contemporaine | Kizomba | Pole sport;https://www.ffdanse.fr/structures/55-comite-departemental-loire-atlantique;55-comite-departemental-loire-atlantique
Comité départemental Loiret (en attente de création);committee;DEPARTMENTAL_COMMITTEE;-;45000;Orléans;secretariat@ffdanse.fr;0140165338;;47.902964;1.909251;;;;https://www.ffdanse.fr/structures/56-comite-departemental-loiret-en-attente-de-creation;56-comite-departemental-loiret-en-attente-de-creation
Comité départemental Lot (en attente de création);committee;DEPARTMENTAL_COMMITTEE;-;46000;Cahors;secretariat@ffdanse.fr;0140165338;;44.4475229;1.441989;;;;https://www.ffdanse.fr/structures/57-comite-departemental-lot-en-attente-de-creation;57-comite-departemental-lot-en-attente-de-creation
Comité départemental Lot-et-Garonne (en attente de création);committee;DEPARTMENTAL_COMMITTEE;Place de la Mairie;47000;Agen;lot.et.garonne@ffdanse.fr;0140165338;;44.20315;0.616049;;;;https://www.ffdanse.fr/structures/2189-comite-departemental-lot-et-garonne-en-attente-de-creation;2189-comite-departemental-lot-et-garonne-en-attente-de-creation
Comité départemental Lozère;committee;DEPARTMENTAL_COMMITTEE;Place de la Mairie;48000;Mende;contact@ffdanse.fr;0140165338;;44.5180037;3.50185;;;;https://www.ffdanse.fr/structures/2703-comite-departemental-lozere;2703-comite-departemental-lozere
Comité départemental Maine-et-Loire;committee;DEPARTMENTAL_COMMITTEE;5 bis bd FOCH;49100;ANGERS;maine.et.loire@ffdanse.fr;07 87 97 41 05;www.maine-et-loire.ffdanse.org;47.4693234;-0.5488683;;;;https://www.ffdanse.fr/structures/58-comite-departemental-maine-et-loire;58-comite-departemental-maine-et-loire
Comité départemental Manche (en attente de création);committee;DEPARTMENTAL_COMMITTEE;-;50000;Saint-Lô;secretariat@ffdanse.fr;0140165338;;49.1154686;-1.0828136;;;;https://www.ffdanse.fr/structures/59-comite-departemental-manche-en-attente-de-creation;59-comite-departemental-manche-en-attente-de-creation
Comité départemental Marne;committee;DEPARTMENTAL_COMMITTEE;36 BOULEVARD CARTERET;51100;REIMS;grand.est@ffdanse.fr;0680101440;;49.2585156;4.0480383;;;;https://www.ffdanse.fr/structures/60-comite-departemental-marne;60-comite-departemental-marne
Comité Départemental Martinique;committee;DEPARTMENTAL_COMMITTEE;-, FFDANSE;97200;Fort-de-France;martinique@ffdanse.fr;0140165338;;14.6160647;-61.0587804;;;;https://www.ffdanse.fr/structures/2617-comite-departemental-martinique;2617-comite-departemental-martinique
Comité départemental Mayenne (en attente de création);committee;DEPARTMENTAL_COMMITTEE;-;53000;Laval;secretariat@ffdanse.fr;0140165338;;48.0785146;-0.7669906;;;;https://www.ffdanse.fr/structures/2710-comite-departemental-mayenne-en-attente-de-creation;2710-comite-departemental-mayenne-en-attente-de-creation
Comité départemental Mayotte (en attente de création);committee;DEPARTMENTAL_COMMITTEE;-;97600;Dzaoudzi;secretariat@ffdanse.fr;0140165338;;-12.781942;45.2568488;;;;https://www.ffdanse.fr/structures/2711-comite-departemental-mayotte-en-attente-de-creation;2711-comite-departemental-mayotte-en-attente-de-creation
Comité départemental Meurthe-et-Moselle;committee;DEPARTMENTAL_COMMITTEE;18 rue lafayette, chez Pole Dance Nancy;54320;Maxéville;meurthe.et.moselle@ffdanse.fr;06 09 11 21 75;http://www.meurthe-et-moselle.ffdanse.org;48.7107805;6.1686004;;;;https://www.ffdanse.fr/structures/62-comite-departemental-meurthe-et-moselle;62-comite-departemental-meurthe-et-moselle
Comité départemental Meuse (en attente de création);committee;DEPARTMENTAL_COMMITTEE;-;55000;Bar-le-Duc;grand.est@ffdanse.fr;0140165338;;48.773605;5.158238;;;;https://www.ffdanse.fr/structures/2403-comite-departemental-meuse-en-attente-de-creation;2403-comite-departemental-meuse-en-attente-de-creation
Comité départemental Morbihan;committee;DEPARTMENTAL_COMMITTEE;8 Impasse Surcouff, CDOS, Maison du Sport;56450;THEIX-NOYALO;morbihan@ffdanse.fr;0679333844;;47.6424447;-2.6959818999999925;;;;https://www.ffdanse.fr/structures/63-comite-departemental-morbihan;63-comite-departemental-morbihan
Comité départemental Moselle;committee;DEPARTMENTAL_COMMITTEE;4 rue de la forêt;57520;Rouhling;moselle@ffdanse.fr;0633435287;http://www.moselle.ffdanse.org;49.1410341;7.0084555;;;;https://www.ffdanse.fr/structures/64-comite-departemental-moselle;64-comite-departemental-moselle
Comité départemental Nièvre (en attente de création);committee;DEPARTMENTAL_COMMITTEE;-;58000;Nevers;secretariat@ffdanse.fr;0140165338;;46.990896;3.162845;;;;https://www.ffdanse.fr/structures/65-comite-departemental-nievre-en-attente-de-creation;65-comite-departemental-nievre-en-attente-de-creation
Comité départemental Nord;committee;DEPARTMENTAL_COMMITTEE;26 rue Denis Papin;59650;VILLENEUVEd'ASCQ;nord@ffdanse.fr;06.19.05.56.40;;50.6486797;3.1292901;;;;https://www.ffdanse.fr/structures/66-comite-departemental-nord;66-comite-departemental-nord
Comité départemental Nouvelle-Calédonie (en attente de création);committee;DEPARTMENTAL_COMMITTEE;-;98800;Nouméa;secretariat@ffdanse.fr;0140165338;;-22.2710727;166.4416459;;;;https://www.ffdanse.fr/structures/2698-comite-departemental-nouvelle-caledonie-en-attente-de-creation;2698-comite-departemental-nouvelle-caledonie-en-attente-de-creation
Comité départemental Oise;committee;DEPARTMENTAL_COMMITTEE;3 rue de l'église;60870;BRENOUILLE;oise@ffdanse.fr;0621050067;;49.3052106;2.539146;;;;https://www.ffdanse.fr/structures/67-comite-departemental-oise;67-comite-departemental-oise
Comité départemental Orne (en attente de création);committee;DEPARTMENTAL_COMMITTEE;-;61000;Alençon;secretariat@ffdanse.fr;0140165338;;48.432856;0.091266;;;;https://www.ffdanse.fr/structures/68-comite-departemental-orne-en-attente-de-creation;68-comite-departemental-orne-en-attente-de-creation
Comité départemental Paris;committee;DEPARTMENTAL_COMMITTEE;42 rue d'Avron;75020;Paris;paris@ffdanse.fr;0000000000;www.paris.ffdanse.org;48.8515983;2.4023396;2026;Africaine | Bollywood | Boogie Woogie | Cabaret | Claquettes | Classique | Comedie Musicale | Contemporain | ancien nom à supprimer | Country And Line | Danse Historique | Danse Show | Danse Verticale | Disco | Flamenco | Folklorique | Hip Hop | Indienne | Jazz | Latines | Latino Caraibes | Lindy Hop | Orientale | Pole Dance | Rock et DA | OLD : Salsa, Bachata, Kizomba | Societe | Square Dance | Standards | Street Dance | Tango Argentin | West Coast Swing | Autres Danses | Dix Danses | Autres Danses Du Monde | Rock Acrobatique | Rock Formation | Rock'n'Roll | Rock Saute | Zumba | Regards chorégraphiques | Afro-caribéennes | Afro-contemporaine | Breaking | Locking | Poping | House | New Style | Krump | Danse aérienne | Danse sacrée | Ragga | Barre au Sol | Danses Solo | Eveil à la Danse | Salsa | Bachata | Kizomba | Show Latino Caraïbe | Transversal | Show Dance Latine | Show Dance Standard | Solo Team Lat / Std | Danse Inclusive | Teams SBK | Rock | Pole Sport | Kizomba Chorégraphie | Kizomba Improvisation Urban | Kizomba Improvisation Traditionnelle | Salsa Team Couple | Salsa Team Styling | Rock'n Roll Fédéral | Rock Artistique Fédéral | Rock Acrobatique Fédéral | Boogie Woogie Fédéral | Rock Children | Rock Juveniles | Rock Juniors | Rock Couple Dance Show | Rock Main Class Contact Style | Rock Main Class Free Style | Boogie Juniors | Boogie Rising Star | Boogie Main Class | Boogie Seniors | Small formation Rock Girls | Small Formation Rock Ladies | Formation Rock Juniors | Formation Rock Girls | Formation Rock Ladies | Formation Rock Main Class Quattro | Formation Rock Main Class | Boogie Formation | Bachata Team Couple | Bachata Team Styling | Danse en solo Latine | Danse en solo Standard | Danse en solo Latine NON | Danse en solo Standard NON | Duo bachata Shines | Duo salsa Shines | Parapole Artistique | Parapole sport | Lindy Hop Fédéral | Lindy Hop Junior | Lindy Hop Main Class | Lindy Hop Senior 1 | Lindy Hop Senior 2 | Lindy Hop Show case | Danse inversée | Pilates | Jazz duo | Jazz groupe | Zouk | Country Danse en ligne - DL | Country Danse en Ligne - DL Pop Line | Country Danse en Couple - DC | DC Pro AM | Country Danse en Formation - DF Duo | Country Danse en Formation - DF Quad | Country Danse en Couple - DC Pro AM | Country Danse en Formation - DF Loisirs Team | Country Danse en Formation - DF Crea Team | Country Danse en Formation - DF Show Team | Country Danse en Formation - DF Cabaret Team | Country Danse Partner - DP | Country Ecriture Choregraphique - EC | K-Pop | Yoga danse | Team Show;Danses ethniques | Boogie-Woogie | Cabaret | Claquettes | Classique | Comédie musicale | Ateliers de création | Contemporain | Country & line | Danse historique | Disco | Danses aériennes | Flamenco | Danses traditionnelles | Danses hip-hop | Modern jazz | Jazz | Danses latines | Danses latino-caraïbes | Lindy hop | Pole dance | Rock sauté | Salsa | Bachata | Danses de salon | Danses standards | Tango argentin | West Coast Swing | Rock acrobatique | Rock'n'roll | Zumba | Afro-jazz | Breaking | Barre au sol classique | Barre au sol contemporaine | Kizomba | Pole sport;https://www.ffdanse.fr/structures/80-comite-departemental-paris;80-comite-departemental-paris
Comité départemental Puy-de-Dôme;committee;DEPARTMENTAL_COMMITTEE;au C.D.O.S  63,4 cours sablon;63000;clermont ferrand;puy.de.dome@ffdanse.fr;0661535902;;45.7767117;3.0897789;;;;https://www.ffdanse.fr/structures/70-comite-departemental-puy-de-dome;70-comite-departemental-puy-de-dome
Comité départemental Pyrénées-Orientales;committee;DEPARTMENTAL_COMMITTEE;Maison des Sports rue René Duguay Trouin;66000;PERPIGNAN;pyrenees.orientales@ffdanse.fr;0661754149;;42.699341;2.8807734;;;;https://www.ffdanse.fr/structures/73-comite-departemental-pyrenees-orientales;73-comite-departemental-pyrenees-orientales
Comité départemental Rhône;committee;DEPARTMENTAL_COMMITTEE;28 rue julien, CDOS-RML  ESPACE DES SPORTS;69003;LYON 3EME ARRONDISSEMENT;rhone@ffdanse.fr;0680055505;;45.7524343;4.8884878;;;;https://www.ffdanse.fr/structures/76-comite-departemental-rhone;76-comite-departemental-rhone
Comité départemental Sarthe (en attente de création);committee;DEPARTMENTAL_COMMITTEE;-;72000;Le Mans;sarthe@ffdanse.fr;0140165338;;48.00611;0.199556;;;;https://www.ffdanse.fr/structures/2397-comite-departemental-sarthe-en-attente-de-creation;2397-comite-departemental-sarthe-en-attente-de-creation
Comité départemental Saône-et-Loire;committee;DEPARTMENTAL_COMMITTEE;408 rue de la preste;71700;TOURNUS;saone.et.loire@ffdanse.fr;0615485044;www.saone-et-loire.ffdanse.org;46.5730691;4.9059629;;;;https://www.ffdanse.fr/structures/78-comite-departemental-saone-et-loire;78-comite-departemental-saone-et-loire
Comité départemental Seine-et-Marne;committee;DEPARTMENTAL_COMMITTEE;6 allée des bouvreuils;77310;PONTHIERRY;seine.et.marne@ffdanse.fr;06 19 18 75 23;http://www.seine-et-marne.ffdanse.org;48.5350978;2.5335482;;;;https://www.ffdanse.fr/structures/82-comite-departemental-seine-et-marne;82-comite-departemental-seine-et-marne
Comité départemental Seine-Maritime;committee;DEPARTMENTAL_COMMITTEE;20 rue Lakanal;76600;LE HAVRE;seine.maritime@ffdanse.fr;0660871665;;49.5080264;0.1271755;;;;https://www.ffdanse.fr/structures/81-comite-departemental-seine-maritime;81-comite-departemental-seine-maritime
Comité départemental Seine-Saint-Denis;committee;DEPARTMENTAL_COMMITTEE;50 ter Blv de la république, Residence le Sévigné;93190;Livry Gargan;seine.saint.denis@ffdanse.fr;0615167235;;48.9065813;2.5216127;;;;https://www.ffdanse.fr/structures/96-comite-departemental-seine-saint-denis;96-comite-departemental-seine-saint-denis
Comité départemental Somme (en attente de création);committee;DEPARTMENTAL_COMMITTEE;-;80000;Amiens;hauts.de.France@ffdanse.fr;0140165338;;49.894067;2.295753;;;;https://www.ffdanse.fr/structures/2060-comite-departemental-somme-en-attente-de-creation;2060-comite-departemental-somme-en-attente-de-creation
Comité départemental Tarn;committee;DEPARTMENTAL_COMMITTEE;Maison des Associations - Place du 1er Mai;81100;CASTRES;tarn@ffdanse.fr;0610113471;www.tarn.ffdanse.fr;43.601712;2.248667;;;;https://www.ffdanse.fr/structures/85-comite-departemental-tarn;85-comite-departemental-tarn
Comité départemental Tarn-et-Garonne (en attente de création);committee;DEPARTMENTAL_COMMITTEE;-;82000;Montauban;secretariat@ffdanse.fr;0140165338;;44.0221252;1.3529599;;;;https://www.ffdanse.fr/structures/2404-comite-departemental-tarn-et-garonne-en-attente-de-creation;2404-comite-departemental-tarn-et-garonne-en-attente-de-creation
Comité départemental Territoire de Belfort (en attente de création);committee;DEPARTMENTAL_COMMITTEE;-;90000;Belfort;secretariat@ffdanse.fr;0140165338;;47.639674;6.863849;;;;https://www.ffdanse.fr/structures/93-comite-departemental-territoire-de-belfort-en-attente-de-creation;93-comite-departemental-territoire-de-belfort-en-attente-de-creation
Comité départemental Val-d'Oise;committee;DEPARTMENTAL_COMMITTEE;10 avenue de plaisance;95120;Ermont;val.doise@ffdanse.fr;06 83 95 29 83;;48.9796332;2.268094;;;;https://www.ffdanse.fr/structures/98-comite-departemental-val-d-oise;98-comite-departemental-val-d-oise
Comité départemental Val-de-Marne;committee;DEPARTMENTAL_COMMITTEE;Maison des Associations Boîte 123 41/43 rue Raymond du Temple;94304;Vincennes;val.de.marne@ffdanse.fr;0661473157;;48.8476679;2.4380392;;;;https://www.ffdanse.fr/structures/97-comite-departemental-val-de-marne;97-comite-departemental-val-de-marne
Comité départemental Var;committee;DEPARTMENTAL_COMMITTEE;133 Boulevard du Général Brosset, Le Rond Point;83200;TOULON;var@ffdanse.fr;0428701313;www.var.ffdanse.org;43.128106;5.905372;;;;https://www.ffdanse.fr/structures/86-comite-departemental-var;86-comite-departemental-var
Comité départemental Vaucluse;committee;DEPARTMENTAL_COMMITTEE;44 Rue de la Chevaliére;84530;VILLELAURE;vaucluse@ffdanse.fr;0612328980;;43.7085202;5.4363422;;;;https://www.ffdanse.fr/structures/87-comite-departemental-vaucluse;87-comite-departemental-vaucluse
Comité départemental Vendée;committee;DEPARTMENTAL_COMMITTEE;6 allée du Vermenou;85180;Le Château d'Olonne;vendee@ffdanse.fr;0613573361;www.vendee.ffdanse.org;46.4765818;-1.7471456;;;;https://www.ffdanse.fr/structures/88-comite-departemental-vendee;88-comite-departemental-vendee
Comité départemental Vienne;committee;DEPARTMENTAL_COMMITTEE;Téléport 1, CDOS 86 - Maison des Sports, Avenue du Futuroscope - Bâtiment @2;86360;Chasseneuil-du-Poitou;vienne@ffdanse.fr;06 17 61 65 86;http://www.lavienne.ffdanse.org;46.6696332;0.3607232;;;;https://www.ffdanse.fr/structures/89-comite-departemental-vienne;89-comite-departemental-vienne
Comité départemental Vosges;committee;DEPARTMENTAL_COMMITTEE;281 RUE DU PRE PATURE;88000;DINOZE;vosges@ffdanse.fr;0615358984;;48.1429943;6.46996;;;;https://www.ffdanse.fr/structures/91-comite-departemental-vosges;91-comite-departemental-vosges
Comité départemental Yonne (en attente de création);committee;DEPARTMENTAL_COMMITTEE;-;89000;Auxerre;secretariat@ffdanse.fr;0140165338;;47.798202;3.573781;;;;https://www.ffdanse.fr/structures/92-comite-departemental-yonne-en-attente-de-creation;92-comite-departemental-yonne-en-attente-de-creation
Comité départemental Yvelines;committee;DEPARTMENTAL_COMMITTEE;17 rue de La Plaine, C/O Paris Danse Studio;75020;Paris;yvelines@ffdanse.fr;0662356075;;48.8501437;2.4012915;;;;https://www.ffdanse.fr/structures/83-comite-departemental-yvelines;83-comite-departemental-yvelines
Comité régional Auvergne-Rhône-Alpes;committee;REGIONAL_COMMITTEE;154 Montée des Clarines;38560;JARRIE;auvergne.rhone.alpes@ffdanse.fr;0631469284;;45.1034788;5.7551348;;;;https://www.ffdanse.fr/structures/12-comite-regional-auvergne-rhone-alpes;12-comite-regional-auvergne-rhone-alpes
Comité régional Bourgogne / Franche-Comté;committee;REGIONAL_COMMITTEE;408 rue de la preste;71700;Tournus;bourgogne.franche.comte@ffdanse.fr;0615485044;;46.573072;4.905875;;;;https://www.ffdanse.fr/structures/11-comite-regional-bourgogne-franche-comte;11-comite-regional-bourgogne-franche-comte
Comité régional Bretagne;committee;REGIONAL_COMMITTEE;177 St Michel;22290;PLEHEDEL;bretagne@ffdanse.fr;0296226070;http://www.bretagne.ffdanse.org;48.696443;-3.009062;;;;https://www.ffdanse.fr/structures/6-comite-regional-bretagne;6-comite-regional-bretagne
Comité régional Centre Val de Loire;committee;REGIONAL_COMMITTEE;9 rue Charlet;18000;Bourges;centre.val.de.loire@ffdanse.fr;0650690025;http://www.centre.ffdanse.org/;47.0839055;2.4056751;;;;https://www.ffdanse.fr/structures/7-comite-regional-centre-val-de-loire;7-comite-regional-centre-val-de-loire
Comité régional Corse;committee;REGIONAL_COMMITTEE;2729 route d'Agliani Villa Minh-Hoï;20600;Bastia;corse@ffdanse.fr;0495338615;http://www.corse.ffdanse.org;42.6743818;9.4285106;;;;https://www.ffdanse.fr/structures/8-comite-regional-corse;8-comite-regional-corse
Comité régional Grand-Est;committee;REGIONAL_COMMITTEE;54 Rue de la Croix Saint-Joseph, Centre Socio Culturel Gilbert Jansem;57155;Marly;grand.est@ffdanse.fr;0622288819;http://www.grand-est.ffdanse.org;49.060948;6.1634386;;;;https://www.ffdanse.fr/structures/9-comite-regional-grand-est;9-comite-regional-grand-est
Comité régional Guadeloupe;committee;REGIONAL_COMMITTEE;62 Boulevard de la pointe de Jarry, POLE DREAM STUDIO;97122;BAIE MAHAULT;contact@ffdanse.fr;0600000000;;46.227638;2.213749;;;;https://www.ffdanse.fr/structures/2425-comite-regional-guadeloupe;2425-comite-regional-guadeloupe
Comité Régional Guyane;committee;REGIONAL_COMMITTEE;1180 rue de la raffinerie, Lotissement ACQUAVILLA;97351;Matoury;guyane@ffdanse.fr;0645074019;;4.8503574;-52.3318445;;;;https://www.ffdanse.fr/structures/2627-comite-regional-guyane;2627-comite-regional-guyane
Comité régional Ile De France;committee;REGIONAL_COMMITTEE;9, rue guénot;75011;Paris;ile.de.france@ffdanse.fr;0783687155;;48.8514522;2.3921146;;;;https://www.ffdanse.fr/structures/2-comite-regional-ile-de-france;2-comite-regional-ile-de-france
Comité régional La Réunion;committee;REGIONAL_COMMITTEE;20 Route Philibert TSIRANANA, CROS REUNION;97490;SAINTE CLOTILDE;la.reunion@ffdanse.fr;0692681092;;-20.8889685;55.4715841;;;;https://www.ffdanse.fr/structures/99-comite-regional-la-reunion;99-comite-regional-la-reunion
Comité régional Les Hauts de France;committee;REGIONAL_COMMITTEE;16, résidence les bigophones;59221;BAUVIN;hauts.de.France@ffdanse.fr;0952773948;http://www.hauts-de-france.ffdanse.org;50.5053316;2.8936011;;;;https://www.ffdanse.fr/structures/14-comite-regional-les-hauts-de-france;14-comite-regional-les-hauts-de-france
Comité régional Martinique;committee;REGIONAL_COMMITTEE;LOT LES HAUTS DE CALIFORNIE, ESPACE DD - BAT A13;97232;LE LAMENTIN;martinique@ffdanse.fr;0696849858;;14.6210732;-61.0327527;;;;https://www.ffdanse.fr/structures/2618-comite-regional-martinique;2618-comite-regional-martinique
Comité régional Mayotte;committee;REGIONAL_COMMITTEE;-;97600;Dzaoudzi;secretariat@ffdanse.fr;0140165338;;-12.781942;45.2568488;;;;https://www.ffdanse.fr/structures/2712-comite-regional-mayotte;2712-comite-regional-mayotte
Comité régional Nouvelle Aquitaine;committee;REGIONAL_COMMITTEE;2, rue de l'université;33400;Talence;nouvelle.aquitaine@ffdanse.fr;0682906555;http://www.aquitaine.ffdanse.org;44.8006161;-0.5974397;;;;https://www.ffdanse.fr/structures/10-comite-regional-nouvelle-aquitaine;10-comite-regional-nouvelle-aquitaine
Comité régional Nouvelle-Calédonie (en attente de création);committee;REGIONAL_COMMITTEE;-;98800;Nouméa;secretariat@ffdanse.fr;0140165338;;-22.2710727;166.4416459;;;;https://www.ffdanse.fr/structures/2697-comite-regional-nouvelle-caledonie-en-attente-de-creation;2697-comite-regional-nouvelle-caledonie-en-attente-de-creation
Comité régional Occitanie;committee;REGIONAL_COMMITTEE;Complexe Sportif de Montplaisir, Rte de Perpignan;11100;NARBONNE;occitanie@ffdanse.fr;0667673969;;43.1472021;2.9724279;;;;https://www.ffdanse.fr/structures/15-comite-regional-occitanie;15-comite-regional-occitanie
Comité régional Pays De La Loire;committee;REGIONAL_COMMITTEE;44 rue Romain Rolland;44000;Nantes;pays.de.la.loire@ffdanse.fr;0000000000;;47.2074566;-1.6104672;;;;https://www.ffdanse.fr/structures/3-comite-regional-pays-de-la-loire;3-comite-regional-pays-de-la-loire
Comité régional Provence Alpes Cote D'Azur;committee;REGIONAL_COMMITTEE;386 route d avignon, Monsieur;13570;Barbentane;paca@ffdanse.fr;0668617247;http://www.paca.ffdanse.org;43.904249;4.760541;;;;https://www.ffdanse.fr/structures/4-comite-regional-provence-alpes-cote-d-azur;4-comite-regional-provence-alpes-cote-d-azur
Comme on danse;affiliated;AFFILIATED_STRUCTURE;2 avenue Jeanne;92270;Bois-Colombes;aurelie@commeondanse.fr;0670231244;www.commeondanse.fr;48.9204332;2.2736324;2026;Barre au Sol | Classique;Barre au sol classique | Barre au sol contemporaine | Classique;https://www.ffdanse.fr/structures/1627-comme-on-danse;1627-comme-on-danse
Compagnie 4 par 4;affiliated;AFFILIATED_STRUCTURE;12 rue des rennes;85180;le chateau d'olonne;compagnie4par4@yahoo.fr;0679040663;;46.4756791;-1.7154529;2026;Classique | Contemporain | Hip Hop | Jazz;Classique | Ateliers de création | Contemporain | Danses hip-hop | Modern jazz | Jazz;https://www.ffdanse.fr/structures/1793-compagnie-4-par-4;1793-compagnie-4-par-4
Compagnie Aliénés;affiliated;AFFILIATED_STRUCTURE;467 rue Emile Basly;62700;Bruay-La-Buissière;cie.alienes@gmail.com;0659923881;;50.4850932;2.5331017;2026;Breaking | Hip Hop;Breaking | Danses hip-hop;https://www.ffdanse.fr/structures/5935-compagnie-alienes;5935-compagnie-alienes
Compagnie Ana;affiliated;AFFILIATED_STRUCTURE;15 rue Albert meusnier;35590;L'hermitage;compagnie.ana@hotmail.com;0766763638;;48.1295218;-1.8065848;2026;Contemporain | Jazz;Ateliers de création | Contemporain | Modern jazz | Jazz;https://www.ffdanse.fr/structures/5746-compagnie-ana;5746-compagnie-ana
Compagnie Art Monic;affiliated;AFFILIATED_STRUCTURE;Haut Morne Pois - Acajou, N°1 Résidence La Plaine -;97232;LE LAMENTIN;moniqueassouvie@gmail.com;0696849858;http://artmonicdanse.com/;14.6276432;-60.9889238;2026;Africaine | Afro-caribéennes | Afro-contemporaine | Autres Danses Du Monde | Barre au Sol | Breaking | Classique | Contemporain | Danse aérienne | Eveil à la Danse | Folklorique | Hip Hop | Indienne | Jazz | Pole Dance | Regards chorégraphiques | Street Dance;Danses ethniques | Afro-jazz | Barre au sol classique | Barre au sol contemporaine | Breaking | Classique | Ateliers de création | Contemporain | Danses aériennes | Danses traditionnelles | Danses hip-hop | Modern jazz | Jazz | Pole dance;https://www.ffdanse.fr/structures/2532-compagnie-art-monic;2532-compagnie-art-monic
Compagnie Capsule Temporelle / LA CAPSULE LAVERUNE;affiliated;AFFILIATED_STRUCTURE;2B rue des amandiers, 34880;34880;LAVERUNE;ciecapsuletemporelle@hotmail.com;0749656028;lacapsulelaverune.com;43.5860059;3.8048298;2026;Barre au Sol | Breaking | Classique | Comedie Musicale | Contemporain | Danse Inclusive | Eveil à la Danse | Hip Hop | House | Locking | New Style | Pilates | Poping | Regards chorégraphiques | Zumba;Barre au sol classique | Barre au sol contemporaine | Breaking | Classique | Comédie musicale | Ateliers de création | Contemporain | Danses hip-hop | Zumba;https://www.ffdanse.fr/structures/5239-compagnie-capsule-temporelle-la-capsule-laverune;5239-compagnie-capsule-temporelle-la-capsule-laverune
COMPAGNIE CONTRE COURANT;affiliated;AFFILIATED_STRUCTURE;Hôtel de Ville 1 rue de l'espérance, 30310;22190;Plérin;ciecontrecourant@gmail.com;0611731366;;48.53534;-2.7704735;2026;Contemporain | Regards chorégraphiques;Ateliers de création | Contemporain;https://www.ffdanse.fr/structures/2406-compagnie-contre-courant;2406-compagnie-contre-courant
Compagnie Cyriac;affiliated;AFFILIATED_STRUCTURE;126 rue Antoine Fuet;11210;PORT LA NOUVELLE;compagniecyriac@orange.fr;0680229517;;43.010651;3.0605168;2026;Barre au Sol | Contemporain | Eveil à la Danse | Jazz | Street Dance;Barre au sol classique | Barre au sol contemporaine | Ateliers de création | Contemporain | Modern jazz | Jazz | Danses hip-hop;https://www.ffdanse.fr/structures/209-compagnie-cyriac;209-compagnie-cyriac
Compagnie Danse et Scène;affiliated;AFFILIATED_STRUCTURE;184 rue Marcel Mérieux;69007;Lyon;compagniedanseetscene@gmail.com;06 18 04 63 66;;45.7334883;4.8283962;2026;Barre au Sol | Classique | Contemporain | Eveil à la Danse | Jazz | Jazz duo | Jazz groupe | Regards chorégraphiques;Barre au sol classique | Barre au sol contemporaine | Classique | Ateliers de création | Contemporain | Modern jazz | Jazz;https://www.ffdanse.fr/structures/6295-compagnie-danse-et-scene;6295-compagnie-danse-et-scene
Compagnie Flex Impact;affiliated;AFFILIATED_STRUCTURE;3 rue jules ferry, Maison des Association - Espace Jean Zay;71100;Chalon sur Saône;fleximpact.cie@gmail.com;0629715620;www.fleximpact-cie.com;46.7972976;4.866638;2026;Breaking | Hip Hop;Breaking | Danses hip-hop;https://www.ffdanse.fr/structures/1430-compagnie-flex-impact;1430-compagnie-flex-impact
Compagnie grain de sable;affiliated;AFFILIATED_STRUCTURE;12 square francois Mauriac;85300;challans;laurent.delepine85@orange.fr;0628521839;;46.8528539;-1.8881755;2026;Jazz;Modern jazz | Jazz;https://www.ffdanse.fr/structures/1776-compagnie-grain-de-sable;1776-compagnie-grain-de-sable
Compagnie hotmilk;affiliated;AFFILIATED_STRUCTURE;25 rue du docteur charles coubard;49300;Cholet;ciehotmilk@gmail.com;0777727378;https://www.hotmilkbreakers.com/;;;2026;Breaking | Hip Hop;Breaking | Danses hip-hop;https://www.ffdanse.fr/structures/4841-compagnie-hotmilk;4841-compagnie-hotmilk
Compagnie icinimo;affiliated;AFFILIATED_STRUCTURE;Morta, Maison suarone;20243;Prunelli-di-fiumorbo;icinimo@outlook.fr;0662332585;ICINIMO.com;41.99847;9.385805;2026;Breaking | Contemporain | Hip Hop | Street Dance;Breaking | Ateliers de création | Contemporain | Danses hip-hop;https://www.ffdanse.fr/structures/3133-compagnie-icinimo;3133-compagnie-icinimo
COMPAGNIE ISABELLE PAYET;affiliated;AFFILIATED_STRUCTURE;3 IMPASSE PER JAKEZ HELIAS;56170;QUIBERON;compagnie.isabellepayet@gmail.com;0677450516;;47.482133;-3.121053;2026;Comedie Musicale | Jazz | Regards chorégraphiques;Comédie musicale | Modern jazz | Jazz | Ateliers de création | Contemporain;https://www.ffdanse.fr/structures/2548-compagnie-isabelle-payet;2548-compagnie-isabelle-payet
Compagnie Jazzy danse;affiliated;AFFILIATED_STRUCTURE;29 avenue aliénor;33830;Belin Beliet;compagnie.jazzydanse@laposte.net;0661847706;;44.4983949;-0.7887375;2026;Jazz;Modern jazz | Jazz;https://www.ffdanse.fr/structures/705-compagnie-jazzy-danse;705-compagnie-jazzy-danse
Compagnie Jean Michel Mennessier;affiliated;AFFILIATED_STRUCTURE;MAIRIE DE SAINT MARD 11 RUE DE LA MAIRIE;77230;SAINT MARD;jm.mennessier@orange.fr;0673467680;;49.0374864;2.694222;2026;Classique | Contemporain | Jazz;Classique | Ateliers de création | Contemporain | Modern jazz | Jazz;https://www.ffdanse.fr/structures/1572-compagnie-jean-michel-mennessier;1572-compagnie-jean-michel-mennessier
Compagnie Jeunes Sans Limites;recently_disaffiliated;UNAFFILIATED_STRUCTURE;6989 avenue Christophe Colomb, appartement I42, 97320 Saint Laurent du maroni;97320;Saint Laurent du Maroni;jeunessanslimites@gmail.com;+594694030693;;46.227638;2.213749;;;;https://www.ffdanse.fr/structures/2658-compagnie-jeunes-sans-limites;2658-compagnie-jeunes-sans-limites
Compagnie La lice;affiliated;AFFILIATED_STRUCTURE;70 quai lamblardie;76600;Le Havre;compagnielalice@gmail.com;0673491063;parceke.fr/cielalice;49.4895489;0.1141894;2026;Barre au Sol | Contemporain;Barre au sol classique | Barre au sol contemporaine | Ateliers de création | Contemporain;https://www.ffdanse.fr/structures/4789-compagnie-la-lice;4789-compagnie-la-lice
Compagnie LA Mars;affiliated;AFFILIATED_STRUCTURE;4 bd meyer;13004;marseille;pelletti.marion@gmail.com;0980753592;;43.3134961;5.4028006;2026;Autres Danses | Hip Hop | Jazz;Danses hip-hop | Modern jazz | Jazz;https://www.ffdanse.fr/structures/306-compagnie-la-mars;306-compagnie-la-mars
Compagnie Le Songe du Métatarse;affiliated;AFFILIATED_STRUCTURE;30 boulevard des Varzelles;04100;MANOSQUE;c.barreau@yahoo.fr;0686761569;;43.8281356;5.7758151;2026;Regards chorégraphiques;Ateliers de création | Contemporain;https://www.ffdanse.fr/structures/4467-compagnie-le-songe-du-metatarse;4467-compagnie-le-songe-du-metatarse
Compagnie Les Associés Crew;recently_disaffiliated;UNAFFILIATED_STRUCTURE;38 rue Pasteur;33150;Cenon;lequatriemeart@hotmail.fr;0652020493;www.lesassociescrew.fr;44.8510403;-0.5182693;;;;https://www.ffdanse.fr/structures/3490-compagnie-les-associes-crew;3490-compagnie-les-associes-crew
Compagnie MAKA Danse;affiliated;AFFILIATED_STRUCTURE;Mairie, 1 place champs de vignes;31600;Eaunes;makadanse@gmail.com;0672556608;;43.421645;1.354479;2026;Classique | Contemporain | Jazz | Street Dance;Classique | Ateliers de création | Contemporain | Modern jazz | Jazz | Danses hip-hop;https://www.ffdanse.fr/structures/5770-compagnie-maka-danse;5770-compagnie-maka-danse
COMPAGNIE MURIELLE M;affiliated;AFFILIATED_STRUCTURE;14 PLACE DU 19 MARS 1962;26300;CHATUZANGE LE GOUBET;contact@compagniemuriellem.com;0961417884;www.compagniemuriellem.com;44.9760546;5.0272406;2026;Barre au Sol | Breaking | Cabaret | Classique | Comedie Musicale | Eveil à la Danse | Hip Hop | Jazz | Regards chorégraphiques | Street Dance | Zumba;Barre au sol classique | Barre au sol contemporaine | Breaking | Cabaret | Classique | Comédie musicale | Danses hip-hop | Modern jazz | Jazz | Ateliers de création | Contemporain | Zumba;https://www.ffdanse.fr/structures/3616-compagnie-murielle-m;3616-compagnie-murielle-m
Compagnie Resonance;affiliated;AFFILIATED_STRUCTURE;20 Rue de la République, rez de chaussée;42400;Saint Chamond;resonancecompagnie@gmail.com;0650569584;;45.4774976;4.513456;2026;Bachata | Rock'n'Roll | Societe | West Coast Swing;Bachata | Rock'n'roll | Danses de salon | West Coast Swing;https://www.ffdanse.fr/structures/3480-compagnie-resonance;3480-compagnie-resonance
compagnie S.trella;affiliated;AFFILIATED_STRUCTURE;17 rue des moulins;10800;isle aumont;compagnies.trella@live.fr;0650069625;;48.2104053;4.1283253;2026;Claquettes | Classique | Eveil à la Danse | Jazz;Claquettes | Classique | Modern jazz | Jazz;https://www.ffdanse.fr/structures/4140-compagnie-s-trella;4140-compagnie-s-trella
Compagnie Synolu;affiliated;AFFILIATED_STRUCTURE;Place du Maréchal Augereau, En mairie;77610;La Houssaye-en-Brie;ciesynolu@gmail.com;0665282166;;48.7534997;2.8746651;2026;Contemporain;Ateliers de création | Contemporain;https://www.ffdanse.fr/structures/1602-compagnie-synolu;1602-compagnie-synolu
COMPAGNIE T'NT DANSE ET COMEDIE;affiliated;AFFILIATED_STRUCTURE;10 RUE MAURICE JOUET;78340;LES CLAYES SOUS BOIS;tntdanse@gmail.com;0620399143;tntdanse.wordpress.com;48.821565;1.9891748;2026;Classique | Jazz;Classique | Modern jazz | Jazz;https://www.ffdanse.fr/structures/6190-compagnie-t-nt-danse-et-comedie;6190-compagnie-t-nt-danse-et-comedie
Compétiteurs ligériens en danse sportive;affiliated;AFFILIATED_STRUCTURE;6, impasse des Groies;85580;Saint Michel en l'Herm;jacques.pinel6@orange.fr;0609360487;;46.3543448;-1.2410908;2026;Classique | Contemporain | Country And Line | Danses Solo | Dix Danses | Jazz | Latines | OLD : Salsa, Bachata, Kizomba | Societe | Standards | Tango Argentin | ancien nom à supprimer;Classique | Ateliers de création | Contemporain | Country & line | Danses latines | Danses standards | Modern jazz | Jazz | Salsa | Bachata | Danses de salon | Tango argentin;https://www.ffdanse.fr/structures/935-competiteurs-ligeriens-en-danse-sportive;935-competiteurs-ligeriens-en-danse-sportive
Concordia section danse;affiliated;AFFILIATED_STRUCTURE;17A, rue de la Gare, Marienthal;67500;HAGUENAU;gaston.schikowski@free.fr;0689992038;;48.7000892;7.7838127;2026;Autres Danses | Latines | Rock'n'Roll | Societe | Standards;Danses latines | Rock'n'roll | Danses de salon | Danses standards;https://www.ffdanse.fr/structures/4932-concordia-section-danse;4932-concordia-section-danse
Concours International de Danse de Saint M'Art;affiliated;AFFILIATED_STRUCTURE;11 rue de la mairie;77230;Saint-mard;concoursinternational.saintmart@gmail.com;0640238327;;49.040614;2.702097;2026;Classique | Contemporain | Folklorique | Hip Hop | Jazz | Regards chorégraphiques;Classique | Ateliers de création | Contemporain | Danses traditionnelles | Danses hip-hop | Modern jazz | Jazz;https://www.ffdanse.fr/structures/5040-concours-international-de-danse-de-saint-m-art;5040-concours-international-de-danse-de-saint-m-art
Confi'Danse;affiliated;AFFILIATED_STRUCTURE;HOTEL DE VILLE;60590;TRIE CHATEAU;confidanse.triechateau@gmail.com;0638415330;;49.284776;1.822021;2026;Autres Danses;;https://www.ffdanse.fr/structures/1192-confi-danse;1192-confi-danse
Conservatoire Claude DEBUSSY de Saint Malo;affiliated;AFFILIATED_STRUCTURE;14 rue des chênes;35400;saint malo;gdesmare@saint-malo.fr;0299563225;;48.6549841;-1.9784918;2026;Contemporain;Ateliers de création | Contemporain;https://www.ffdanse.fr/structures/5537-conservatoire-claude-debussy-de-saint-malo;5537-conservatoire-claude-debussy-de-saint-malo
CONSERVATOIRE DE DANSE DE VILLENEUVE LES AVIGNON;affiliated;AFFILIATED_STRUCTURE;17 Allée Claire Fontaine;30400;Villeneuve-lès-Avignon;cdva.danse@gmail.com;0603157932;;43.956369;4.78884;2026;Classique | Eveil à la Danse | Jazz;Classique | Modern jazz | Jazz;https://www.ffdanse.fr/structures/5812-conservatoire-de-danse-de-villeneuve-les-avignon;5812-conservatoire-de-danse-de-villeneuve-les-avignon
Conservatoire Municipal de Musique Jean Marie Georgin de Bouzonville;recently_disaffiliated;UNAFFILIATED_STRUCTURE;4 avenue de la gare;57320;Bouzonville;conservatoiremusique-bouzonville@orange.fr;0387785283;;49.2899516;6.5305723;;;;https://www.ffdanse.fr/structures/1116-conservatoire-municipal-de-musique-jean-marie-georgin-de-bouzonville;1116-conservatoire-municipal-de-musique-jean-marie-georgin-de-bouzonville
Conservatoire à Rayonnement Intercommunal de musique;affiliated;AFFILIATED_STRUCTURE;11 place Pierre Messmer;57400;Sarrebourg;sec.cris@orange.fr;0387030507;;48.7341947;7.0564394;2026;Regards chorégraphiques;Ateliers de création | Contemporain;https://www.ffdanse.fr/structures/3477-conservatoire-a-rayonnement-intercommunal-de-musique;3477-conservatoire-a-rayonnement-intercommunal-de-musique
CONTEMPODANSE;affiliated;AFFILIATED_STRUCTURE;10 Place du Château, 2eme étage;29260;LESNEVEN;jeanettemorenosilva@gmail.com;0635229997;;48.5719066;-4.3225764;2026;Classique | Contemporain;Classique | Ateliers de création | Contemporain;https://www.ffdanse.fr/structures/6378-contempodanse;6378-contempodanse
Contre Temps danse;affiliated;AFFILIATED_STRUCTURE;154 chemin de la bastide neuve;13111;COUDOUX;contact@contre-temps-danse.com;0621710574;www.contre-temps-danse.com;43.560398;5.2522233;2026;Contemporain | Eveil à la Danse | Hip Hop | Regards chorégraphiques;Ateliers de création | Contemporain | Danses hip-hop;https://www.ffdanse.fr/structures/258-contre-temps-danse;258-contre-temps-danse
COPPELIA;affiliated;AFFILIATED_STRUCTURE;Annexe de la mairie;10140;Vendeuvre-sur-Barse;assocoppelia@gmail.com;0698925968;coppelia-97.webself.net;48.2366494;4.464641;2026;Africaine | Classique | Contemporain | Eveil à la Danse | Hip Hop | Jazz | Zumba;Danses ethniques | Classique | Ateliers de création | Contemporain | Danses hip-hop | Modern jazz | Jazz | Zumba;https://www.ffdanse.fr/structures/2942-coppelia;2942-coppelia
CORMERY LOISIRS;affiliated;AFFILIATED_STRUCTURE;18 place de Mail;37320;CORMERY;cormeryloisirs@gmail.com;0780141007;;47.267882;0.838256;2026;Hip Hop | Jazz;Danses hip-hop | Modern jazz | Jazz;https://www.ffdanse.fr/structures/5486-cormery-loisirs;5486-cormery-loisirs
CORPEDIE' M DANSE;affiliated;AFFILIATED_STRUCTURE;821 CHEMIN DU ROMANY;34140;MEZE;corpediemdanse@gmail.com;0680240088;www.corpediemdanse.com;43.4348628;3.5940108;2026;Cabaret | Classique | Contemporain | Eveil à la Danse | Hip Hop | Jazz;Cabaret | Classique | Ateliers de création | Contemporain | Danses hip-hop | Modern jazz | Jazz;https://www.ffdanse.fr/structures/4420-corpedie-m-danse;4420-corpedie-m-danse
Corps & arts;affiliated;AFFILIATED_STRUCTURE;10 Rue Galilée;33185;Le Haillan;cecilebernard-cifuentes@orange.fr;0681459588;;44.8594268;-0.68075;2026;Classique | Contemporain | Hip Hop | Jazz;Classique | Ateliers de création | Contemporain | Danses hip-hop | Modern jazz | Jazz;https://www.ffdanse.fr/structures/729-corps-arts;729-corps-arts
corps accords;affiliated;AFFILIATED_STRUCTURE;11 rue raymond mIgaud, 79240;79240;l'Absie;corpsaccords79@gmail.com;0626058555;;46.6329157;-0.5780541;2026;Jazz;Modern jazz | Jazz;https://www.ffdanse.fr/structures/4079-corps-accords;4079-corps-accords
Corps et Graphie;affiliated;AFFILIATED_STRUCTURE;448 avenue Eloi Ducom;40000;MONT DE MARSAN;corpsgraphie@gmail.com;0615412789;;43.8897522;-0.4913669;2026;Barre au Sol | Classique | Contemporain | Regards chorégraphiques | Street Dance;Barre au sol classique | Barre au sol contemporaine | Classique | Ateliers de création | Contemporain | Danses hip-hop;https://www.ffdanse.fr/structures/887-corps-et-graphie;887-corps-et-graphie
CORPS ET GRAPHIK;recently_disaffiliated;UNAFFILIATED_STRUCTURE;74 avenue de Feric, Chez Mme DETIENNE;06000;Nice;corpsetgraphik@gmail.com;0680506050;;43.7326581;7.2245241;;;;https://www.ffdanse.fr/structures/6016-corps-et-graphik;6016-corps-et-graphik
CorpsAccord;affiliated;AFFILIATED_STRUCTURE;1 PLACE DE LA MAIRIE;63560;MENAT;corpsaccord63@gmail.com;0609368975;;46.1041839;2.904436;2026;Jazz | Jazz groupe | Jazz duo;Modern jazz | Jazz;https://www.ffdanse.fr/structures/6263-corpsaccord;6263-corpsaccord
Corrèze Danse;affiliated;AFFILIATED_STRUCTURE;La Grange aux Fées, 16 Aubiat;19380;Albussac;cecile.daniker@wanadoo.fr;+33671186471;www.correzedanse.fr;45.2070322;1.5739119;2026;Classique;Classique;https://www.ffdanse.fr/structures/1626-correze-danse;1626-correze-danse
CORSICA LATINA;affiliated;AFFILIATED_STRUCTURE;Lieux dit  lecci saint cyprien, 780 Strada di Puretta, 20137;20137;Lecci;patsalsa2b@gmail.com;0625286634;www.corsica-latina.fr;41.6385136;9.3493351;2026;Africaine | Afro-caribéennes | Bachata | Bachata Team Couple | Bachata Team Styling | Danse en solo Latine | Danse en solo Standard | Danses Solo | Duo bachata Shines | Duo salsa Shines | Kizomba | Kizomba Chorégraphie | Latines | Latino Caraibes | Rock | Rock'n'Roll | Salsa | Salsa Team Couple | Salsa Team Styling | Show Latino Caraïbe | Societe | Standards | Tango Argentin | Teams SBK | West Coast Swing;Danses ethniques | Bachata | Kizomba | Danses latines | Danses latino-caraïbes | Rock'n'roll | Salsa | Danses de salon | Danses standards | Tango argentin | West Coast Swing;https://www.ffdanse.fr/structures/4702-corsica-latina;4702-corsica-latina
cosmo dance;affiliated;AFFILIATED_STRUCTURE;5 LOTISSEMENT LE CLOS DES VIGNES;36600;LA VERNELLE;dragibus41@live.fr;0665115507;;47.2438795;1.5460726;2026;Eveil à la Danse;;https://www.ffdanse.fr/structures/4523-cosmo-dance;4523-cosmo-dance
Cou danse des Ulis;affiliated;AFFILIATED_STRUCTURE;4 Bis, LCR du Jardin des Lys  Avenue des Cévénnes;91940;LES ULIS;coulisdanse@gmail.com;0169079370;;48.6818363;2.1727315;2026;Contemporain | Hip Hop | Jazz | Regards chorégraphiques;Ateliers de création | Contemporain | Danses hip-hop | Modern jazz | Jazz;https://www.ffdanse.fr/structures/1856-cou-danse-des-ulis;1856-cou-danse-des-ulis
Country Attitude;affiliated;AFFILIATED_STRUCTURE;210 impasse des abeilles, Lieu dit Neboule;24390;BOISSEUILH;linedance24@gmail.com;0971248011;;45.2959101;1.1705415;2026;Autres Danses | Country And Line | Societe | West Coast Swing;Country & line | Danses de salon | West Coast Swing;https://www.ffdanse.fr/structures/449-country-attitude;449-country-attitude
COUNTRY CLUB DES 2 VALLEES;affiliated;AFFILIATED_STRUCTURE;5 allees des peupliers, NEUSSARGUES MOISSAC;15170;NEUSSARGUES MOISSAC;countrydes2vallees@hotmail.com;0680933054;;45.1336765;2.9801536;2026;Country And Line;Country & line;https://www.ffdanse.fr/structures/2166-country-club-des-2-vallees;2166-country-club-des-2-vallees
COUNTRY CLUB L'UNION;affiliated;AFFILIATED_STRUCTURE;27, Rue d'Oloron Ste Marie;31240;L'UNION;lolamerheb@yahoo.fr;0617310133;countryclubunion.jimdo.com;43.6504966;1.4910864;2026;Country And Line | ancien nom à supprimer;Country & line;https://www.ffdanse.fr/structures/3601-country-club-l-union;3601-country-club-l-union
Country d'Yssi;affiliated;AFFILIATED_STRUCTURE;80 RUE DE MARNHAC, MARNHAC;43200;YSSINGEAUX;marimelo@wanadoo.fr;06 76 37 95 58;;45.160177;4.094308;2026;Country And Line | ancien nom à supprimer;Country & line;https://www.ffdanse.fr/structures/926-country-d-yssi;926-country-d-yssi
Country Dance Company;affiliated;AFFILIATED_STRUCTURE;570 rue de la mairie;01170;CESSY;tresorier@countrydancecompany.com;0450410808;www.countrydancecompany.com;46.3157491;6.0676652;2026;Country And Line;Country & line;https://www.ffdanse.fr/structures/107-country-dance-company;107-country-dance-company
Country Dance Connexion;affiliated;AFFILIATED_STRUCTURE;25, rue Voltaire;59157;FONTAINE AU PIRE;countrydanceconnexion@gmail.com;0327785066;;50.1248398;3.3739851;2026;Country And Line | ancien nom à supprimer;Country & line;https://www.ffdanse.fr/structures/1138-country-dance-connexion;1138-country-dance-connexion
Country dance Saint Cyprien;affiliated;AFFILIATED_STRUCTURE;15 Promenade FRONT DE MER, Maison des Associations;66750;SAINT CYPRIEN;countrydancestcyp66@hotmail.fr;0680994079;;43.1569473;3.1660924;2026;Country And Line | Square Dance;Country & line | Danses traditionnelles;https://www.ffdanse.fr/structures/1312-country-dance-saint-cyprien;1312-country-dance-saint-cyprien
Country dance Saint Maurice;affiliated;AFFILIATED_STRUCTURE;338 rue de presles;43200;St Maurice de Lignon;jjcsfa@gmail.com;0471653417;;45.2261013;4.1476846;2026;Country And Line | ancien nom à supprimer;Country & line;https://www.ffdanse.fr/structures/924-country-dance-saint-maurice;924-country-dance-saint-maurice
Country friend's;affiliated;AFFILIATED_STRUCTURE;2 rue de la Révolution;34410;Sauvian;countrysauvian@orange.fr;33671110118;;43.290475;3.2506033;2026;Country And Line | Country Danse en Couple - DC | Country Danse en Couple - DC Pro AM | Country Danse en Formation - DF Cabaret Team | Country Danse en Formation - DF Crea Team | Country Danse en Formation - DF Loisirs Team | Country Danse en Formation - DF Quad | Country Danse en Formation - DF Show Team | Country Danse en ligne - DL | Country Danse en Ligne - DL Pop Line | Country Danse Partner - DP | Country Ecriture Choregraphique - EC | DC Pro AM;Country & line;https://www.ffdanse.fr/structures/775-country-friend-s;775-country-friend-s
Country in Ariège;affiliated;AFFILIATED_STRUCTURE;56 chemin de traverse LAS PRADOS;09000;BRASSAC;ciadansecountry@gmail.com;0670777128;country-in-ariege.fr;42.9596767;1.5571435;2026;Country And Line | ancien nom à supprimer;Country & line;https://www.ffdanse.fr/structures/204-country-in-ariege;204-country-in-ariege
COUNTRY LINE DANCE RUNGIS;affiliated;AFFILIATED_STRUCTURE;5 Rue de l'Hotel Dieu, Maison des Associations;94150;RUNGIS;countrylinedancerungis@gmail.com;0671205893;countrylinedancerungis.fr;48.7480406;2.3484938;2026;Country And Line;Country & line;https://www.ffdanse.fr/structures/5877-country-line-dance-rungis;5877-country-line-dance-rungis
Country line dance together;affiliated;AFFILIATED_STRUCTURE;42 Impasse des Charmes;24370;SAINT JULIEN DE LAMPON;cldtvezac@gmail.com;0670691957;Countrylinedancetogethervezac.fr;44.8602991;1.3675773;2026;Country And Line | Latines | West Coast Swing | Country Danse en ligne - DL;Country & line | Danses latines | West Coast Swing;https://www.ffdanse.fr/structures/461-country-line-dance-together;461-country-line-dance-together
Country Lively Partners;recently_disaffiliated;UNAFFILIATED_STRUCTURE;9 allée des ballades;91310;MONTLHERY;yannickdelmon91@gmail.com;0648584960;;48.6447232;2.2675578;;;;https://www.ffdanse.fr/structures/1872-country-lively-partners;1872-country-lively-partners
COUNTRY MOVING MEAULTE;recently_disaffiliated;UNAFFILIATED_STRUCTURE;24 GRANDE RUE;80300;MEAULTE;countrymoving.meaulte@gmail.com;0637958924;;49.9810383;2.65618;;;;https://www.ffdanse.fr/structures/3414-country-moving-meaulte;3414-country-moving-meaulte
Country music and dance;affiliated;AFFILIATED_STRUCTURE;MAIRIE de MIOS Place du 11 NOVEMBRE;33380;Mios;countrymusicanddance@gmail.com;0677599831;https://www.countrymusicanddance.com/;44.6054788;-0.9392238;2026;Country Danse en ligne - DL;;https://www.ffdanse.fr/structures/724-country-music-and-dance;724-country-music-and-dance
COUNTRY ROAD 38 RENAGE;affiliated;AFFILIATED_STRUCTURE;55 Boulevard Docteur Valois;38140;RENAGE;countryroad38.renage@gmail.com;0616589904;countryroad38.com;45.333135;5.488347;2026;Country And Line | ancien nom à supprimer;Country & line;https://www.ffdanse.fr/structures/3228-country-road-38-renage;3228-country-road-38-renage
Country Saintes Buffalo dancers 17;affiliated;AFFILIATED_STRUCTURE;29 rue Jean XXIII;17100;SAINTES;countrysaintes@wanadoo.fr;0546744184;countrysaintesbuffalodancers17.com;45.7521644;-0.653395;2026;Country And Line | Square Dance | ancien nom à supprimer;Country & line | Danses traditionnelles;https://www.ffdanse.fr/structures/374-country-saintes-buffalo-dancers-17;374-country-saintes-buffalo-dancers-17
Country Spirit Club;affiliated;AFFILIATED_STRUCTURE;4 rue du verger;29640;plougonven;valeriebeaudera@sfr.fr;0298785711;;48.5234691;-3.7086181;2026;Country And Line | ancien nom à supprimer;Country & line;https://www.ffdanse.fr/structures/544-country-spirit-club;544-country-spirit-club
COURANTS D'ART;affiliated;AFFILIATED_STRUCTURE;60 BD PINATEL;13012;MARSEILLE;guiliguiamarseille@gmail.com;0635574921;https://fr-fr.facebook.com/guiliguia/;43.3146429;5.4413789;2026;Folklorique;Danses traditionnelles;https://www.ffdanse.fr/structures/4247-courants-d-art;4247-courants-d-art
Courcelles danse;affiliated;AFFILIATED_STRUCTURE;MAIRIE;27940;COURCELLES SUR SEINE;courcellesdanse27@gmail.com;0232537999;;49.182592;1.357712;2026;Societe;Danses de salon;https://www.ffdanse.fr/structures/2960-courcelles-danse;2960-courcelles-danse
Cournon Danse Attitude;affiliated;AFFILIATED_STRUCTURE;1 place de la Mairie;63800;Cournon d'Auvergne;makadanse@yahoo.fr;0698874646;www.cournondanseattitude.fr;45.7422453;3.1994299;2026;Africaine | Afro-contemporaine | Bachata | Bollywood | Breaking | Eveil à la Danse | Hip Hop | Indienne | Jazz | Kizomba | Orientale | Pilates | Regards chorégraphiques | Rock | Salsa | Street Dance | Zumba;Danses ethniques | Afro-jazz | Bachata | Breaking | Danses hip-hop | Modern jazz | Jazz | Kizomba | Ateliers de création | Contemporain | Rock'n'roll | Salsa | Zumba;https://www.ffdanse.fr/structures/4614-cournon-danse-attitude;4614-cournon-danse-attitude
Cours de danse en pays de Fayence.;recently_disaffiliated;UNAFFILIATED_STRUCTURE;338 route de cambarras;83440;Tourettes;razmoket06@hotmail.com;0663799532;https://www.facebook.com/profile.php?id=100095611263371;43.6050514;6.6979413;;;;https://www.ffdanse.fr/structures/5280-cours-de-danse-en-pays-de-fayence;5280-cours-de-danse-en-pays-de-fayence
Cours de Danse St Leger - CDSL;recently_disaffiliated;UNAFFILIATED_STRUCTURE;Mairie;71510;Saint Leger sur Dheune;danse.stleger@gmail.com;0630391377;;46.8472973;4.638545;;;;https://www.ffdanse.fr/structures/5866-cours-de-danse-st-leger-cdsl;5866-cours-de-danse-st-leger-cdsl
Courtois danse;recently_disaffiliated;UNAFFILIATED_STRUCTURE;Mairie de Courtois 18 rue de l'église;89100;Courtois sur yonne;zago.g@orange.fr;0687455712;;48.2270065;3.2553234;;;;https://www.ffdanse.fr/structures/1838-courtois-danse;1838-courtois-danse
Coyotes Country Club;affiliated;AFFILIATED_STRUCTURE;Mairie  10 place georges tainturier;60940;CINQUEUX;corinnejudlin@gmail.com;0612453863;;49.3193399;2.5257778;2026;Country And Line | ancien nom à supprimer;Country & line;https://www.ffdanse.fr/structures/1190-coyotes-country-club;1190-coyotes-country-club
Coyotes Dancers Montois;recently_disaffiliated;UNAFFILIATED_STRUCTURE;3 rue du maréchal Bosquet, Appt 5;40000;Mont de Marsan;coyote-dancers-montois@hotmail.fr;06.61.70.66.75;;43.8895485;-0.5039486;;;;https://www.ffdanse.fr/structures/895-coyotes-dancers-montois;895-coyotes-dancers-montois
CR DANCE STUDIO - ART & SPECTACLE;recently_disaffiliated;UNAFFILIATED_STRUCTURE;5 avenue Pierre Coste;33210;Langon;crdancestudioevent@gmail.com;0645280783;;44.5487525;-0.2407227;2026;Autres Danses | Cabaret | Contemporain | Eveil à la Danse | Jazz | Street Dance;Cabaret | Ateliers de création | Contemporain | Modern jazz | Jazz | Danses hip-hop;https://www.ffdanse.fr/structures/5999-cr-dance-studio-art-spectacle;5999-cr-dance-studio-art-spectacle
Cran Gevrier Danse;recently_disaffiliated;UNAFFILIATED_STRUCTURE;50 impasse de la futaie;74960;CRAN GEVRIER;ass.crangevrierdanse@gmail.com;0623161353;;45.8969336;6.1072344;;;;https://www.ffdanse.fr/structures/1453-cran-gevrier-danse;1453-cran-gevrier-danse
Crazy Cactus Club;affiliated;AFFILIATED_STRUCTURE;219 rue Robert DESNOS, Résidence les Pins Bâtiment C2;06600;ANTIBES;crazycactusclub@gmail.com;0681952945;crazycactusclub.jimdo.com;43.5960964;7.0695258;2026;Country And Line;Country & line;https://www.ffdanse.fr/structures/156-crazy-cactus-club;156-crazy-cactus-club
CRAZY DANCE;affiliated;AFFILIATED_STRUCTURE;2 ALLEE ST EXUPERY, AUBEVOYE;27940;LA VAL D HAZEY;crazy.dance.27@orange.fr;0637706918;;49.1734965;1.3355716;2026;Classique | Hip Hop | Jazz | Salsa;Classique | Danses hip-hop | Modern jazz | Jazz | Salsa;https://www.ffdanse.fr/structures/5257-crazy-dance;5257-crazy-dance
CRAZY FEET DANCERS 97.4;affiliated;AFFILIATED_STRUCTURE;3 rue de La Ravine - Sarlec 4;97417;La Montagne - SAINT DENIS;rakitocarrero@orange.fr;0692694355;;-20.8802972;55.4296601;2026;Country And Line | Societe;Country & line | Danses de salon;https://www.ffdanse.fr/structures/2744-crazy-feet-dancers-97-4;2744-crazy-feet-dancers-97-4
Crazy move;affiliated;AFFILIATED_STRUCTURE;Mairie de Moncheaux 16 rue du Bouvincourt;59283;Moncheaux;alcidie.delavalle@orange.fr;0627844632;;50.4545193;3.0826444;2026;Contemporain;Ateliers de création | Contemporain;https://www.ffdanse.fr/structures/1149-crazy-move;1149-crazy-move
CRAZY POLE;affiliated;AFFILIATED_STRUCTURE;21 rue Bayard;62300;LENS;contact@crazypole.fr;0614796286;;50.4295912;2.8321292;2026;Pole Dance | Pole Sport;Pole dance | Pole sport;https://www.ffdanse.fr/structures/1233-crazy-pole;1233-crazy-pole
CRC Gilbert Klein;affiliated;AFFILIATED_STRUCTURE;Place du 11 novembre 1918;93390;CLICHY SOUS BOIS;corinne.penhouet@clichysousbois.fr;0145091305;;48.9107252;2.5464452;2026;Classique | Jazz | Transversal;Classique | Modern jazz | Jazz;https://www.ffdanse.fr/structures/1917-crc-gilbert-klein;1917-crc-gilbert-klein
Cre Art C.A.A.E.;recently_disaffiliated;UNAFFILIATED_STRUCTURE;5 rue du 6 février;68740;Rustenhart;serge.langlet@yahoo.fr;0389499031;;47.9403307;7.4615428;2026;Classique | Jazz;Classique | Modern jazz | Jazz;https://www.ffdanse.fr/structures/1352-cre-art-c-a-a-e;1352-cre-art-c-a-a-e
Crea Danse;affiliated;AFFILIATED_STRUCTURE;Centre culturel TMA - bd Jozeau Marigne;50300;AVRANCHES;creadanse-avranches@outlook.fr;0233682281;;48.6866585;-1.3669813;2026;Barre au Sol | Classique | Contemporain | Eveil à la Danse | Flamenco | Orientale | Societe | Jazz groupe;Barre au sol classique | Barre au sol contemporaine | Classique | Ateliers de création | Contemporain | Flamenco | Danses ethniques | Danses de salon;https://www.ffdanse.fr/structures/1032-crea-danse;1032-crea-danse
CREATE DANSE;affiliated;AFFILIATED_STRUCTURE;50 IMP R KIPLING, ZONE POLE MIXTE;83600;FREJUS;create.danse@yahoo.fr;0686171951;www.createdanse.fr;43.433152;6.737034;2026;Barre au Sol | Classique | Contemporain | Eveil à la Danse | Regards chorégraphiques;Barre au sol classique | Barre au sol contemporaine | Classique | Ateliers de création | Contemporain;https://www.ffdanse.fr/structures/5338-create-danse;5338-create-danse
Creuzier country club;affiliated;AFFILIATED_STRUCTURE;Mairie;03300;Creuzier le Vieux;phil.rondepierre@orange.fr;0680914900;;46.1616525;3.438775;2026;Country And Line | Lindy Hop | ancien nom à supprimer;Country & line | Lindy hop;https://www.ffdanse.fr/structures/131-creuzier-country-club;131-creuzier-country-club
Crew-Stillant;affiliated;AFFILIATED_STRUCTURE;12/3 rue du Prés;62000;Arras;crew.stillant@laposte.net;0663604254;https://www.crewstillant-arras.com/;50.2958623;2.7736404;2026;Breaking | Hip Hop | House | Locking | New Style | Poping | Street Dance;Breaking | Danses hip-hop;https://www.ffdanse.fr/structures/3334-crew-stillant;3334-crew-stillant
Cristall Dance;affiliated;AFFILIATED_STRUCTURE;11 rue des prés;25400;Audincourt;paulinetrouillot@sfr.fr;0608475629;;47.4837515;6.8427333;2026;Danse Show | Danse en solo Latine | Danses Solo | Eveil à la Danse | Rock | Rock Formation | Rock Saute | Rock'n'Roll | Show Dance Latine | Societe;Disco | Rock'n'roll | Rock sauté | Danses latines | Danses de salon;https://www.ffdanse.fr/structures/5632-cristall-dance;5632-cristall-dance
Croc en danse;affiliated;AFFILIATED_STRUCTURE;MAISON DES ASSOCIATIONS  5 PLACE JULES FERRY;24100;BERGERAC;crocendanse@gmail.com;0673827275;;44.85493;0.4847062;2026;Autres Danses | Dix Danses | Latines | OLD : Salsa, Bachata, Kizomba | Societe | Standards;Danses latines | Danses standards | Salsa | Bachata | Danses de salon;https://www.ffdanse.fr/structures/445-croc-en-danse;445-croc-en-danse
CROISSY DANSE;affiliated;AFFILIATED_STRUCTURE;4 allee Pissarro;78290;Croissy-sur-Seine;croissy_danse@hotmail.com;0766466695;www.croissydanse.com;48.8748568;2.1351137;2026;Dix Danses | Latines | Rock | Salsa | Societe | Standards;Danses latines | Danses standards | Rock'n'roll | Salsa | Danses de salon;https://www.ffdanse.fr/structures/2485-croissy-danse;2485-croissy-danse
Cross body;affiliated;AFFILIATED_STRUCTURE;6 RUE GAMBETA;45200;MONTARGIS;VECCHIONE.ERIC@ORANGE.FR;0675185190;;47.9976688;2.7315852;2026;Societe;Danses de salon;https://www.ffdanse.fr/structures/985-cross-body;985-cross-body
Crystal;affiliated;AFFILIATED_STRUCTURE;centre multiculturel du Hambusch hameau des genêts;57800;ROSBRUCK;cathy.parinet57@gmail.com;0674005042;;0;0;2026;Jazz;Modern jazz | Jazz;https://www.ffdanse.fr/structures/1090-crystal;1090-crystal
Créa dance;affiliated;AFFILIATED_STRUCTURE;Mairie - Place de la mairie;22130;PLANCOET;crea.dance@outlook.fr;0782868354;www.crea-dance.net;48.5220042;-2.235457;2026;Bachata | Boogie Woogie | Country And Line | Danse Show | Danses Solo | Eveil à la Danse | Formation Rock Girls | Formation Rock Juniors | Formation Rock Ladies | Formation Rock Main Class | Formation Rock Main Class Quattro | Jazz | Latines | Lindy Hop Fédéral | Lindy Hop Junior | Lindy Hop Main Class | Lindy Hop Senior 1 | Lindy Hop Senior 2 | Lindy Hop Show case | Rock Acrobatique | Rock Acrobatique Fédéral | Rock Artistique Fédéral | Rock Children | Rock Couple Dance Show | Rock Formation | Rock Juniors | Rock Juveniles | Rock Main Class Contact Style | Rock Main Class Free Style | Rock Saute | Rock et DA | Rock'n Roll Fédéral | Rock'n'Roll | Small Formation Rock Ladies | Small formation Rock Girls | Street Dance | West Coast Swing;Bachata | Boogie-Woogie | Country & line | Disco | Modern jazz | Jazz | Danses latines | Rock acrobatique | Rock'n'roll | Rock sauté | Danses hip-hop | West Coast Swing;https://www.ffdanse.fr/structures/417-crea-dance;417-crea-dance
Créa Danse;affiliated;AFFILIATED_STRUCTURE;Place de l'hôtel de Ville;85110;CHANTONNAY;creadanse85@gmail.com;0642488471;;46.6867647;-1.0502943;2026;Classique | Contemporain | Eveil à la Danse | Jazz;Classique | Ateliers de création | Contemporain | Modern jazz | Jazz;https://www.ffdanse.fr/structures/4804-crea-danse;4804-crea-danse
Créa'corps;affiliated;AFFILIATED_STRUCTURE;Rue de la Viauderie, Complexe sportif de la Viauderie;44730;SAINT MICHEL CHEF CHEF;creacorps44730@gmail.com;07 87 15 78 98;https://www.creacorps-stmichelchefchef.fr/page/881695-actualites;47.184269;-2.15107;2026;Classique | Contemporain | Jazz;Classique | Ateliers de création | Contemporain | Modern jazz | Jazz;https://www.ffdanse.fr/structures/934-crea-corps;934-crea-corps
Création danse Simiane;affiliated;AFFILIATED_STRUCTURE;Hôtel de ville Place Sévigné;13109;SIMIANE;creationdanse@gmail.com;0652987674;www.creationdansesimiane.fr;43.4297972;5.4348391;2026;Barre au Sol | Breaking | Classique | Contemporain | Eveil à la Danse | Regards chorégraphiques;Barre au sol classique | Barre au sol contemporaine | Breaking | Classique | Ateliers de création | Contemporain;https://www.ffdanse.fr/structures/245-creation-danse-simiane;245-creation-danse-simiane
Créations éphémères;affiliated;AFFILIATED_STRUCTURE;22 avenue carnot;83300;draguignan;dansecreationsephemeres@gmail.com;0624320916;www.danse-creations-ephemeres.com;43.5350345;6.4664353;2026;Contemporain;Ateliers de création | Contemporain;https://www.ffdanse.fr/structures/1730-creations-ephemeres;1730-creations-ephemeres
CUBASON;affiliated;AFFILIATED_STRUCTURE;9 RUE COUACHY, 97310;97310;Kourou;cubason@gmail.com;0694480800;www.cubason.fr;5.1598595;-52.6347474;2026;Bachata | Classique | Contemporain | Eveil à la Danse | Jazz | Latines | Salsa;Bachata | Classique | Ateliers de création | Contemporain | Modern jazz | Jazz | Danses latines | Salsa;https://www.ffdanse.fr/structures/5833-cubason;5833-cubason
Culture danse;affiliated;AFFILIATED_STRUCTURE;Place de l'église;06560;VALBONNE;info@culture-danse.fr;04 93 40 22 02;www.culture-danse.fr;43.6404762;7.0089746;2026;Bachata | Boogie Juniors | Boogie Main Class | Boogie Rising Star | Boogie Seniors | Boogie Woogie | Boogie Woogie Fédéral | Classique | Contemporain | Country And Line | Eveil à la Danse | Hip Hop | Jazz | Kizomba | Lindy Hop | Lindy Hop Fédéral | Lindy Hop Junior | Lindy Hop Main Class | Lindy Hop Senior 1 | Lindy Hop Senior 2 | Lindy Hop Show case | New Style | Regards chorégraphiques | Rock | Rock Acrobatique | Rock Saute | Rock et DA | Rock'n Roll Fédéral | Rock'n'Roll | Salsa | Societe | Street Dance | West Coast Swing | Zumba | Boogie Formation | Formation Rock Girls | Formation Rock Juniors | Formation Rock Ladies | Formation Rock Main Class | Formation Rock Main Class Quattro | Rock Acrobatique Fédéral | Rock Artistique Fédéral | Rock Children | Rock Couple Dance Show | Rock Formation | Rock Juniors | Rock Juveniles | Rock Main Class Contact Style | Rock Main Class Free Style | Small formation Rock Girls | Small Formation Rock Ladies;Bachata | Boogie-Woogie | Classique | Ateliers de création | Contemporain | Country & line | Danses hip-hop | Modern jazz | Jazz | Kizomba | Lindy hop | Rock'n'roll | Rock acrobatique | Rock sauté | Salsa | Danses de salon | West Coast Swing | Zumba;https://www.ffdanse.fr/structures/150-culture-danse;150-culture-danse
CYA (cuerpo y alma);affiliated;AFFILIATED_STRUCTURE;52 avenue Georges Vacher;13790;Peynier;cya-renseignement@outlook.com;0664153697;;43.4637714;5.6119554;2026;Bachata | Latines | Pilates | Salsa;Bachata | Danses latines | Salsa;https://www.ffdanse.fr/structures/6001-cya-cuerpo-y-alma;6001-cya-cuerpo-y-alma
Céline Garcia;affiliated;AFFILIATED_STRUCTURE;18 bis rue Mas de Bories;81000;ALBI;caseadanses@orange.fr;0614174353;;43.919022;2.1723617;2026;Classique | Contemporain | Hip Hop | Jazz;Classique | Ateliers de création | Contemporain | Danses hip-hop | Modern jazz | Jazz;https://www.ffdanse.fr/structures/1669-celine-garcia;1669-celine-garcia
D'arTslovo;affiliated;AFFILIATED_STRUCTURE;18 rue gouverneur général éboué;92130;issy les moulineaux;dartslovo.danse@gmail.com;0601015826;https://dartslovo.wixsite.com/dartslovo;48.8272135;2.2718432;2026;Autres Danses | Autres Danses Du Monde | Classique | Contemporain | Folklorique | Jazz;Danses ethniques | Classique | Ateliers de création | Contemporain | Danses traditionnelles | Modern jazz | Jazz;https://www.ffdanse.fr/structures/1911-d-artslovo;1911-d-artslovo
D'iciDanse;affiliated;AFFILIATED_STRUCTURE;rue des Bonshommes, La Grange du Bois;71960;solutré-pouilly;dicidanse@laposte.net;0385384908;www.dicidanse71.webnode.fr;46.2917961;4.6975090999999;2026;Autres Danses | Dix Danses | Folklorique | Latines | Lindy Hop | Rock et DA | Societe | Standards;Danses latines | Danses standards | Danses traditionnelles | Lindy hop | Rock sauté | Danses de salon;https://www.ffdanse.fr/structures/2109-d-icidanse;2109-d-icidanse
D-K Danse;affiliated;AFFILIATED_STRUCTURE;Maison des Associations 9 rue Faidherbe;02800;BEAUTOR;dkdanse02@gmail.com;0609232242;;49.6589975;3.3460331;2026;Classique | Contemporain | Jazz groupe;Classique | Ateliers de création | Contemporain;https://www.ffdanse.fr/structures/121-d-k-danse;121-d-k-danse
D-K'danses;affiliated;AFFILIATED_STRUCTURE;3 rue Principale;88700;SAINT GENEST;damienkoffolt@gmail.com;0622073921;;48.3547443;6.5277231;2026;Bachata | Boogie Woogie | Latines | Rock | Rock Acrobatique | Rock Saute | Rock et DA | Rock'n'Roll | Salsa | Societe | Standards;Bachata | Boogie-Woogie | Danses latines | Rock'n'roll | Rock acrobatique | Rock sauté | Salsa | Danses de salon | Danses standards;https://www.ffdanse.fr/structures/6035-d-k-danses;6035-d-k-danses
DA.CO.TA (33);affiliated;AFFILIATED_STRUCTURE;2 Place de la Mairie;33240;Saint-Germain-de-la-Rivière;dacota33.stgermaindelariviere@yahoo.fr;0610567255;http://dacota33.wifeo.com;44.9754985;-0.3590923;2026;Country And Line;Country & line;https://www.ffdanse.fr/structures/704-da-co-ta-33;704-da-co-ta-33
DAC ACADEMY;affiliated;AFFILIATED_STRUCTURE;18 RUE D'ALSACE, LE POULFANC;56860;SÉNÉ;contact@dac-academy.fr;0662158267;https://dac-academy.fr/;47.650182;-2.7173732;2026;Afro-caribéennes | Autres Danses Du Monde | Bachata | Barre au Sol | Bollywood | Breaking | Cabaret | Claquettes | Comedie Musicale | Danses Solo | Eveil à la Danse | Flamenco | Folklorique | Hip Hop | Kizomba | Krump | Locking | New Style | OLD : Salsa, Bachata, Kizomba | Orientale | Pole Dance | Poping | Rock'n'Roll | Salsa | Societe | West Coast Swing | Zumba;Danses ethniques | Bachata | Barre au sol classique | Barre au sol contemporaine | Breaking | Cabaret | Claquettes | Comédie musicale | Flamenco | Danses traditionnelles | Danses hip-hop | Kizomba | Salsa | Pole dance | Rock'n'roll | Danses de salon | West Coast Swing | Zumba;https://www.ffdanse.fr/structures/4657-dac-academy;4657-dac-academy
DAN &CO LINE DANCE;affiliated;AFFILIATED_STRUCTURE;13 rue Decaen;97400;Saint Denis;danhyc974@gmail.com;+262692888888;;-20.8861416;55.4553329;2026;Country And Line;Country & line;https://www.ffdanse.fr/structures/4411-dan-co-line-dance;4411-dan-co-line-dance
Dance & Fitness 31;affiliated;AFFILIATED_STRUCTURE;38 rue de l' Etoile;31000;Toulouse;danceetfitness31@gmail.com;0616721979;;43.6010514;1.4557602;2026;Dix Danses | Hip Hop | Jazz | Latines | OLD : Salsa, Bachata, Kizomba | Societe | Standards | Zumba;Danses latines | Danses standards | Danses hip-hop | Modern jazz | Jazz | Salsa | Bachata | Danses de salon | Zumba;https://www.ffdanse.fr/structures/3088-dance-fitness-31;3088-dance-fitness-31
Dance and co;affiliated;AFFILIATED_STRUCTURE;Domaine arcadia, n°7 rue des Avocettes;13250;Saint-Chamas;danceandco.cc13@orange.fr;0625462043;DanceandcoSaintChamas.wordpress.com;43.5366491;5.0423258;2026;Autres Danses | Eveil à la Danse | New Style;Danses hip-hop;https://www.ffdanse.fr/structures/4408-dance-and-co;4408-dance-and-co
Dance and co academy;affiliated;AFFILIATED_STRUCTURE;7 laslaudie;15130;Ytrac;delcorinne@gmail.com;0619134327;;44.920374;2.334644;2026;Country And Line | Country Danse Partner - DP | Country Danse en Couple - DC | Country Danse en Couple - DC Pro AM | Country Danse en Formation - DF Cabaret Team | Country Danse en Formation - DF Crea Team | Country Danse en Formation - DF Loisirs Team | Country Danse en Formation - DF Quad | Country Danse en Formation - DF Show Team | Country Danse en Ligne - DL Pop Line | Country Danse en ligne - DL | Country Ecriture Choregraphique - EC | DC Pro AM | Country Danse en Formation - DF Duo;Country & line;https://www.ffdanse.fr/structures/369-dance-and-co-academy;369-dance-and-co-academy
DANCE ART PROJECT;affiliated;AFFILIATED_STRUCTURE;22 rue du peintre Heim, rue du peintre Heim, 90000;90000;Belfort;danceartproject.asso@gmail.com;0669167213;https://www.facebook.com/danceartprojectasso;47.6313821;6.8601807;2026;Hip Hop | Zumba;Danses hip-hop | Zumba;https://www.ffdanse.fr/structures/4574-dance-art-project;4574-dance-art-project
DANCE ATTITUDE;affiliated;AFFILIATED_STRUCTURE;MAIRIE DE MONTLIVAULT - 20 GRANDE RUE;41350;MONTLIVAULT;danceattitude41@gmail.com;0650410647;www.danceattitude41.fr;47.639168;1.4445576;2026;Danse Show | Eveil à la Danse;Disco;https://www.ffdanse.fr/structures/4487-dance-attitude;4487-dance-attitude
Dance Center 86;affiliated;AFFILIATED_STRUCTURE;19 Grand Rue de Châteauneuf;86100;Châtelelrault;dancenter86@gmail.com;0636764087;https://dancecenter86.com/;46.8168;0.5377012;2026;Autres Danses | Eveil à la Danse;;https://www.ffdanse.fr/structures/5344-dance-center-86;5344-dance-center-86
Dance Club 81;affiliated;AFFILIATED_STRUCTURE;4, impasse Louison Bobet;81000;ALBI;nathalie.monsarrat@orange.fr;0563470012;;43.9204009;2.1694658;2026;Dix Danses | Latines | Standards;Danses latines | Danses standards;https://www.ffdanse.fr/structures/1658-dance-club-81;1658-dance-club-81
DANCE CLUB DE MEYLAN;affiliated;AFFILIATED_STRUCTURE;11 Boulevard des Alpes;38240;MEYLAN;cedric@grimaldidanse.com;0626301906;;45.2030878;5.7667891;2026;Bachata | Boogie Woogie | Hip Hop | Kizomba | Lindy Hop | OLD : Salsa, Bachata, Kizomba | Pole Dance | Rock et DA | Rock'n'Roll | Salsa | Street Dance | West Coast Swing | Zumba | ancien nom à supprimer;Bachata | Boogie-Woogie | Danses hip-hop | Kizomba | Lindy hop | Salsa | Pole dance | Rock sauté | Rock'n'roll | West Coast Swing | Zumba;https://www.ffdanse.fr/structures/3327-dance-club-de-meylan;3327-dance-club-de-meylan
Dance club de sassenage;affiliated;AFFILIATED_STRUCTURE;12 rue des pies;38360;sassenage;mina@grimaldidanse.com;04.76.27.01.00;;45.199461;5.6668353;2026;Autres Danses | Boogie Woogie | Claquettes | Hip Hop | Lindy Hop | OLD : Salsa, Bachata, Kizomba | Pole Dance | Rock Acrobatique | Rock et DA | Rock'n'Roll | Societe | Tango Argentin | West Coast Swing | Zumba | ancien nom à supprimer;Boogie-Woogie | Claquettes | Danses hip-hop | Lindy hop | Salsa | Bachata | Pole dance | Rock acrobatique | Rock'n'roll | Rock sauté | Danses de salon | Tango argentin | West Coast Swing | Zumba;https://www.ffdanse.fr/structures/861-dance-club-de-sassenage;861-dance-club-de-sassenage
Dance Club de Voiron;affiliated;AFFILIATED_STRUCTURE;39 avenue de PAviot;38500;Voiron;soniagarric@gmail.com;0616866057;;45.3519666;5.5912467;2026;Autres Danses | Autres Danses Du Monde | Boogie Woogie | Cabaret | Claquettes | Country And Line | Danses Solo | Hip Hop | Latino Caraibes | Lindy Hop | OLD : Salsa, Bachata, Kizomba | Orientale | Rock et DA | Rock'n'Roll | Societe | Street Dance | Tango Argentin | West Coast Swing;Danses ethniques | Boogie-Woogie | Cabaret | Claquettes | Country & line | Danses hip-hop | Danses latino-caraïbes | Lindy hop | Salsa | Bachata | Rock sauté | Rock'n'roll | Danses de salon | Tango argentin | West Coast Swing;https://www.ffdanse.fr/structures/4307-dance-club-de-voiron;4307-dance-club-de-voiron
Dance club Villieu;affiliated;AFFILIATED_STRUCTURE;MAIRIE;01800;VILLIEU;dance.villieu@gmail.com;07 45 23 00 24;;45.919779;5.222159;2026;Afro-contemporaine | Contemporain | Formation Rock Girls | Formation Rock Juniors | Formation Rock Ladies | Formation Rock Main Class | Formation Rock Main Class Quattro | Hip Hop | Jazz | New Style | Rock Acrobatique | Rock Acrobatique Fédéral | Rock Artistique Fédéral | Rock Children | Rock Couple Dance Show | Rock Formation | Rock Juniors | Rock Juveniles | Rock Main Class Contact Style | Rock Main Class Free Style | Rock Saute | Rock et DA | Rock'n Roll Fédéral | Rock'n'Roll | Small Formation Rock Ladies | Small formation Rock Girls | Street Dance | Zumba;Afro-jazz | Ateliers de création | Contemporain | Danses hip-hop | Modern jazz | Jazz | Rock acrobatique | Rock'n'roll | Rock sauté | Zumba;https://www.ffdanse.fr/structures/112-dance-club-villieu;112-dance-club-villieu
DANCE CONCEPT COMPANY;recently_disaffiliated;UNAFFILIATED_STRUCTURE;55 rue de la Charité;69002;LYON;bureau.dcc@gmail.com;0607024559;;45.75023;4.8303477;2026;Boogie Formation | Boogie Juniors | Boogie Main Class | Boogie Rising Star | Boogie Seniors | Boogie Woogie | Boogie Woogie Fédéral | Dix Danses | Latines | Lindy Hop | Rock Acrobatique Fédéral | Rock Artistique Fédéral | Rock Children | Rock Couple Dance Show | Rock Juniors | Rock Juveniles | Rock Main Class Contact Style | Rock Main Class Free Style | Rock Saute | Rock et DA | Rock'n Roll Fédéral | Rock'n'Roll | Standards;Boogie-Woogie | Danses latines | Danses standards | Lindy hop | Rock sauté | Rock'n'roll;https://www.ffdanse.fr/structures/2462-dance-concept-company;2462-dance-concept-company
DANCE EVENTS FLOW;recently_disaffiliated;UNAFFILIATED_STRUCTURE;34 chemin des Pruniers, Apt 26 Bât D Résidence Terrain Bénard;97410;SAINT PIERRE;danceeventsflow@gmail.com;0692378533;;-21.3408775;55.4776663;;;;https://www.ffdanse.fr/structures/5793-dance-events-flow;5793-dance-events-flow
Dance Factory;affiliated;AFFILIATED_STRUCTURE;30 route du petit fossard;77130;varennes sur seine;dancefactory77@gmail.com;0648380334;;48.3666173;2.9567826;2026;Africaine | Bachata | Breaking | Classique | Contemporain | Danse aérienne | Danses Solo | Dix Danses | Eveil à la Danse | Hip Hop | Jazz | Kizomba | Latines | Latino Caraibes | Lindy Hop | Regards chorégraphiques | Salsa | Societe | Standards | Street Dance | West Coast Swing;Danses ethniques | Bachata | Breaking | Classique | Ateliers de création | Contemporain | Danses aériennes | Danses latines | Danses standards | Danses hip-hop | Modern jazz | Jazz | Kizomba | Danses latino-caraïbes | Lindy hop | Salsa | Danses de salon | West Coast Swing;https://www.ffdanse.fr/structures/3571-dance-factory;3571-dance-factory
dance groove bodycheck;recently_disaffiliated;UNAFFILIATED_STRUCTURE;20 place du général Leclerc;21120;Is sur Tille;lydiajoulie@gmail.com;0677611471;;47.5216009;5.112966;;;;https://www.ffdanse.fr/structures/5900-dance-groove-bodycheck;5900-dance-groove-bodycheck
DANCE IT UP;recently_disaffiliated;UNAFFILIATED_STRUCTURE;1 rue François Mansart;62300;lens;danceituplens@gmail.com;0783431068;;50.4344828;2.8182595;2026;Africaine | Autres Danses | Bachata | Bollywood | Contemporain | Danse Show | Danses Solo | Hip Hop | Jazz | Salsa | Zumba;Danses ethniques | Bachata | Ateliers de création | Contemporain | Disco | Danses hip-hop | Modern jazz | Jazz | Salsa | Zumba;https://www.ffdanse.fr/structures/5663-dance-it-up;5663-dance-it-up
DANCE KIDS;affiliated;AFFILIATED_STRUCTURE;2 la Guerinais;35550;Pipriac;jadancekidspipriac@gmail.com;0660529344;;47.7911945;-1.9335028;2026;Breaking | Contemporain | Eveil à la Danse | Hip Hop | Jazz | Street Dance;Breaking | Ateliers de création | Contemporain | Danses hip-hop | Modern jazz | Jazz;https://www.ffdanse.fr/structures/5653-dance-kids;5653-dance-kids
Dance Lab;affiliated;AFFILIATED_STRUCTURE;4 Rue du Capitaine Guiraud;33320;Eysines;contact@dancelabcompagnie.fr;0749503612;;44.8861173;-0.6495926;2026;Autres Danses | Eveil à la Danse | Jazz | New Style | Street Dance;Modern jazz | Jazz | Danses hip-hop;https://www.ffdanse.fr/structures/4081-dance-lab;4081-dance-lab
DANCE LIVE;affiliated;AFFILIATED_STRUCTURE;Mairie de REDENE;29300;REDENE;albodet@wanadoo.fr;0784927020;;47.8597623;-3.4611574;2026;Standards;Danses standards;https://www.ffdanse.fr/structures/3668-dance-live;3668-dance-live
Dance Lovers;affiliated;AFFILIATED_STRUCTURE;6 rue de l'abricotine;26320;St Marcel lès Valence;dance.lovers.smlv@gmail.com;0666073940;;45.0663115;4.890341;2026;Danse en solo Latine | Latines | Solo Team Lat / Std | Dix Danses | Standards;Danses latines | Danses standards;https://www.ffdanse.fr/structures/3446-dance-lovers;3446-dance-lovers
DANCE MACHINE;affiliated;AFFILIATED_STRUCTURE;13 Rue de l'occitanie, 34290;34290;MONTBLANC;dancemachinemontblanc34@gmail.com;0631286743;;43.3970175;3.3602837;2026;Contemporain | Danse en solo Latine | Eveil à la Danse | Latines | Lindy Hop | Rock | Salsa | Street Dance | West Coast Swing | Zumba;Ateliers de création | Contemporain | Danses latines | Lindy hop | Rock'n'roll | Salsa | Danses hip-hop | West Coast Swing | Zumba;https://www.ffdanse.fr/structures/5758-dance-machine;5758-dance-machine
Dance Porteloise;affiliated;AFFILIATED_STRUCTURE;51 rue Carnot, 62480;62480;Le portel;Danceporteloise@hotmail.com;0638708514;;50.7082465;1.5763724;2026;Autres Danses;;https://www.ffdanse.fr/structures/3953-dance-porteloise;3953-dance-porteloise
Dance Skills Academy;affiliated;AFFILIATED_STRUCTURE;Place Romée de Villeneuve Le Ligoures;13100;Aix en provence;danceskillsacademy@gmail.com;0611977170;;43.5232711;5.434053;2026;Autres Danses | Breaking | Hip Hop | House | Krump | Locking | New Style | Poping | Ragga | Street Dance;Breaking | Danses hip-hop;https://www.ffdanse.fr/structures/341-dance-skills-academy;341-dance-skills-academy
DANCE SWING CLUB DE NIEDERHAUSBERGEN;affiliated;AFFILIATED_STRUCTURE;"7 rue de Hoenheim, Espace Culturel ""NIEDER""";67207;NIEDERHAUSBERGEN;mtlarronde@gmail.com;0388784480;www.danceswingclub.fr;48.623224;7.7005589;2026;Boogie Woogie | Dix Danses | Latines | Lindy Hop | Rock Formation | Rock et DA | Rock'n'Roll | Societe | Standards | West Coast Swing | Bachata | Bachata Team Couple | Rock | Salsa | Salsa Team Couple | Show Dance Latine | Show Dance Standard;Boogie-Woogie | Danses latines | Danses standards | Lindy hop | Rock'n'roll | Rock sauté | Danses de salon | West Coast Swing | Bachata | Salsa;https://www.ffdanse.fr/structures/1342-dance-swing-club-de-niederhausbergen;1342-dance-swing-club-de-niederhausbergen
Dance Tap Fusion;affiliated;AFFILIATED_STRUCTURE;4 place Pablo Picasso;31520;Ramonville Saint-Agne;dancetapfusion@gmail.com;0669673952;;43.5520305;1.4755769;2026;Bachata | Danse en solo Latine | Danse en solo Standard | Dix Danses | Latines | Pilates | Salsa | Show Dance Latine | Show Dance Standard | Solo Team Lat / Std | Standards | Zumba | Claquettes | Societe;Bachata | Danses latines | Danses standards | Salsa | Zumba | Claquettes | Danses de salon;https://www.ffdanse.fr/structures/6158-dance-tap-fusion;6158-dance-tap-fusion
Dance trance;recently_disaffiliated;UNAFFILIATED_STRUCTURE;Mairie de Tourrette-Levens;06690;TOURRETTE LEVENS;dancetrance06690@gmail.com;0493910016;;43.7870203;7.2761921;;;;https://www.ffdanse.fr/structures/155-dance-trance;155-dance-trance
Dance'R;affiliated;AFFILIATED_STRUCTURE;rue du 3 juin, DOJO;57740;LONGEVILLE LES SAINT AVOLD;dance-r@hotmail.fr;0608675083;;49.118294;6.6411065;2026;Eveil à la Danse | Jazz | Regards chorégraphiques | Street Dance;Modern jazz | Jazz | Ateliers de création | Contemporain | Danses hip-hop;https://www.ffdanse.fr/structures/1106-dance-r;1106-dance-r
DANCELINE Poissy Dance center;affiliated;AFFILIATED_STRUCTURE;1 rue des Myosotis;78300;Poissy;secretariat.pdcdanceline@gmail.com;0622029746;https://danceline-poissydancecenter.fr/;48.9233808;2.0369318;2026;Autres Danses | Autres Danses Du Monde | Bollywood | Comedie Musicale | Danse Show | Disco | Indienne | Latino Caraibes | OLD : Salsa, Bachata, Kizomba | Orientale | Regards chorégraphiques | Street Dance | Zumba;Danses ethniques | Comédie musicale | Disco | Danses latino-caraïbes | Salsa | Bachata | Ateliers de création | Contemporain | Danses hip-hop | Zumba;https://www.ffdanse.fr/structures/3651-danceline-poissy-dance-center;3651-danceline-poissy-dance-center
DANCERZ STUDIO;affiliated;AFFILIATED_STRUCTURE;275 route de nimes;34170;castelnau le lez;contact@dancerz.studio;0660984321;www.dancerz.studio;43.6358542;3.9244977;2026;Classique | Africaine | Bachata | Breaking | Contemporain | Danse en solo Latine | Danse en solo Standard | Danse Show | Danses Solo | Eveil à la Danse | Hip Hop | House | Jazz | Kizomba | Krump | Latino Caraibes | Locking | New Style | Ragga | Salsa | Salsa Team Couple | Salsa Team Styling | Show Dance Latine | Show Dance Standard | Show Latino Caraïbe | Solo Team Lat / Std | Standards | Street Dance | Teams SBK | Zumba;Classique | Danses ethniques | Bachata | Breaking | Ateliers de création | Contemporain | Disco | Danses hip-hop | Modern jazz | Jazz | Kizomba | Danses latino-caraïbes | Salsa | Danses latines | Danses standards | Zumba;https://www.ffdanse.fr/structures/6225-dancerz-studio;6225-dancerz-studio
Dancesport Avenue Paris;affiliated;AFFILIATED_STRUCTURE;12 rue du General Camou;75007;PARIS;dancesportavenueparis@gmail.com;0626464130;dancesportavenueparis.com;48.8588217;2.2987476;2026;Africaine | Afro-contemporaine | Bachata | Comedie Musicale | Contemporain | Danse en solo Latine | Danse en solo Standard | Dix Danses | Jazz | Kizomba | Latines | Salsa | Show Dance Latine | Show Dance Standard | Solo Team Lat / Std | Standards;Danses ethniques | Afro-jazz | Bachata | Comédie musicale | Ateliers de création | Contemporain | Danses latines | Danses standards | Modern jazz | Jazz | Kizomba | Salsa;https://www.ffdanse.fr/structures/6200-dancesport-avenue-paris;6200-dancesport-avenue-paris
DANCESPORT BOULOGNE;affiliated;AFFILIATED_STRUCTURE;11 AVENUE ROBERT SCHUMAN;92100;BOULOGNE BILLANCOURT;YRAULT@GMAIL.COM;06838839486;;48.843784;2.249722;2026;Dix Danses | Latines | Solo Team Lat / Std | Standards;Danses latines | Danses standards;https://www.ffdanse.fr/structures/4561-dancesport-boulogne;4561-dancesport-boulogne
Dancy Club de Bourg en Bresse;affiliated;AFFILIATED_STRUCTURE;1 rue des Dîmes;01000;BOURG EN BRESSE;lespeloux@orange.fr;0474222288;;46.2058342;5.2368584;2026;Danse en solo Latine | Danse en solo Standard | Dix Danses | Latines | Show Dance Latine | Show Dance Standard | Solo Team Lat / Std | Standards;Danses latines | Danses standards;https://www.ffdanse.fr/structures/102-dancy-club-de-bourg-en-bresse;102-dancy-club-de-bourg-en-bresse
Dans 'Evasion;recently_disaffiliated;UNAFFILIATED_STRUCTURE;32 BD STALINGRARD, Le ST MICHEL;83500;LA SEYNE SUR MER;gesegond@wanadoo.fr;0686322142;;43.1054128;5.8681425;;;;https://www.ffdanse.fr/structures/1711-dans-evasion;1711-dans-evasion
Dans Sa Bulle;affiliated;AFFILIATED_STRUCTURE;971 AVENUE DE TOULOUSE;31810;VERNET;contact@dansesabulle.com;0652228171;https://www.dansesabulle.com;43.4415686;1.4230155;2026;Afro-caribéennes | Eveil à la Danse | Transversal;Danses ethniques;https://www.ffdanse.fr/structures/5873-dans-sa-bulle;5873-dans-sa-bulle
Dans'&Co;affiliated;AFFILIATED_STRUCTURE;17 Rue du Chevecier;44730;Saint-Michel-Chef-Chef;dansandco@outlook.fr;0617099349;http://dansandco.wixsite.com/dansandco;47.1821612;-2.1477564;2026;Danse en solo Latine | Danse en solo Standard | Dix Danses | Jazz | Latines | Lindy Hop | Rock et DA | Societe | Standards | Tango Argentin | West Coast Swing;Danses latines | Danses standards | Modern jazz | Jazz | Lindy hop | Rock sauté | Danses de salon | Tango argentin | West Coast Swing;https://www.ffdanse.fr/structures/2140-dans-co;2140-dans-co
Dans'attitude;affiliated;AFFILIATED_STRUCTURE;11 place du 11 novembre, Hotel de ville;33380;Mios;dansattitude@orange.fr;0626237224;Www.dansattitude.com;44.605389;-0.939625;2026;Africaine | Cabaret | Classique | Eveil à la Danse | Hip Hop | Jazz | Orientale | Ragga | Street Dance | Zumba;Danses ethniques | Cabaret | Classique | Danses hip-hop | Modern jazz | Jazz | Zumba;https://www.ffdanse.fr/structures/4641-dans-attitude;4641-dans-attitude
Dans'attitude;affiliated;AFFILIATED_STRUCTURE;58 rue Joachim Rouault;85700;Pouzauges;dansattitude85@gmail.com;0673578364;;46.7789564;-0.8405743;2026;Classique | Eveil à la Danse | Hip Hop | Jazz;Classique | Danses hip-hop | Modern jazz | Jazz;https://www.ffdanse.fr/structures/4043-dans-attitude;4043-dans-attitude
Dans'Emoi;affiliated;AFFILIATED_STRUCTURE;2 Place de la République;19240;Allassac;danse.emoi.brive@gmail.com;0607864302;;45.2569533;1.4756096;2026;Country And Line | Dix Danses | Latines | Societe | Standards;Country & line | Danses latines | Danses standards | Danses de salon;https://www.ffdanse.fr/structures/3777-dans-emoi;3777-dans-emoi
DANS'ENVOL;affiliated;AFFILIATED_STRUCTURE;40, AVENUE GASTON ROUX, 13350;13350;CHARLEVAL;assodansenvol@gmail.com;0628569311;;43.719581;5.2416411;2026;Pole Dance;Pole dance;https://www.ffdanse.fr/structures/3648-dans-envol;3648-dans-envol
Dansarte;affiliated;AFFILIATED_STRUCTURE;134 RUE SAINT LEONARD;49000;Angers;dansarte49@gmail.com;0622746397;http://dansarte.fr/;47.4627743;-0.5353689;2026;Bachata | Bachata Team Couple | Bachata Team Styling | Barre au Sol | Boogie Woogie | Cabaret | Claquettes | Classique | Comedie Musicale | Contemporain | Danse Historique | Danse Inclusive | Danse Show | Danse en solo Latine | Danse en solo Standard | Danses Solo | Dix Danses | Duo bachata Shines | Duo salsa Shines | Eveil à la Danse | Folklorique | Hip Hop | Jazz | Kizomba | Kizomba Chorégraphie | Latines | Latino Caraibes | Lindy Hop | Pilates | Regards chorégraphiques | Rock Acrobatique | Salsa | Salsa Team Couple | Salsa Team Styling | Show Dance Latine | Show Dance Standard | Show Latino Caraïbe | Societe | Solo Team Lat / Std | Standards | Street Dance | Teams SBK;Bachata | Barre au sol classique | Barre au sol contemporaine | Boogie-Woogie | Cabaret | Claquettes | Classique | Comédie musicale | Ateliers de création | Contemporain | Danse historique | Disco | Danses latines | Danses standards | Danses traditionnelles | Danses hip-hop | Modern jazz | Jazz | Kizomba | Danses latino-caraïbes | Lindy hop | Rock acrobatique | Rock'n'roll | Salsa | Danses de salon;https://www.ffdanse.fr/structures/1029-dansarte;1029-dansarte
Danse & cie;affiliated;AFFILIATED_STRUCTURE;5, rue du Parc de Fleury;92190;MEUDON;contact@danse-cie.com;0667185848;;48.8047931;2.2452518;2026;Classique | Contemporain | Hip Hop | Jazz | Regards chorégraphiques;Classique | Ateliers de création | Contemporain | Danses hip-hop | Modern jazz | Jazz;https://www.ffdanse.fr/structures/1894-danse-cie;1894-danse-cie
Danse & Loisirs;affiliated;AFFILIATED_STRUCTURE;Le forum - Salle Edgar Degas;11210;Port-la-Nouvelle;cathydelarousse@gmail.com;0468481514;;0;0;2026;Classique | Contemporain;Classique | Ateliers de création | Contemporain;https://www.ffdanse.fr/structures/219-danse-loisirs;219-danse-loisirs
Danse A2;affiliated;AFFILIATED_STRUCTURE;4 rue du patis  Hameau d'Assinghem;62380;wavrans sur l'AA;dansea2.62380@gmail.com;0633845297;;50.675247;2.1596556;2026;Autres Danses | Dix Danses | Latines | Societe | Standards;Danses latines | Danses standards | Danses de salon;https://www.ffdanse.fr/structures/1234-danse-a2;1234-danse-a2
Danse Addict;affiliated;AFFILIATED_STRUCTURE;50 ter Bld de la republique, Residence le sévigné B 12;93190;Livry Gargan;bey.pascal1@orange.fr;0615167235;;48.9065657;2.5216905;2026;Bachata | Danse Show | Danse en solo Latine | Danse en solo Standard | Danses Solo | Dix Danses | Latines | Rock | Rock'n'Roll | Salsa | Show Dance Latine | Show Dance Standard | Societe | Solo Team Lat / Std | Standards;Bachata | Disco | Danses latines | Danses standards | Rock'n'roll | Salsa | Danses de salon;https://www.ffdanse.fr/structures/3321-danse-addict;3321-danse-addict
Danse Ajoncs d'Or Saint-Nolff;affiliated;AFFILIATED_STRUCTURE;Ferme de Maupéou;56250;saint-Nolff;aodanse.saintnolff@gmail.com;0781176508;https://aodanse-saintnolff.jimdofree.com/;47.702885;-2.651779;2026;Breaking | Classique | Hip Hop | Jazz;Breaking | Classique | Danses hip-hop | Modern jazz | Jazz;https://www.ffdanse.fr/structures/3781-danse-ajoncs-d-or-saint-nolff;3781-danse-ajoncs-d-or-saint-nolff
DANSE ART ACADEMY;affiliated;AFFILIATED_STRUCTURE;2720 CHEMIN ST BERNARD;06220;Vallauris;welcome@danseartacademy.com;0616677962;;43.599616;7.0602637;2026;Barre au Sol | Breaking | Cabaret | Claquettes | Classique | Comedie Musicale | Contemporain | Jazz | Ragga;Barre au sol classique | Barre au sol contemporaine | Breaking | Cabaret | Claquettes | Classique | Comédie musicale | Ateliers de création | Contemporain | Modern jazz | Jazz | Danses hip-hop;https://www.ffdanse.fr/structures/6269-danse-art-academy;6269-danse-art-academy
Danse artistique et sportive de Frepillon;affiliated;AFFILIATED_STRUCTURE;2 rue du Coudray;95740;FREPILLON;association.dasf@orange.fr;0676108150;;49.051327;2.2060774;2026;Autres Danses | Classique | Hip Hop | Jazz | Zumba;Classique | Danses hip-hop | Modern jazz | Jazz | Zumba;https://www.ffdanse.fr/structures/1984-danse-artistique-et-sportive-de-frepillon;1984-danse-artistique-et-sportive-de-frepillon
Danse Attitude;affiliated;AFFILIATED_STRUCTURE;273 allée des Erables, ZA du baconnet;69700;MONTAGNY;danseattitude@gmail.com;0676371493;www.danseattitude.fr;45.6114229;4.7685603;2026;Barre au Sol | Classique | Contemporain | Eveil à la Danse | Jazz | New Style | Regards chorégraphiques | Street Dance;Barre au sol classique | Barre au sol contemporaine | Classique | Ateliers de création | Contemporain | Modern jazz | Jazz | Danses hip-hop;https://www.ffdanse.fr/structures/4653-danse-attitude;4653-danse-attitude
Danse Attitude;affiliated;AFFILIATED_STRUCTURE;33 A rue isambard;27000;Evreux;dance.attitude.evreux@hotmail.com;0613295993;;49.0292673;1.1489822;2026;Africaine | Autres Danses Du Monde | Danse Show | Hip Hop | Pole Dance | Ragga | Street Dance | Zumba;Danses ethniques | Disco | Danses hip-hop | Pole dance | Zumba;https://www.ffdanse.fr/structures/3928-danse-attitude;3928-danse-attitude
DANSE ATTITUDE;affiliated;AFFILIATED_STRUCTURE;RUE DE L'HOTEL DE VILLE;54260;LONGUYON;danse.attitude@yahoo.fr;0601010202;;49.444222;5.602079;2026;Classique | Jazz | Societe;Classique | Modern jazz | Jazz | Danses de salon;https://www.ffdanse.fr/structures/5781-danse-attitude;5781-danse-attitude
Danse Attitude;affiliated;AFFILIATED_STRUCTURE;2 rue du 8 mai 1945;44410;Saint-Lyphard;charlene.lgt@gmail.com;0668970901;;47.3967573;-2.3041519;2026;Jazz;Modern jazz | Jazz;https://www.ffdanse.fr/structures/977-danse-attitude;977-danse-attitude
Danse Attitude AEDH;affiliated;AFFILIATED_STRUCTURE;36 bis rue des Tries;59330;Hautmont;severine.vachaudez@sfr.fr;06 21 27 08 71;;50.2432627;3.9236679;2026;Cabaret | Classique | Contemporain | Jazz | Street Dance;Cabaret | Classique | Ateliers de création | Contemporain | Modern jazz | Jazz | Danses hip-hop;https://www.ffdanse.fr/structures/2106-danse-attitude-aedh;2106-danse-attitude-aedh
Danse attitude de la Bouëxière;affiliated;AFFILIATED_STRUCTURE;5 rue Théophile Rémond;35340;LA BOUEXIERE;titiamorand@free.fr;0660132783;;48.1841897;-1.4373808;2026;Classique | Jazz;Classique | Modern jazz | Jazz;https://www.ffdanse.fr/structures/806-danse-attitude-de-la-bouexiere;806-danse-attitude-de-la-bouexiere
DANSE ATTITUDES;affiliated;AFFILIATED_STRUCTURE;Place de la mairie, Mougon;79370;Aigondigne;danse.attitudes79@gmail.com;0768298025;;;;2026;Contemporain | Eveil à la Danse | Jazz;Ateliers de création | Contemporain | Modern jazz | Jazz;https://www.ffdanse.fr/structures/5635-danse-attitudes;5635-danse-attitudes
Danse au Fil de l'IC;affiliated;AFFILIATED_STRUCTURE;Mairie de Pordic 1 Place Emile Guéret;22590;PORDIC;danseaufildelic@gmail.com;Pasdenuméro;http://danseaufildelic.wixsite.com/monsite;48.56946;-2.8178519;2026;Eveil à la Danse | Hip Hop | Jazz | Zumba;Danses hip-hop | Modern jazz | Jazz | Zumba;https://www.ffdanse.fr/structures/427-danse-au-fil-de-l-ic;427-danse-au-fil-de-l-ic
DANSE AUNELLE;affiliated;AFFILIATED_STRUCTURE;rue de la Mine, Centre Louis Henocq;59920;Quievrechain;dansesaunelle@gmail.com;0683730284;;50.3942606;3.6669259;2026;Breaking | Classique | Eveil à la Danse | Hip Hop | Jazz | Orientale | Regards chorégraphiques;Breaking | Classique | Danses hip-hop | Modern jazz | Jazz | Danses ethniques | Ateliers de création | Contemporain;https://www.ffdanse.fr/structures/4485-danse-aunelle;4485-danse-aunelle
Danse Autour de la Terre;affiliated;AFFILIATED_STRUCTURE;23/07 rue Pablo NERUDA;62143;ANGRES;danseautourdelaterre@hotmail.fr;0661961244;;50.4087808;2.7640524;2026;Barre au Sol | Classique | Jazz | Zumba;Barre au sol classique | Barre au sol contemporaine | Classique | Modern jazz | Jazz | Zumba;https://www.ffdanse.fr/structures/5846-danse-autour-de-la-terre;5846-danse-autour-de-la-terre
DANSE AVEC MOI;affiliated;AFFILIATED_STRUCTURE;9 LOT DE KERLOMEN;56190;LAUZACH;raissa4401@live.fr;0745230949;;47.6111612;-2.5482443;2026;Cabaret | Comedie Musicale;Cabaret | Comédie musicale;https://www.ffdanse.fr/structures/4699-danse-avec-moi;4699-danse-avec-moi
danse avec moi;affiliated;AFFILIATED_STRUCTURE;52 rue nationale;59185;provin;danseavecmoi.provin@gmail.com;0768582160;;50.5123779;2.915573;2026;Jazz | Zumba;Modern jazz | Jazz | Zumba;https://www.ffdanse.fr/structures/5287-danse-avec-moi;5287-danse-avec-moi
Danse Aérienne Bassin d’Arcachon;affiliated;AFFILIATED_STRUCTURE;14 Rue Anders Celcius;33470;Le teich;chloe.truilhe@hotmail.fr;0645697980;https://www.danse-aerienne-bassin-arcachon.com/;44.605399;-1.005399;2026;Bachata | Bachata Team Couple | Bachata Team Styling | Barre au Sol | Cabaret | Danse aérienne | Eveil à la Danse | Latines | Pole Dance | Pole Sport | Street Dance | Danses Solo | Locking | New Style | Pilates | Poping | Ragga;Bachata | Barre au sol classique | Barre au sol contemporaine | Cabaret | Danses aériennes | Danses latines | Pole dance | Pole sport | Danses hip-hop;https://www.ffdanse.fr/structures/5755-danse-aerienne-bassin-d-arcachon;5755-danse-aerienne-bassin-d-arcachon
danse coté court;affiliated;AFFILIATED_STRUCTURE;Rue Galilée, 1;34340;Marseillan;dansecotecourt@gmail.com;0783730443;;43.357123;3.527976;2026;Classique | Comedie Musicale | Danse Verticale | Jazz | Pole Dance | Ragga | Regards chorégraphiques | Street Dance | Zumba;Classique | Comédie musicale | Danses aériennes | Modern jazz | Jazz | Pole dance | Danses hip-hop | Ateliers de création | Contemporain | Zumba;https://www.ffdanse.fr/structures/4754-danse-cote-court;4754-danse-cote-court
Danse de loisir;affiliated;AFFILIATED_STRUCTURE;Place du Martroi, Mairie de Puiseaux;45390;Puiseaux;cdlpuiseaux@gmail.com;0609531817;;48.204538;2.471351;2026;Autres Danses | Dix Danses | Latines | OLD : Salsa, Bachata, Kizomba | Standards;Danses latines | Danses standards | Salsa | Bachata;https://www.ffdanse.fr/structures/996-danse-de-loisir;996-danse-de-loisir
DANSE DE SOURS;recently_disaffiliated;UNAFFILIATED_STRUCTURE;27 rue du clos de brye;28630;SOURS;v_pichot@orange.fr;0612240256;;48.4084634;1.5935993;;;;https://www.ffdanse.fr/structures/3351-danse-de-sours;3351-danse-de-sours
Danse Emotion;recently_disaffiliated;UNAFFILIATED_STRUCTURE;16 rue leon noel;06400;cannes;alain.planas@hotmail.fr;0640370255;;43.5572226;7.018205;;;;https://www.ffdanse.fr/structures/183-danse-emotion;183-danse-emotion
DANSE EN AIGUILLON !;affiliated;AFFILIATED_STRUCTURE;2 Square du souvenir français;47190;SAINT COME;contact-ca@danseenaiguillon.fr;0679153897;www.danseenaiguillon.fr;44.42459;-0.182137;2026;Barre au Sol | Classique | Eveil à la Danse | Jazz;Barre au sol classique | Barre au sol contemporaine | Classique | Modern jazz | Jazz;https://www.ffdanse.fr/structures/3268-danse-en-aiguillon;3268-danse-en-aiguillon
Danse en Chemin;affiliated;AFFILIATED_STRUCTURE;10 AVENUE DE PLAISANCE;95120;ERMONT;danseenchemin@gmail.com;0641890912;;48.9796332;2.268094;2026;Barre au Sol | Classique | Contemporain | Jazz | Regards chorégraphiques;Barre au sol classique | Barre au sol contemporaine | Classique | Ateliers de création | Contemporain | Modern jazz | Jazz;https://www.ffdanse.fr/structures/1964-danse-en-chemin;1964-danse-en-chemin
Danse en ligne country Le Boulou;affiliated;AFFILIATED_STRUCTURE;4 allée des lauriers, logement sud;66160;le boulou;isabellecomes@laposte.net;06 78 92 20 22;;42.526186;2.8360714;2026;Country And Line;Country & line;https://www.ffdanse.fr/structures/1332-danse-en-ligne-country-le-boulou;1332-danse-en-ligne-country-le-boulou
Danse En Tous Sens;recently_disaffiliated;UNAFFILIATED_STRUCTURE;13 AVENUE ROLAND GARROS;44340;Bouguenais;danseentoussens@gmail.com;0672572764;https://linktr.ee/danseentoussens;47.1774511;-1.6195433;;;;https://www.ffdanse.fr/structures/5737-danse-en-tous-sens;5737-danse-en-tous-sens
Danse en Vercors;affiliated;AFFILIATED_STRUCTURE;970 route des Hérauds;38250;LANS EN VERCORS;danseenvercors@gmail.com;04 76 47 40 68;danse-en-vercors.fr;45.1011962;5.5684841;2026;Classique | Comedie Musicale | Hip Hop | Jazz | OLD : Salsa, Bachata, Kizomba | Rock Formation | Rock et DA | Rock'n'Roll;Classique | Comédie musicale | Danses hip-hop | Modern jazz | Jazz | Salsa | Bachata | Rock'n'roll | Rock sauté;https://www.ffdanse.fr/structures/840-danse-en-vercors;840-danse-en-vercors
Danse entre Cour et Jardin;affiliated;AFFILIATED_STRUCTURE;2 R DES ECOLES;64420;SOUMOULOU;dansecourjardin@gmail.com;0628211318;;43.266833;-0.191088;2026;Contemporain;Ateliers de création | Contemporain;https://www.ffdanse.fr/structures/1266-danse-entre-cour-et-jardin;1266-danse-entre-cour-et-jardin
Danse et Art Mony;recently_disaffiliated;UNAFFILIATED_STRUCTURE;46 rue des Bleuets;57155;MARLY;ericvda4@free.fr;‭0771783263;;49.065801;6.1631186;;;;https://www.ffdanse.fr/structures/1089-danse-et-art-mony;1089-danse-et-art-mony
Danse et Cie - Vol d'Aigrettes;affiliated;AFFILIATED_STRUCTURE;4BIS RUE DE CHATEAUDUN;28000;CHARTRES;bellecisabelle28@gmail.com;0608811438;;48.4416099;1.4861564;2026;Classique | Contemporain;Classique | Ateliers de création | Contemporain;https://www.ffdanse.fr/structures/4677-danse-et-cie-vol-d-aigrettes;4677-danse-et-cie-vol-d-aigrettes
DANSE ET COMPAGNIE;affiliated;AFFILIATED_STRUCTURE;3 Place des Fauvettes;66600;Rivesaltes;contact.dec@yahoo.com;0635498241;;42.7668644;2.8824694;2026;Barre au Sol | Classique | Contemporain | Jazz | Regards chorégraphiques;Barre au sol classique | Barre au sol contemporaine | Classique | Ateliers de création | Contemporain | Modern jazz | Jazz;https://www.ffdanse.fr/structures/4172-danse-et-compagnie;4172-danse-et-compagnie
Danse et Compagnie;recently_disaffiliated;UNAFFILIATED_STRUCTURE;401 avenue Vulcain;33260;La Teste de Buch;danseetcompagnie33@yahoo.fr;06.62.69.53.41.;;44.6146199;-1.1215781;;;;https://www.ffdanse.fr/structures/5972-danse-et-compagnie;5972-danse-et-compagnie
DANSE ET COMPAGNIES;affiliated;AFFILIATED_STRUCTURE;2BIS IMPASSE DU CHATEAU D'EAU;42110;FEURS;imuar@hotmail.fr;0661735251;www.centre-danses-forezien.fr;45.7334491;4.229026;2026;Breaking | Classique | Contemporain | Hip Hop | Jazz | Danse aérienne | Eveil à la Danse;Breaking | Classique | Ateliers de création | Contemporain | Danses hip-hop | Modern jazz | Jazz | Danses aériennes;https://www.ffdanse.fr/structures/2329-danse-et-compagnies;2329-danse-et-compagnies
Danse et expression académie;affiliated;AFFILIATED_STRUCTURE;369 RUE DU PRE DES SOEURS;62400;BETHUNE;delphine.harchin@yahoo.fr;0609159964;;50.5288423;2.6492971;2026;Classique | Contemporain | Jazz;Classique | Ateliers de création | Contemporain | Modern jazz | Jazz;https://www.ffdanse.fr/structures/1216-danse-et-expression-academie;1216-danse-et-expression-academie
Danse et expressions;affiliated;AFFILIATED_STRUCTURE;Hall de la mairie, BP 68;13250;saint chamas;contact.danseexpressions@gmail.com;0661134609;https://dansetexpressions.wixsite.com/dansetexpressions;43.550669;5.034508;2026;Barre au Sol | Jazz;Barre au sol classique | Barre au sol contemporaine | Modern jazz | Jazz;https://www.ffdanse.fr/structures/3710-danse-et-expressions;3710-danse-et-expressions
Danse et Form' Attitude;affiliated;AFFILIATED_STRUCTURE;Mairie - 1 rue Jean Balde;33360;LATRESNE;contact@danse-form-attitude.fr;0786295201;www.danse-form-attitude.fr;44.7847777;-0.4966611;2026;Barre au Sol | Classique | Eveil à la Danse | Hip Hop | Jazz | Regards chorégraphiques;Barre au sol classique | Barre au sol contemporaine | Classique | Danses hip-hop | Modern jazz | Jazz | Ateliers de création | Contemporain;https://www.ffdanse.fr/structures/677-danse-et-form-attitude;677-danse-et-form-attitude
Danse et partage;affiliated;AFFILIATED_STRUCTURE;SALLE DES ASSOCIATIONS, RUE DU GENERAL DE GAULLE;64440;LARUNS;roger.bechat@orange.fr;0688372513;;42.989582;-0.421982;2026;Flamenco | Latines | OLD : Salsa, Bachata, Kizomba;Flamenco | Danses latines | Salsa | Bachata;https://www.ffdanse.fr/structures/2474-danse-et-partage;2474-danse-et-partage
DANSE ET POLE ATELIER;recently_disaffiliated;UNAFFILIATED_STRUCTURE;155 Route de Grenoble, Batiment A2;69800;SAINT PRIEST;dansepole.atelier@gmail.com;0619328642;dansepoleatelier.fr;45.7101155;4.9742167;;;;https://www.ffdanse.fr/structures/5991-danse-et-pole-atelier;5991-danse-et-pole-atelier
Danse et recherche;affiliated;AFFILIATED_STRUCTURE;8 avenue Ardouin;94420;LE PLESSIS TREVISE;sanagader@yahoo.fr;0616288415;www.Facebook.com/École.Sanaga.Der.;48.8117749;2.5701275;2026;Africaine | Autres Danses | Breaking | Claquettes | Classique | Contemporain | Danse Inclusive | Eveil à la Danse | Hip Hop | House | Jazz | Locking | OLD : Salsa, Bachata, Kizomba | Poping | Ragga | Zumba;Danses ethniques | Breaking | Claquettes | Classique | Ateliers de création | Contemporain | Danses hip-hop | Modern jazz | Jazz | Salsa | Bachata | Zumba;https://www.ffdanse.fr/structures/1938-danse-et-recherche;1938-danse-et-recherche
Danse et Rythme;affiliated;AFFILIATED_STRUCTURE;156 avenue Jean Jaurès centre d'activités Les Echoppes;33600;PESSAC;danseetrythme@gmail.com;0556518201;http://danseetrythme.com;44.8123542;-0.61451710000006;2026;Classique | Contemporain | Hip Hop | Jazz | Pilates;Classique | Ateliers de création | Contemporain | Danses hip-hop | Modern jazz | Jazz;https://www.ffdanse.fr/structures/673-danse-et-rythme;673-danse-et-rythme
DANSE EVASION;affiliated;AFFILIATED_STRUCTURE;36 rue des Longs Champs;27500;MANNEVILLE SUR RISLE;danseevasion27500@gmail.com;06.15.39.83.26;;49.3657506;0.5286996;2026;Latines | Standards;Danses latines | Danses standards;https://www.ffdanse.fr/structures/3054-danse-evasion;3054-danse-evasion
Danse Evasions;affiliated;AFFILIATED_STRUCTURE;127 impasse carontes lot les jardins du bonsour;13330;Pelissanne;danse.evasion.13@gmail.com;0658504609;Danse-evasion-13.fr;43.6423289;5.154555;2026;Contemporain | Jazz;Ateliers de création | Contemporain | Modern jazz | Jazz;https://www.ffdanse.fr/structures/5835-danse-evasions;5835-danse-evasions
Danse Feeling;affiliated;AFFILIATED_STRUCTURE;10 Rue des Pontots, Le Forum;64100;BAYONNE;asso.dansefeeling@gmail.com;0662709854;;43.4912378;-1.4913443;2026;Boogie Woogie | Danses Solo | Jazz | Lindy Hop | Rock et DA | Rock'n'Roll | West Coast Swing;Boogie-Woogie | Modern jazz | Jazz | Lindy hop | Rock sauté | Rock'n'roll | West Coast Swing;https://www.ffdanse.fr/structures/896-danse-feeling;896-danse-feeling
Danse Freedom 35;affiliated;AFFILIATED_STRUCTURE;16 rue champ madame, rue champ madame;35760;Rennes;dansefreedom@gmail.com;0668459517;;48.1606303;-1.7154284;2026;Dix Danses | Latines | OLD : Salsa, Bachata, Kizomba | Standards | Tango Argentin;Danses latines | Danses standards | Salsa | Bachata | Tango argentin;https://www.ffdanse.fr/structures/2583-danse-freedom-35;2583-danse-freedom-35
Danse Fusion;affiliated;AFFILIATED_STRUCTURE;3 place Maurice de Sully;45600;SULLY SUR LOIRE;dansefusion@yahoo.com;0658715075;;47.765958;2.3756337;2026;Jazz;Modern jazz | Jazz;https://www.ffdanse.fr/structures/6254-danse-fusion;6254-danse-fusion
Danse Harmonie;affiliated;AFFILIATED_STRUCTURE;Complexe sportif du val de l'Arc, chemin des infirmeries;13100;AIX EN PROVENCE;ecoledanseharmonie@gmail.com;0619842512;www.danse-harmonie.fr;43.5103028;5.4660724;2026;Contemporain | Jazz;Ateliers de création | Contemporain | Modern jazz | Jazz;https://www.ffdanse.fr/structures/239-danse-harmonie;239-danse-harmonie
Danse Improvisation En Mouvement Art Corps Thérapie;affiliated;AFFILIATED_STRUCTURE;191  Keravel;29870;LANDEDA;diemactdanse@gmail.com;0620285922;www.diemact.wix.com/danse;48.5954636;-4.5651662;2026;Classique | Contemporain | Eveil à la Danse | Hip Hop | Jazz;Classique | Ateliers de création | Contemporain | Danses hip-hop | Modern jazz | Jazz;https://www.ffdanse.fr/structures/3962-danse-improvisation-en-mouvement-art-corps-therapie;3962-danse-improvisation-en-mouvement-art-corps-therapie
DANSE KALINK'ART;recently_disaffiliated;UNAFFILIATED_STRUCTURE;22b rue ste libaire;54360;DAMELEVIERES;kalinkart@orange.fr;0687238450;;48.5556595;6.3775145;;;;https://www.ffdanse.fr/structures/2997-danse-kalink-art;2997-danse-kalink-art
Danse la Doire;affiliated;AFFILIATED_STRUCTURE;Thourou;15310;SAINT CERNIN;danseladoire@gmail.com;0673936985;;45.05747;2.422043;2026;Contemporain;Ateliers de création | Contemporain;https://www.ffdanse.fr/structures/5388-danse-la-doire;5388-danse-la-doire
DANSE LOISIRS;affiliated;AFFILIATED_STRUCTURE;AEL 457 route du lac;73470;NOVALAISE;danses.loisirs.novalaise@gmail.com;0788821599;www.dansesloisirs.fr;45.5943039;5.776107;2026;Africaine | Bachata | Bachata Team Couple | Bachata Team Styling | Boogie Woogie | Breaking | Country And Line | Duo bachata Shines | Duo salsa Shines | Eveil à la Danse | Hip Hop | House | Kizomba | Krump | Latines | Latino Caraibes | Lindy Hop | Locking | New Style | Orientale | Poping | Ragga | Rock | Rock Couple Dance Show | Rock'n'Roll | Salsa | Salsa Team Couple | Salsa Team Styling | Societe | Street Dance | Tango Argentin | Teams SBK;Danses ethniques | Bachata | Boogie-Woogie | Breaking | Country & line | Danses hip-hop | Kizomba | Danses latines | Danses latino-caraïbes | Lindy hop | Rock'n'roll | Salsa | Danses de salon | Tango argentin;https://www.ffdanse.fr/structures/5738-danse-loisirs;5738-danse-loisirs
DANSE LOISIRS ET SPORTIVE DU MONTBRISONNAIS;affiliated;AFFILIATED_STRUCTURE;1 RUE DU CHEVILLON - BOITE 14;42600;SAVIGNEUX;danse.villemagne@orange.fr;0607383157;;;;2026;Dix Danses | Latines | OLD : Salsa, Bachata, Kizomba | Rock et DA | Societe | Standards | Tango Argentin;Danses latines | Danses standards | Salsa | Bachata | Rock sauté | Danses de salon | Tango argentin;https://www.ffdanse.fr/structures/2285-danse-loisirs-et-sportive-du-montbrisonnais;2285-danse-loisirs-et-sportive-du-montbrisonnais
DANSE MANIA;affiliated;AFFILIATED_STRUCTURE;MAIRIE;47230;LAVARDAC;dansemania47@gmail.com;0673718509;http://www.dansemania47.com/;44.1773359;0.2958525;2026;Country And Line | Rock et DA | ancien nom à supprimer;Country & line | Rock sauté;https://www.ffdanse.fr/structures/1013-danse-mania;1013-danse-mania
Danse Moderne Academy;affiliated;AFFILIATED_STRUCTURE;5 rue des prêtres;88200;Remiremont;dma88200@gmail.com;0621933605;dma.assoconnect.com;48.0161585;6.5923593;2026;Africaine | Afro-contemporaine | Breaking | Contemporain | Eveil à la Danse | Hip Hop | Jazz | Street Dance;Danses ethniques | Afro-jazz | Breaking | Ateliers de création | Contemporain | Danses hip-hop | Modern jazz | Jazz;https://www.ffdanse.fr/structures/4055-danse-moderne-academy;4055-danse-moderne-academy
DANSE MODERNE DOMFRONTAISE;affiliated;AFFILIATED_STRUCTURE;5 RUE DE GODRAS;61700;DOMFRONT EN POIRAIE;dansemodernedomfrontaise@gmail.com;0622658224;;48.5931041;-0.6459797;2026;Bachata | Country And Line | Danse Inclusive | Danse en solo Latine | Eveil à la Danse | Hip Hop | Jazz | Kizomba | Salsa | Societe | Teams SBK;Bachata | Country & line | Danses hip-hop | Modern jazz | Jazz | Kizomba | Salsa | Danses de salon;https://www.ffdanse.fr/structures/4881-danse-moderne-domfrontaise;4881-danse-moderne-domfrontaise
DANSE N ROCK;affiliated;AFFILIATED_STRUCTURE;16 avenue du Terre Fort;85270;Saint Hilaire de Riez;dansenrock85@gmail.com;0614470728;;46.7148876;-1.9617504;2026;Rock;Rock'n'roll;https://www.ffdanse.fr/structures/6349-danse-n-rock;6349-danse-n-rock
Danse Passion;affiliated;AFFILIATED_STRUCTURE;46 rue de Beaulieu;88480;Etival clairefontaine;magic-alayx@orange.fr;0625592945;;48.3681798;6.8437502;2026;Dix Danses | Latines | OLD : Salsa, Bachata, Kizomba | Societe | Standards;Danses latines | Danses standards | Salsa | Bachata | Danses de salon;https://www.ffdanse.fr/structures/1828-danse-passion;1828-danse-passion
DANSE PASSION;affiliated;AFFILIATED_STRUCTURE;16 RUE DU TERTRE;49070;BEAUCOUZÉ;dansepassion49@gmail.com;0608927228;www.dansepassion49.fr;47.4593841;-0.6182348;2026;Dix Danses | Latines | Lindy Hop | OLD : Salsa, Bachata, Kizomba | Rock et DA | Rock'n'Roll | Societe | Standards | West Coast Swing;Danses latines | Danses standards | Lindy hop | Salsa | Bachata | Rock sauté | Rock'n'roll | Danses de salon | West Coast Swing;https://www.ffdanse.fr/structures/2753-danse-passion;2753-danse-passion
Danse Passion;affiliated;AFFILIATED_STRUCTURE;1 chemin des bois;76170;LA TRINITE DU MONT;usldansepassion2020@gmail.com;0622735819;;49.5457396;0.5622947;2026;Country And Line | Danses Solo | Dix Danses | Latines | Rock | Societe | Standards;Country & line | Danses latines | Danses standards | Rock'n'roll | Danses de salon;https://www.ffdanse.fr/structures/1522-danse-passion;1522-danse-passion
Danse Passion 17;affiliated;AFFILIATED_STRUCTURE;8 rue du Pré Merle, 17300;17300;VERGEROUX;lip.lup@sfr.fr;0622001465;www.danse-passion-17.fr;45.9597014;-0.9799058;2026;Rock'n'Roll | Societe;Rock'n'roll | Danses de salon;https://www.ffdanse.fr/structures/4862-danse-passion-17;4862-danse-passion-17
Danse Passion Londaise;affiliated;AFFILIATED_STRUCTURE;Maison des Associations, Place allègre;83250;LA LONDE LES MAURES;dansepassionlondaise@gmail.com;07 69 43 24 65;;43.1393;6.233968;2026;Bachata | Country And Line | Kizomba | Latines | Lindy Hop | Rock | Salsa | Societe;Bachata | Country & line | Kizomba | Danses latines | Lindy hop | Rock'n'roll | Salsa | Danses de salon;https://www.ffdanse.fr/structures/1702-danse-passion-londaise;1702-danse-passion-londaise
Danse Passion Rive Sud;affiliated;AFFILIATED_STRUCTURE;29 Avenue Emile Zola;35131;PONT PEAN;marc.paulette@orange.fr;0678888436;;48.0157218;-1.7098479;2026;Latines | Societe | Standards;Danses latines | Danses de salon | Danses standards;https://www.ffdanse.fr/structures/5365-danse-passion-rive-sud;5365-danse-passion-rive-sud
danse plurielle;affiliated;AFFILIATED_STRUCTURE;13 rue du Moulin D'Ecorce;58000;Nevers;danseplurielle58@gmail.com;0670341360;;46.9917396;3.1685932;2026;Classique | Hip Hop | Jazz | New Style;Classique | Danses hip-hop | Modern jazz | Jazz;https://www.ffdanse.fr/structures/2680-danse-plurielle;2680-danse-plurielle
DANSE PLURIELLE;affiliated;AFFILIATED_STRUCTURE;80, quai Alexandre III;50100;CHERBOURG-OCTEVILLE;vlejuez2@gmail.com;0616669093;danse-plurielle.wix.com/danse;49.6343724;-1.6225724;2026;Classique | Contemporain | Jazz;Classique | Ateliers de création | Contemporain | Modern jazz | Jazz;https://www.ffdanse.fr/structures/2725-danse-plurielle;2725-danse-plurielle
Danse reflets;affiliated;AFFILIATED_STRUCTURE;Salle des fêtes Place Barrachin;60300;CHAMANT;dansereflets@gmail.com;0669053147;;0;0;2026;Hip Hop | Jazz;Danses hip-hop | Modern jazz | Jazz;https://www.ffdanse.fr/structures/1188-danse-reflets;1188-danse-reflets
Danse Rythme Gymnastique;affiliated;AFFILIATED_STRUCTURE;Hotel de ville 48, rue de la mairie, Mairie de Gouvieux;60270;GOUVIEUX;drg.gouvieux@gmail.com;0344215982;;49.1878329;2.4159515;2026;Classique | Jazz;Classique | Modern jazz | Jazz;https://www.ffdanse.fr/structures/1181-danse-rythme-gymnastique;1181-danse-rythme-gymnastique
Danse rythmique Vallonnaise;affiliated;AFFILIATED_STRUCTURE;Mairie;03190;VALLON EN SULLY;francislb@wanadoo.fr;0648391083;;46.536386;2.606956;2026;Autres Danses | Autres Danses Du Monde | Standards;Danses ethniques | Danses standards;https://www.ffdanse.fr/structures/130-danse-rythmique-vallonnaise;130-danse-rythmique-vallonnaise
Danse Saint André LA ROCHE SUR YON;affiliated;AFFILIATED_STRUCTURE;55 chemin guy bourrieau, 85000;85000;la roche sur yon;dansesaintandre85@gmail.com;0684546892;www.danse-saint-andre.fr;46.6661291;-1.4538994;2026;Classique | Contemporain | Jazz | Regards chorégraphiques;Classique | Ateliers de création | Contemporain | Modern jazz | Jazz;https://www.ffdanse.fr/structures/4935-danse-saint-andre-la-roche-sur-yon;4935-danse-saint-andre-la-roche-sur-yon
Danse sans frontières;affiliated;AFFILIATED_STRUCTURE;3 rue de la mairie - CS 80909;45125;AMILLY CEDEX;dansesansfrontieres45@gmail.com;0689780774;;47.975346;2.768125;2026;Classique | Contemporain | Eveil à la Danse | Hip Hop | Jazz | Street Dance;Classique | Ateliers de création | Contemporain | Danses hip-hop | Modern jazz | Jazz;https://www.ffdanse.fr/structures/979-danse-sans-frontieres;979-danse-sans-frontieres
Danse sportive 37;affiliated;AFFILIATED_STRUCTURE;2 place Alexandre Rousseau, Mairie annexe Sainte Radegonde;37100;TOURS;contact@dansesportive37.com;0611309219;dansesportive37.com;47.4040308;0.7104916;2026;Bachata | Dix Danses | Kizomba | Latines | Rock'n'Roll | Salsa | Standards | West Coast Swing;Bachata | Danses latines | Danses standards | Kizomba | Rock'n'roll | Salsa | West Coast Swing;https://www.ffdanse.fr/structures/835-danse-sportive-37;835-danse-sportive-37
Danse Sportive Agathoise;recently_disaffiliated;UNAFFILIATED_STRUCTURE;79 Route de Guiraudette;34300;Agde;dsa34@free.fr;0664620933;;43.2853995;3.4689534;;;;https://www.ffdanse.fr/structures/760-danse-sportive-agathoise;760-danse-sportive-agathoise
Danse Sportive Club de Marly;affiliated;AFFILIATED_STRUCTURE;54 Rue de la Croix St Joseph, Centre Socio Culturel Gilbert Jansem;57155;MARLY;danse.sportive.marly@gmail.com;0769919154;https://dansesportiveclubmarly.jimdofree.com/;49.060789;6.1634678;2026;Bachata | Danse en solo Latine | Danse en solo Standard | Danses Solo | Dix Danses | Latines | Rock'n'Roll | Salsa | Societe | Standards;Bachata | Danses latines | Danses standards | Rock'n'roll | Salsa | Danses de salon;https://www.ffdanse.fr/structures/1102-danse-sportive-club-de-marly;1102-danse-sportive-club-de-marly
Danse Sportive du Valois;affiliated;AFFILIATED_STRUCTURE;2 Allée des Lys du Valois, chez Mme Bona;60800;Crépy en Valois;barrierjo@free.fr;0671226740;dansesportiveduvalois.com;49.2295351;2.8849103;2026;Dix Danses | Latines | OLD : Salsa, Bachata, Kizomba | Rock et DA | Standards;Danses latines | Danses standards | Salsa | Bachata | Rock sauté;https://www.ffdanse.fr/structures/2263-danse-sportive-du-valois;2263-danse-sportive-du-valois
DANSE SPORTIVE STUDIO;affiliated;AFFILIATED_STRUCTURE;3, rue des Troubadours;11600;MALVES-EN-MINERVOIS;nesterova16.17@gmail.com;0749094485;www.danse-sportive-studio.com;43.2530268;2.4485271;2026;Danse en solo Latine | Danse en solo Standard | Dix Danses | Latines | Show Dance Latine | Show Dance Standard | Societe | Standards;Danses latines | Danses standards | Danses de salon;https://www.ffdanse.fr/structures/6194-danse-sportive-studio;6194-danse-sportive-studio
Danse ta Joie;affiliated;AFFILIATED_STRUCTURE;14 B Che Des Moulins;30650;Saze;leonidominique30650@gmail.com;0686304282;;43.941511;4.687144;2026;Boogie Woogie | Latines | Ragga | Rock;Boogie-Woogie | Danses latines | Danses hip-hop | Rock'n'roll;https://www.ffdanse.fr/structures/6325-danse-ta-joie;6325-danse-ta-joie
Danse à deux Turretot;affiliated;AFFILIATED_STRUCTURE;584 Rue du calvaire;76280;TURRETOT;danseadeux.turretot@gmail.com;06/87/42/30/77;;49.6111475;0.2341666;2026;Autres Danses | Dix Danses | Latines | OLD : Salsa, Bachata, Kizomba | Societe | Standards;Danses latines | Danses standards | Salsa | Bachata | Danses de salon;https://www.ffdanse.fr/structures/1521-danse-a-deux-turretot;1521-danse-a-deux-turretot
Danse à l'Estran;recently_disaffiliated;UNAFFILIATED_STRUCTURE;2 rue Buchon, Saint-Martin-en-Campagne;76370;PETIT CAUX;dansalestran@laposte.net;0616672251;;49.9576379;1.2224194;;;;https://www.ffdanse.fr/structures/1545-danse-a-l-estran;1545-danse-a-l-estran
DANSE&FORMES;affiliated;AFFILIATED_STRUCTURE;138 RUE ARSITIDE BRIAND;42170;SAINT JUST SAINT RAMBERT;danse-formes@orange.fr;04 77 56 06 60;;45.508417;4.2691427;2026;Bachata | Breaking | Classique | Contemporain | Eveil à la Danse | Hip Hop | Jazz | Ragga | Salsa | Street Dance | Zumba;Bachata | Breaking | Classique | Ateliers de création | Contemporain | Danses hip-hop | Modern jazz | Jazz | Salsa | Zumba;https://www.ffdanse.fr/structures/4838-danse-formes;4838-danse-formes
Danse' N Co;affiliated;AFFILIATED_STRUCTURE;16 rue des chanterelles;85470;Brétignolles sur mer;danse-n-co@orange.fr;06 72 95 98 89;;46.6346469;-1.8732786;2026;Barre au Sol | Contemporain | Jazz;Barre au sol classique | Barre au sol contemporaine | Ateliers de création | Contemporain | Modern jazz | Jazz;https://www.ffdanse.fr/structures/3855-danse-n-co;3855-danse-n-co
Danse'endurance;affiliated;AFFILIATED_STRUCTURE;Mairie de Malijai;04350;MALIJAI;phil3.imbert@free;06 47 95 09 32;;44.044983;6.029647;2026;Dix Danses | Latines | Societe | Standards;Danses latines | Danses standards | Danses de salon;https://www.ffdanse.fr/structures/138-danse-endurance;138-danse-endurance
Danse'n co 2;affiliated;AFFILIATED_STRUCTURE;34 Rue des Millepertuis, 80480;80480;Salouël;fossaert.e@gmail.com;+33689092462;https://www.dansenco.com/nos-professeurs;49.863086;2.2547932;2026;Classique | Contemporain;Classique | Ateliers de création | Contemporain;https://www.ffdanse.fr/structures/3011-danse-n-co-2;3011-danse-n-co-2
DANSE'N MUSIC;affiliated;AFFILIATED_STRUCTURE;44 rue vignemale;11570;Cazilhac;danseandmusic.11@gmail.com;0614846644;https://gratuit-5461258.webadorsite.com/;43.1852505;2.3592774;2026;Bachata | Boogie Formation | Boogie Juniors | Boogie Main Class | Boogie Rising Star | Boogie Seniors | Boogie Woogie | Boogie Woogie Fédéral | Comedie Musicale | Danse Show | Danses Solo | Eveil à la Danse | Formation Rock Girls | Formation Rock Juniors | Formation Rock Ladies | Formation Rock Main Class | Formation Rock Main Class Quattro | Lindy Hop | Lindy Hop Fédéral | Regards chorégraphiques | Rock | Rock Acrobatique | Rock Acrobatique Fédéral | Rock Artistique Fédéral | Rock Children | Rock Couple Dance Show | Rock Formation | Rock Juniors | Rock Juveniles | Rock Main Class Contact Style | Rock Main Class Free Style | Rock Saute | Rock et DA | Rock'n Roll Fédéral | Rock'n'Roll | Salsa | Small Formation Rock Ladies | Small formation Rock Girls | Societe | West Coast Swing;Bachata | Boogie-Woogie | Comédie musicale | Disco | Lindy hop | Ateliers de création | Contemporain | Rock'n'roll | Rock acrobatique | Rock sauté | Salsa | Danses de salon | West Coast Swing;https://www.ffdanse.fr/structures/5055-danse-n-music;5055-danse-n-music
Danser à deux;affiliated;AFFILIATED_STRUCTURE;89 rue roger bouvry;59113;seclin;danseradeux@gmail.com;0671726483;;50.544176;3.0238078;2026;Dix Danses | Latines | Societe | Standards;Danses latines | Danses standards | Danses de salon;https://www.ffdanse.fr/structures/1153-danser-a-deux;1153-danser-a-deux
Danser à Gueret;affiliated;AFFILIATED_STRUCTURE;20 rue de la liberté;23000;Guéret;danseragueret23@orange.fr;0555527604;danseragueret;46.1617488;1.874624;2026;Bachata | Danse en solo Latine | Danse en solo Standard | Dix Danses | Latines | Salsa | Societe | Solo Team Lat / Std | Standards;Bachata | Danses latines | Danses standards | Salsa | Danses de salon;https://www.ffdanse.fr/structures/435-danser-a-gueret;435-danser-a-gueret
Danser à Othis;affiliated;AFFILIATED_STRUCTURE;Salle Larrouy, 3 bis avenue du 8 mai 1945, 77230;77280;Othis;michel.poteau0532@orange.fr;0637296531;;49.0738063;2.6726188;2026;Bachata | Country And Line | Latines | Rock | Salsa | Societe;Bachata | Country & line | Danses latines | Rock'n'roll | Salsa | Danses de salon;https://www.ffdanse.fr/structures/6010-danser-a-othis;6010-danser-a-othis
DANSES 2000;affiliated;AFFILIATED_STRUCTURE;25 RUE DES GENETS;85300;SOULLANS;associationdanses2000@gmail.com;0251355414;;46.7966946;-1.8898295;2026;Jazz | Regards chorégraphiques;Modern jazz | Jazz | Ateliers de création | Contemporain;https://www.ffdanse.fr/structures/2317-danses-2000;2317-danses-2000
Danses avec Nataliia;affiliated;AFFILIATED_STRUCTURE;9 chemin de l'eglise;27240;Mesnils sur Iton;nataliia.onyshchenko@gmail.com;0649360202;https://nataliiaonyshchenk.wixsite.com/dansesavecnataliia?fbclid=PAAaZ3eZpmYCZebgDxLa8Gc5tf2A_oJLokOGjAWOG4qjCPbiwA64czGQuhMFk;48.85208;1.0419919;2026;Bachata | Danse en solo Latine | Danse en solo Standard | Dix Danses | Eveil à la Danse | Latines | Rock | Salsa | Show Dance Latine | Show Dance Standard | Solo Team Lat / Std | Standards;Bachata | Danses latines | Danses standards | Rock'n'roll | Salsa;https://www.ffdanse.fr/structures/6224-danses-avec-nataliia;6224-danses-avec-nataliia
Danses du Monde;affiliated;AFFILIATED_STRUCTURE;7 AVENUE DE VERDUN;26000;VALENCE;contact@multidanses.fr;0632345077;www.multidanses.fr;44.9379187;4.8973138;2026;Bachata | Breaking | Eveil à la Danse | Flamenco | Hip Hop | House | Latines | Locking | New Style | Orientale | Pole Dance | Poping | Ragga | Societe | Standards | Street Dance | Zumba;Bachata | Breaking | Flamenco | Danses hip-hop | Danses latines | Danses ethniques | Pole dance | Danses de salon | Danses standards | Zumba;https://www.ffdanse.fr/structures/3468-danses-du-monde;3468-danses-du-monde
Danses en Manche;affiliated;AFFILIATED_STRUCTURE;4 chemin de la Jourdannerie;50390;Hautteville-Bocage;dansesenmanche@gmail.com;0652154484;www.dansesenmanche.fr;49.429863;-1.467304;2026;Autres Danses | Hip Hop | OLD : Salsa, Bachata, Kizomba | Rock et DA | Societe | Tango Argentin | West Coast Swing;Danses hip-hop | Salsa | Bachata | Rock sauté | Danses de salon | Tango argentin | West Coast Swing;https://www.ffdanse.fr/structures/2070-danses-en-manche;2070-danses-en-manche
DANSES ET VOUS;affiliated;AFFILIATED_STRUCTURE;7 rue des Ecoles;17600;CORME ECLUSE;dansesetvous17@gmail.com;0609793287;;45.6303049;-0.8557324;2026;Claquettes | Comedie Musicale | Contemporain | Eveil à la Danse | Regards chorégraphiques | Zumba | Danses Solo;Claquettes | Comédie musicale | Ateliers de création | Contemporain | Zumba;https://www.ffdanse.fr/structures/4792-danses-et-vous;4792-danses-et-vous
DANSES ET VOUS;affiliated;AFFILIATED_STRUCTURE;112 ALLEE DU COLOMBIER;38200;CHUZELLES;dansesetvous@outlook.com;0616908974;www.sjcdansesetvous.fr;;;2026;Bachata | Country And Line | Rock'n'Roll | Salsa | West Coast Swing;Bachata | Country & line | Rock'n'roll | Salsa | West Coast Swing;https://www.ffdanse.fr/structures/3565-danses-et-vous;3565-danses-et-vous
Danses et Âmes;recently_disaffiliated;UNAFFILIATED_STRUCTURE;Maison des associations - Place des marroniers;14440;DOUVRES LA DELIVRANDE;barrem2@wanadoo.fr;0613770047;;49.2953049;-0.3764049;;;;https://www.ffdanse.fr/structures/5510-danses-et-ames;5510-danses-et-ames
Danses Générations 64;affiliated;AFFILIATED_STRUCTURE;DANSES GENERATIONS 64 65 LOT.LES HAMEAUX D'AGUERRIA, 65 Lot. Les Hameaux d'Aguerria;64700;HENDAYE;themi.prestations@wanadoo.fr;0666585857;;43.3737945;-1.7471003;2026;Bachata | Dix Danses | Latines | Rock et DA | Rock'n'Roll | Salsa | Societe | Standards;Bachata | Danses latines | Danses standards | Rock sauté | Rock'n'roll | Salsa | Danses de salon;https://www.ffdanse.fr/structures/1279-danses-generations-64;1279-danses-generations-64
DANSES MACAIROISES;affiliated;AFFILIATED_STRUCTURE;21 PLACE HENRI DOIZY, MAIRIE SAINT MACAIRE EN MAUGES;49450;SEVREMOINE;dansesmacairoises@gmail.com;0695023044;;47.1239053;-0.9941123;2026;Contemporain | Hip Hop | Jazz;Ateliers de création | Contemporain | Danses hip-hop | Modern jazz | Jazz;https://www.ffdanse.fr/structures/4490-danses-macairoises;4490-danses-macairoises
Danses Menucourt;affiliated;AFFILIATED_STRUCTURE;Maison de Menucourt 1 place de la Marèche;95180;MENUCOURT;assodansesmenucourt@hotmail.com;0786476991;https://www.dansesmenucourt.fr/page/1041623-presentation;49.0256514;1.9794366;2026;Africaine | Autres Danses | Barre au Sol | Eveil à la Danse | Hip Hop | Jazz | Zumba;Danses ethniques | Barre au sol classique | Barre au sol contemporaine | Danses hip-hop | Modern jazz | Jazz | Zumba;https://www.ffdanse.fr/structures/1965-danses-menucourt;1965-danses-menucourt
Danses modernes fourmisiennes;affiliated;AFFILIATED_STRUCTURE;2 rue victor delloue;59610;fourmies;noemieserouartlosson@orange.fr;0327606331;;50.0157858;4.035158;2026;Classique | Danse Inclusive | Eveil à la Danse | Jazz;Classique | Modern jazz | Jazz;https://www.ffdanse.fr/structures/1174-danses-modernes-fourmisiennes;1174-danses-modernes-fourmisiennes
Danses Plurielles;affiliated;AFFILIATED_STRUCTURE;1 rue Georges Bouzerait, Dases Plurielles;92120;Montrouge;danses.plurielles@gmail.com;0662801616;;48.8188574;2.3250212;2026;Barre au Sol | Classique | Contemporain | Eveil à la Danse | Jazz;Barre au sol classique | Barre au sol contemporaine | Classique | Ateliers de création | Contemporain | Modern jazz | Jazz;https://www.ffdanse.fr/structures/5891-danses-plurielles;5891-danses-plurielles
Danses Rock Association;affiliated;AFFILIATED_STRUCTURE;38  rue de migneaux;91300;Massy;drasso@laposte.net;0169539613;www.drasso.sitew.com;48.7341915;2.2655739;2026;Afro-caribéennes | Autres Danses | Boogie Woogie | Comedie Musicale | Country And Line | Jazz | Latino Caraibes | OLD : Salsa, Bachata, Kizomba | Rock Acrobatique | Rock Formation | Rock et DA | Rock'n'Roll | Societe | Tango Argentin | West Coast Swing | Zumba | ancien nom à supprimer;Danses ethniques | Boogie-Woogie | Comédie musicale | Country & line | Modern jazz | Jazz | Danses latino-caraïbes | Salsa | Bachata | Rock acrobatique | Rock'n'roll | Rock sauté | Danses de salon | Tango argentin | West Coast Swing | Zumba;https://www.ffdanse.fr/structures/1874-danses-rock-association;1874-danses-rock-association
DANSES SOCIALES CLUB;affiliated;AFFILIATED_STRUCTURE;3 place de l'Eglise;44190;GORGES;dansedsc@gmail.com;0652043864;https://www.dansessocialesclub.fr;47.1012544;-1.3016505;2026;Bachata | Danse en solo Latine | Danses Solo | Kizomba | Latines | Latino Caraibes | Lindy Hop | Rock | Salsa | Societe | Standards;Bachata | Kizomba | Danses latines | Danses latino-caraïbes | Lindy hop | Rock'n'roll | Salsa | Danses de salon | Danses standards;https://www.ffdanse.fr/structures/6039-danses-sociales-club;6039-danses-sociales-club
Danses à Bondues;affiliated;AFFILIATED_STRUCTURE;16 place de l'abbé bonpain;59910;bondues;deisdanse@free.fr;0611261743;;50.6583717;3.1452273;2026;Dix Danses | Latines | Societe | Standards;Danses latines | Danses standards | Danses de salon;https://www.ffdanse.fr/structures/1164-danses-a-bondues;1164-danses-a-bondues
DANSEZ LINE;recently_disaffiliated;UNAFFILIATED_STRUCTURE;12 Place de l'Église;41160;DANZÉ;dansez.line@gmail.com;0781079925;;47.8923333;1.0276639;;;;https://www.ffdanse.fr/structures/4375-dansez-line;4375-dansez-line
DANSEZ ZEN;affiliated;AFFILIATED_STRUCTURE;15 rue Maréchal Foch;57370;PHALSBOURG;vanessa.miclot@orange.fr;0674877416;dansezzen.fr;48.7680737;7.257949;2026;Contemporain;Ateliers de création | Contemporain;https://www.ffdanse.fr/structures/5405-dansez-zen;5405-dansez-zen
Danse’ N Co;affiliated;AFFILIATED_STRUCTURE;57 rue Lafayette;47000;Agen;association.dansenco@gmail.com;0685772601;;44.2043422;0.6209624;2026;Barre au Sol | Classique | Contemporain | Hip Hop | Jazz;Barre au sol classique | Barre au sol contemporaine | Classique | Ateliers de création | Contemporain | Danses hip-hop | Modern jazz | Jazz;https://www.ffdanse.fr/structures/6211-danse-n-co;6211-danse-n-co
Dansimage;affiliated;AFFILIATED_STRUCTURE;11 rue Pasteur;33250;PAUILLAC;francoise-rodeodancers@hotmail.fr;0684617410;;45.1992648;-0.7472367;2026;Autres Danses | Country And Line | Dix Danses | Hip Hop | Latines | Standards | ancien nom à supprimer;Country & line | Danses latines | Danses standards | Danses hip-hop;https://www.ffdanse.fr/structures/680-dansimage;680-dansimage
DANSONS ENSEMBLE;affiliated;AFFILIATED_STRUCTURE;Place de la Mairie;60580;Coye la foret;dansonsensemble60@gmail.com;0686248182;dansonsensemble.sports regions.fr;49.1439032;2.4681095;2026;Bachata | Salsa | Societe;Bachata | Salsa | Danses de salon;https://www.ffdanse.fr/structures/4228-dansons-ensemble;4228-dansons-ensemble
Dansons à Sainte-Eulalie !;affiliated;AFFILIATED_STRUCTURE;34 rue Alfred Pousson;33560;Sainte-Eulalie;danse.eulalie@free.fr;06 77 78 54 50;;44.9054567;-0.4770191;2026;Bachata | Boogie Woogie | Country And Line | Danses Solo | Dix Danses | Eveil à la Danse | Folklorique | Latines | Lindy Hop | Rock'n'Roll | Salsa | Societe | Solo Team Lat / Std | Standards | West Coast Swing;Bachata | Boogie-Woogie | Country & line | Danses latines | Danses standards | Danses traditionnelles | Lindy hop | Rock'n'roll | Salsa | Danses de salon | West Coast Swing;https://www.ffdanse.fr/structures/4893-dansons-a-sainte-eulalie;4893-dansons-a-sainte-eulalie
Danswing;affiliated;AFFILIATED_STRUCTURE;190, chem. des Hauts de Coussaud LA TUILIERE;26300;ALIXAN;danswing@free.fr;0475470939;;0;0;2026;Dix Danses | Latines | Societe | Standards;Danses latines | Danses standards | Danses de salon;https://www.ffdanse.fr/structures/475-danswing;475-danswing
Danzz'Art;affiliated;AFFILIATED_STRUCTURE;75 rue de la Tuilerie, Les Milles;13290;Aix en Provence;elisedanzzart@gmail.com;0647933632;www.danzzart.org;43.5017152;5.3789667;2026;Classique | Jazz;Classique | Modern jazz | Jazz;https://www.ffdanse.fr/structures/308-danzz-art;308-danzz-art
Danç'Art;affiliated;AFFILIATED_STRUCTURE;2 rue du soleil levant;59260;HELLEMMES;jordaneleclere@yahoo.fr;0672572600;www.dancart.fr;50.6320255;3.1164942;2026;Africaine | Afro-caribéennes | Bachata | Bachata Team Styling | Cabaret | Eveil à la Danse | Hip Hop | Kizomba | New Style | Orientale | Rock | Salsa | Street Dance | West Coast Swing | Zumba | Ragga;Danses ethniques | Bachata | Cabaret | Danses hip-hop | Kizomba | Rock'n'roll | Salsa | West Coast Swing | Zumba;https://www.ffdanse.fr/structures/1166-danc-art;1166-danc-art
Dançafrolatin;affiliated;AFFILIATED_STRUCTURE;39 Rue Martin Luther King, maison joelle vincent, 40000;40000;Mont-de-Marsan;dancafrolatin@gmail.com;06 89 65 39 14;Dal.s2.yapla.com;43.896658;-0.4941522;2026;Africaine | Afro-caribéennes | Bachata | Bachata Team Couple | Bachata Team Styling | Danse en solo Latine | Danse en solo Standard | Danse Inclusive | Duo bachata Shines | Duo salsa Shines | Eveil à la Danse | Kizomba | Kizomba Chorégraphie | Kizomba Improvisation Traditionnelle | Kizomba Improvisation Urban | Latines | Latino Caraibes | OLD : Salsa, Bachata, Kizomba | Salsa | Salsa Team Couple | Salsa Team Styling | Show Latino Caraïbe | Tango Argentin | Teams SBK;Danses ethniques | Bachata | Kizomba | Danses latines | Danses latino-caraïbes | Salsa | Tango argentin;https://www.ffdanse.fr/structures/6187-dancafrolatin;6187-dancafrolatin
DARDARAKA;affiliated;AFFILIATED_STRUCTURE;2/4 rue de Darrichon, Maison des associations;64200;BIARRITZ;asso.dardaraka@gmail.com;0766362227;;43.4704203;-1.5602848;2026;Autres Danses Du Monde;Danses ethniques;https://www.ffdanse.fr/structures/5220-dardaraka;5220-dardaraka
DañsEnCorps;affiliated;AFFILIATED_STRUCTURE;20 rue Notre Dame;22600;LOUDEAC;decassoloudeac@gmail.com;0611305271;;48.1765159;-2.7520161;2026;Bollywood | Contemporain | Eveil à la Danse | Orientale;Danses ethniques | Ateliers de création | Contemporain;https://www.ffdanse.fr/structures/3185-dansencorps;3185-dansencorps
DB Animations;affiliated;AFFILIATED_STRUCTURE;2 rue Hacque;60590;SERIFONTAINE;cizeau.j@orange.fr;0685579744;www.db-animations.com;49.3555342;1.7683871;2026;Afro-caribéennes | Eveil à la Danse | Hip Hop | Regards chorégraphiques | Zumba;Danses ethniques | Danses hip-hop | Ateliers de création | Contemporain | Zumba;https://www.ffdanse.fr/structures/506-db-animations;506-db-animations
Declic danse 35;affiliated;AFFILIATED_STRUCTURE;68 ter Bd Jacques Faucheux;35300;FOUGERES;declicdanse35@orange.fr;0680437583;;48.3546126;-1.211656;2026;Autres Danses | Lindy Hop | OLD : Salsa, Bachata, Kizomba | Rock Formation | Rock et DA | Rock'n'Roll | Societe;Lindy hop | Salsa | Bachata | Rock'n'roll | Rock sauté | Danses de salon;https://www.ffdanse.fr/structures/815-declic-danse-35;815-declic-danse-35
DEIS DANSE Lannoy;affiliated;AFFILIATED_STRUCTURE;14 rue de Lille;59390;Lannoy;deisdanse@orange.fr;0671726483;;50.6663391;3.2088669;2026;Dix Danses | Latines | Societe | Standards;Danses latines | Danses standards | Danses de salon;https://www.ffdanse.fr/structures/1142-deis-danse-lannoy;1142-deis-danse-lannoy
Depen'danse;recently_disaffiliated;UNAFFILIATED_STRUCTURE;27 RUE DE TROYES;77390;Guignes;dansesguignes@gmail.com;0652774652;;48.6361324;2.798744;2026;Bachata | Eveil à la Danse | Kizomba | Salsa | Jazz;Bachata | Kizomba | Salsa | Modern jazz | Jazz;https://www.ffdanse.fr/structures/6041-depen-danse;6041-depen-danse
Des pieds à l Tête;affiliated;AFFILIATED_STRUCTURE;C/O ESCDD Place de l'Evêché;26150;Die;despiedsalatete26@gmail.com;0643223793;www.dpaltdansedie.fr;46.5218192;6.636005;2026;Contemporain | Jazz;Ateliers de création | Contemporain | Modern jazz | Jazz;https://www.ffdanse.fr/structures/4908-des-pieds-a-l-tete;4908-des-pieds-a-l-tete
DESPERADOS COUNTRY;affiliated;AFFILIATED_STRUCTURE;170 Chemin du douanier;13270;Fos sur mer;desperadoscountry@gmail.com;0603495172;https://desperadoscountry.wixsite.com/desperadoscountry;43.4289822;4.9409762;2026;Country And Line;Country & line;https://www.ffdanse.fr/structures/2238-desperados-country;2238-desperados-country
Destination Rock n Danses;affiliated;AFFILIATED_STRUCTURE;307 ch de la croix;30380;ST CHRISTOL LES ALES;destinarock.ffd@free.fr;0466605831;;44.0874757;4.0762909;2026;Boogie Formation | Boogie Juniors | Boogie Main Class | Boogie Rising Star | Boogie Seniors | Boogie Woogie | Boogie Woogie Fédéral | Country And Line | Formation Rock Girls | Formation Rock Juniors | Formation Rock Ladies | Formation Rock Main Class | Formation Rock Main Class Quattro | Lindy Hop | Lindy Hop Fédéral | Lindy Hop Main Class | Lindy Hop Show case | Rock | Rock Acrobatique | Rock Acrobatique Fédéral | Rock Artistique Fédéral | Rock Children | Rock Couple Dance Show | Rock Formation | Rock Juniors | Rock Juveniles | Rock Main Class Contact Style | Rock Main Class Free Style | Rock Saute | Rock et DA | Rock'n Roll Fédéral | Rock'n'Roll | Small Formation Rock Ladies | Small formation Rock Girls | West Coast Swing | Team Show;Boogie-Woogie | Country & line | Lindy hop | Rock'n'roll | Rock acrobatique | Rock sauté | West Coast Swing;https://www.ffdanse.fr/structures/580-destination-rock-n-danses;580-destination-rock-n-danses
detente et loisirs;affiliated;AFFILIATED_STRUCTURE;mairie de macau, macau;33460;MACAU;detenteetloisirs33460@outlook.fr;0688152583;;;;2026;Eveil à la Danse | Hip Hop | New Style | Ragga | Street Dance;Danses hip-hop;https://www.ffdanse.fr/structures/3960-detente-et-loisirs;3960-detente-et-loisirs
Deux Temps Trois Mouvements;recently_disaffiliated;UNAFFILIATED_STRUCTURE;Centre Joseph Collomp, Place René Cassin;83300;Draguignan;contactdttm@gmail.com;0610055718;www.ecolededansedraguignan.fr;43.537513;6.462804;2026;Contemporain | Jazz | Pilates | Zumba;Ateliers de création | Contemporain | Modern jazz | Jazz | Zumba;https://www.ffdanse.fr/structures/1726-deux-temps-trois-mouvements;1726-deux-temps-trois-mouvements
Diagonale;affiliated;AFFILIATED_STRUCTURE;Hôtel de Ville;30120;LE VIGAN;diagonale30120@orange.fr;0645262739;;43.993025;3.606216;2026;Barre au Sol | Contemporain | Jazz;Barre au sol classique | Barre au sol contemporaine | Ateliers de création | Contemporain | Modern jazz | Jazz;https://www.ffdanse.fr/structures/572-diagonale;572-diagonale
DIAM'S Club bourg Peronnas;affiliated;AFFILIATED_STRUCTURE;150 impasse Claude Berthollet;01960;PERONNAS;diams.helene@orange.fr;0682351315;;46.186324;5.2065646;2026;Bollywood | Boogie Formation | Boogie Juniors | Boogie Main Class | Boogie Rising Star | Boogie Woogie | Boogie Woogie Fédéral | Breaking | Cabaret | Claquettes | Comedie Musicale | Contemporain | Danse Show | Danse en solo Latine | Danse en solo Standard | Eveil à la Danse | Formation Rock Girls | Formation Rock Juniors | Formation Rock Ladies | Formation Rock Main Class | Hip Hop | Latines | Lindy Hop | Lindy Hop Fédéral | Orientale | Rock | Rock Acrobatique | Rock Acrobatique Fédéral | Rock Artistique Fédéral | Rock Children | Rock Couple Dance Show | Rock Formation | Rock Juniors | Rock Juveniles | Rock Main Class Contact Style | Rock Main Class Free Style | Rock Saute | Rock et DA | Rock'n Roll Fédéral | Rock'n'Roll | Show Dance Latine | Show Dance Standard | Small Formation Rock Ladies | Small formation Rock Girls | Societe | Street Dance | Tango Argentin | West Coast Swing | Zumba | Team Show;Danses ethniques | Boogie-Woogie | Breaking | Cabaret | Claquettes | Comédie musicale | Ateliers de création | Contemporain | Disco | Danses hip-hop | Danses latines | Lindy hop | Rock'n'roll | Rock acrobatique | Rock sauté | Danses standards | Danses de salon | Tango argentin | West Coast Swing | Zumba;https://www.ffdanse.fr/structures/104-diam-s-club-bourg-peronnas;104-diam-s-club-bourg-peronnas
DIAPASON;affiliated;AFFILIATED_STRUCTURE;Place de l'Hotel de Ville;60230;CHAMBLY;cathybabou@gmail.com;0613836243;diapasonchambly;49.1667233;2.2437194;2026;Breaking | Hip Hop | New Style | Street Dance;Breaking | Danses hip-hop;https://www.ffdanse.fr/structures/3865-diapason;3865-diapason
Dimension 34;affiliated;AFFILIATED_STRUCTURE;9 rue du rocher;34300;Agde;d34crew@hotmail.fr;0624717365;;43.3082313;3.4720996;2026;Breaking | Hip Hop | House | Krump | Locking | New Style | Poping | Street Dance;Breaking | Danses hip-hop;https://www.ffdanse.fr/structures/3892-dimension-34;3892-dimension-34
diskan;recently_disaffiliated;UNAFFILIATED_STRUCTURE;57, avenue théophile gautier;75016;paris;diskan.art@gmail.com;+33688232448;;48.8479394;2.2699151;;;;https://www.ffdanse.fr/structures/4806-diskan;4806-diskan
Dixi;affiliated;AFFILIATED_STRUCTURE;2 chemin du Moulin de la Tour;30200;BAGNOLS SUR CEZE;jl.vezinet@orange.fr;0466899655;www.danse-ramadier.fr;44.1647338;4.6223359000001;2026;Contemporain | Jazz;Ateliers de création | Contemporain | Modern jazz | Jazz;https://www.ffdanse.fr/structures/564-dixi;564-dixi
Djinn Circus;affiliated;AFFILIATED_STRUCTURE;14 rue du capitaine ferber, 69300;69300;69300 - CALUIRE ET CUIRE;clara.djinncircus@gmail.com;0680332735;http://djinn-circus.com/;45.7922777;4.8284954;2026;Autres Danses Du Monde;Danses ethniques;https://www.ffdanse.fr/structures/4444-djinn-circus;4444-djinn-circus
DK danse;affiliated;AFFILIATED_STRUCTURE;139 rue Combe des dames;24000;PERIGUEUX;info@dkdanse.fr;0652731625;www.dkdanse.fr;45.1953627;0.7229905;2026;Barre au Sol | Breaking | Classique | Contemporain | Danse Inclusive | Eveil à la Danse | Hip Hop | House | Jazz | Locking | Poping | Regards chorégraphiques;Barre au sol classique | Barre au sol contemporaine | Breaking | Classique | Ateliers de création | Contemporain | Danses hip-hop | Modern jazz | Jazz;https://www.ffdanse.fr/structures/441-dk-danse;441-dk-danse
DMECC;affiliated;AFFILIATED_STRUCTURE;1 allée Alfred kastler;76530;GRAND COURONNE;dansemodernegc@gmail.com;0675088188;;49.3368528;1.0163493;2026;Autres Danses;;https://www.ffdanse.fr/structures/2796-dmecc;2796-dmecc
DodiePole;affiliated;AFFILIATED_STRUCTURE;390 route Bresse Cocagne;01340;Jayat;elodie.cianchetti@gmail.com;0660762731;www.dodiepole.fr;46.3446513;5.1249893;2026;Danse aérienne | Pole Dance | Pole Sport;Danses aériennes | Pole dance | Pole sport;https://www.ffdanse.fr/structures/5380-dodiepole;5380-dodiepole
DOM-DANSE;affiliated;AFFILIATED_STRUCTURE;8 rue des GENETS;97400;Saint-Denis;dom_hoarau@hotmail.com;0692858763;;48.936181;2.357443;2026;Country And Line;Country & line;https://www.ffdanse.fr/structures/2824-dom-danse;2824-dom-danse
DOMIDANSE;affiliated;AFFILIATED_STRUCTURE;Chez EL AMOURI MARIE 185 chemin du Moulin Neuf;30350;DOMESSARGUES;elamourimarie@gmail.com;0679535789;https://domiedanse.wixsite.com/domiedanse;43.9778308;4.1714835;2026;Classique | Contemporain | Hip Hop | Jazz;Classique | Ateliers de création | Contemporain | Danses hip-hop | Modern jazz | Jazz;https://www.ffdanse.fr/structures/2983-domidanse;2983-domidanse
Dominique Renaud Domiedanse;affiliated;AFFILIATED_STRUCTURE;30 ROUTE DE CHARPEIGNE;18380;MERY ES BOIS;domiedanse@gmail.com;0633546907;https://domiedanse.wixsite.com/domiedanse;47.3090819;2.362826;2026;Danses Solo | Disco | Societe;Disco | Danses de salon;https://www.ffdanse.fr/structures/4737-dominique-renaud-domiedanse;4737-dominique-renaud-domiedanse
Domloup Sport section Danse;affiliated;AFFILIATED_STRUCTURE;1 allée de l'étang Mairie;35410;Domloup;domloupdanse@gmail.com;0951638231;;48.0621462;-1.5222385;2026;Classique | Jazz;Classique | Modern jazz | Jazz;https://www.ffdanse.fr/structures/810-domloup-sport-section-danse;810-domloup-sport-section-danse
Doublé Fée;affiliated;AFFILIATED_STRUCTURE;8 allée du jumelage;77260;La Ferté sous Jouarre;doublefee@rocketmail.com;06.60.96.30.57;https://www.doublefeedanse.fr/accueil;48.9449688;3.1318242;2026;Classique | Danses Solo | Eveil à la Danse | Hip Hop | Jazz;Classique | Danses hip-hop | Modern jazz | Jazz;https://www.ffdanse.fr/structures/4451-double-fee;4451-double-fee
DPStudio;affiliated;AFFILIATED_STRUCTURE;49  rue Jacques Monod;77460;SOUPPES SUR LOING;asso.dpstudio@gmail.com;0787732495;;48.1870303;2.7416679;2026;Jazz;Modern jazz | Jazz;https://www.ffdanse.fr/structures/4086-dpstudio;4086-dpstudio
Dragon Pole Dance;affiliated;AFFILIATED_STRUCTURE;allée de l'île aux moineaux;25000;Besançon;dragonpoledance@gmail.com;0683165399;www.dragon-pole-dance.fr;47.2386555;6.0347825;2026;Pole Dance | Pole Sport | Transversal;Pole dance | Pole sport;https://www.ffdanse.fr/structures/2607-dragon-pole-dance;2607-dragon-pole-dance
Dragon Pole Scènes;affiliated;AFFILIATED_STRUCTURE;6 boulevard Diderot, 25000;25000;Besançon;dragonpolescenes@gmail.com;0683165399;;47.2451462;6.0355323;2026;Bachata | Bachata Team Couple | Bachata Team Styling | Duo bachata Shines | Parapole Artistique | Parapole sport | Pole Dance | Pole Sport;Bachata | Pole dance | Pole sport;https://www.ffdanse.fr/structures/6396-dragon-pole-scenes;6396-dragon-pole-scenes
DREAM LANDES;affiliated;AFFILIATED_STRUCTURE;1 rue Georges Sabde;40280;Saint-Pierre-Du-Mont;contact.dreamlandes@hotmail.fr;065967211;e-pop.fr;43.8823073;-0.5198136;2026;Breaking | Hip Hop | House | Krump | Locking | New Style | Poping | Street Dance;Breaking | Danses hip-hop;https://www.ffdanse.fr/structures/4260-dream-landes;4260-dream-landes
Dream life & dance;affiliated;AFFILIATED_STRUCTURE;190 chemin Estrec;13120;GARDANNE;dreamlifedancee@hotmail.com;0749795412;;43.4523717;5.4778143;2026;Autres Danses | Contemporain | Eveil à la Danse | Hip Hop | Jazz;Ateliers de création | Contemporain | Danses hip-hop | Modern jazz | Jazz;https://www.ffdanse.fr/structures/349-dream-life-dance;349-dream-life-dance
Dreams Show;recently_disaffiliated;UNAFFILIATED_STRUCTURE;14 rue d'Hersin;62530;Servins;associationdreamsshow@gmail.com;06.13.24.38.78;;50.4094267;2.6342635;;;;https://www.ffdanse.fr/structures/5924-dreams-show;5924-dreams-show
drissdanse;affiliated;AFFILIATED_STRUCTURE;62 av du 11 eme regiment, 62av du 11 eme regiment, 82000;82000;Montauban;sbdriss@orange.fr;0615450798;;44.0221252;1.3529599;2026;Africaine | Afro-contemporaine | Bachata | Boogie Woogie | Classique | Contemporain | Eveil à la Danse | Hip Hop | Jazz | Kizomba | Lindy Hop | New Style | OLD : Salsa, Bachata, Kizomba | Rock Saute | Rock'n'Roll | Salsa | Street Dance;Danses ethniques | Afro-jazz | Bachata | Boogie-Woogie | Classique | Ateliers de création | Contemporain | Danses hip-hop | Modern jazz | Jazz | Kizomba | Lindy hop | Salsa | Rock sauté | Rock'n'roll;https://www.ffdanse.fr/structures/4849-drissdanse;4849-drissdanse
DU.SCHOOL;affiliated;AFFILIATED_STRUCTURE;7 impasse Degreaux;62580;GIVENCHY EN GOHELLE;du.school@outlook.fr;0662754512;;50.3983792;2.7729761;2026;Breaking | Hip Hop | House | Locking | New Style | Ragga | Street Dance;Breaking | Danses hip-hop;https://www.ffdanse.fr/structures/3394-du-school;3394-du-school
DUO DANCE;affiliated;AFFILIATED_STRUCTURE;12 rue de la Petite Colline;44350;Guérande;duodance44@gmail.com;0749298098;www.duodance44.fr;47.3248246;-2.413556;2026;Bachata | Boogie Woogie | Cabaret | Contemporain | Country And Line | Danse Show | Danse en solo Latine | Danse en solo Standard | Danses Solo | Dix Danses | Eveil à la Danse | Latines | Rock | Rock'n'Roll | Salsa | Show Dance Latine | Show Dance Standard | Societe | Solo Team Lat / Std | Standards | Street Dance | West Coast Swing;Bachata | Boogie-Woogie | Cabaret | Ateliers de création | Contemporain | Country & line | Disco | Danses latines | Danses standards | Rock'n'roll | Salsa | Danses de salon | Danses hip-hop | West Coast Swing;https://www.ffdanse.fr/structures/3484-duo-dance;3484-duo-dance
DUO DANSANT;affiliated;AFFILIATED_STRUCTURE;6 passage ariane, 44470;44470;carquefou;cdlepetit@gmail.com;0643743920;;47.301828;-1.484078;2026;Societe;Danses de salon;https://www.ffdanse.fr/structures/4371-duo-dansant;4371-duo-dansant
Duo Danse Club de Colombes;affiliated;AFFILIATED_STRUCTURE;104 RUE COLBERT;92700;COLOMBES;birgitt.greif@duodanseclub.fr;0618850449;www.duodanseclub.fr;48.9144914;2.234175;2026;Boogie Woogie | Dix Danses | Latines | Rock Saute | Rock et DA | Rock'n'Roll | Societe | Standards | Bachata | Danse en solo Latine | Danse en solo Standard | Flamenco | Kizomba | Lindy Hop | Rock | Salsa | Tango Argentin;Boogie-Woogie | Danses latines | Danses standards | Rock sauté | Rock'n'roll | Danses de salon | Bachata | Flamenco | Kizomba | Lindy hop | Salsa | Tango argentin;https://www.ffdanse.fr/structures/1902-duo-danse-club-de-colombes;1902-duo-danse-club-de-colombes
DUO STEP;affiliated;AFFILIATED_STRUCTURE;22 rue Victor Hugo;93100;Montreuil;dansesmontreuil@gmail.com;0632132245;www.danses-montreuil.fr;48.8603282;2.4395951;2026;Afro-caribéennes | Bachata | Barre au Sol | Boogie Woogie | Breaking | Cabaret | Classique | Country And Line | Danse Show | Danse en solo Latine | Danse en solo Standard | Danses Solo | Disco | Dix Danses | Duo bachata Shines | Duo salsa Shines | Eveil à la Danse | Hip Hop | House | Jazz | Kizomba | Kizomba Chorégraphie | Latines | Latino Caraibes | Lindy Hop | New Style | Pole Dance | Rock | Rock et DA | Rock'n'Roll | Salsa | Show Dance Latine | Show Dance Standard | Societe | Solo Team Lat / Std | Standards | Street Dance | Zumba;Danses ethniques | Bachata | Barre au sol classique | Barre au sol contemporaine | Boogie-Woogie | Breaking | Cabaret | Classique | Country & line | Disco | Danses latines | Danses standards | Danses hip-hop | Modern jazz | Jazz | Kizomba | Danses latino-caraïbes | Lindy hop | Pole dance | Rock'n'roll | Rock sauté | Salsa | Danses de salon | Zumba;https://www.ffdanse.fr/structures/4679-duo-step;4679-duo-step
DYNAMIC CREW GUYANE;affiliated;AFFILIATED_STRUCTURE;110 RESIDENCE AMES CLAIRE IMPASSE PERVENCHES;97354;Remire-Montjoly;samy97_300@hotmail.com;0694988608;;4.9048028;-52.2732839;2026;Africaine | Autres Danses | Danse Show | Ragga | Regards chorégraphiques | Transversal;Danses ethniques | Disco | Danses hip-hop | Ateliers de création | Contemporain;https://www.ffdanse.fr/structures/6287-dynamic-crew-guyane;6287-dynamic-crew-guyane
Dynamic danse;recently_disaffiliated;UNAFFILIATED_STRUCTURE;14 Avenue René Cassin;71360;EPINAC;dalilahermi@hotmail.fr;0678897102;;46.9865049;4.5095364;;;;https://www.ffdanse.fr/structures/1418-dynamic-danse;1418-dynamic-danse
Dynamic danse sportive;affiliated;AFFILIATED_STRUCTURE;5 rue des Aubépines;30200;BAGNOLS SUR CEZE;patrickdanse@free.fr;0670380955;;44.1644516;4.6135449;2026;Dix Danses | Latines | OLD : Salsa, Bachata, Kizomba | Rock et DA | Rock'n'Roll | Show Dance Latine | Show Dance Standard | Societe | Solo Team Lat / Std | Standards | West Coast Swing;Danses latines | Danses standards | Salsa | Bachata | Rock sauté | Rock'n'roll | Danses de salon | West Coast Swing;https://www.ffdanse.fr/structures/575-dynamic-danse-sportive;575-dynamic-danse-sportive
dynamic mooving;affiliated;AFFILIATED_STRUCTURE;mairie d'Envermeu;76630;ENVERMEU;eric.miniou661@orange.fr;0604086453;;49.8969292;1.2649472;2026;Contemporain | Orientale | Ragga | Zumba;Ateliers de création | Contemporain | Danses ethniques | Danses hip-hop | Zumba;https://www.ffdanse.fr/structures/4088-dynamic-mooving;4088-dynamic-mooving
dynamic studio;affiliated;AFFILIATED_STRUCTURE;26 RUE MATHIEU DE DOMBASLE;66000;PERPIGNAN;jsd1@hotmail.fr;0755605442;;42.6865415;2.8760578;2026;Classique | Comedie Musicale | Danse Show | Dix Danses | Jazz | Latines | Regards chorégraphiques | Standards | Street Dance | Salsa | Salsa Team Couple;Classique | Comédie musicale | Disco | Danses latines | Danses standards | Modern jazz | Jazz | Ateliers de création | Contemporain | Danses hip-hop | Salsa;https://www.ffdanse.fr/structures/2477-dynamic-studio;2477-dynamic-studio
DYNAMICALES;affiliated;AFFILIATED_STRUCTURE;44 Boulevard Gambetta;30100;ALES;dynamicales@free.fr;0651527044;;44.1244469;4.0839404;2026;Autres Danses | Autres Danses Du Monde | Boogie Woogie | Cabaret | Country And Line | Danse Historique | Danse Show | Hip Hop | Latines | Latino Caraibes | Lindy Hop | OLD : Salsa, Bachata, Kizomba | Rock Saute | Rock et DA | Rock'n'Roll | Societe | Tango Argentin | West Coast Swing | ancien nom à supprimer;Danses ethniques | Boogie-Woogie | Cabaret | Country & line | Danse historique | Disco | Danses hip-hop | Danses latines | Danses latino-caraïbes | Lindy hop | Salsa | Bachata | Rock sauté | Rock'n'roll | Danses de salon | Tango argentin | West Coast Swing;https://www.ffdanse.fr/structures/2867-dynamicales;2867-dynamicales
Déclic rock;affiliated;AFFILIATED_STRUCTURE;5 rue des violettes;59350;saint andré lez lille;declicrock@gmail.com;0618766282;;50.6596733;3.0479237;2026;Rock Formation | Rock et DA;Rock'n'roll | Rock sauté;https://www.ffdanse.fr/structures/1158-declic-rock;1158-declic-rock
Découverte, art et nature;affiliated;AFFILIATED_STRUCTURE;16 avenue M. Robespierre;94400;VITRY SUR SEINE;desire.lechanoine@orange.fr;0632468874;www.associationdan.com;48.7913014;2.3871271;2026;Bachata | Country And Line | OLD : Salsa, Bachata, Kizomba | Rock et DA | Rock'n'Roll | Salsa | Societe | West Coast Swing;Bachata | Country & line | Salsa | Rock sauté | Rock'n'roll | Danses de salon | West Coast Swing;https://www.ffdanse.fr/structures/1937-decouverte-art-et-nature;1937-decouverte-art-et-nature
D’ICI DANSE;affiliated;AFFILIATED_STRUCTURE;3 chemin des aires;84370;Bédarrides;dicidanse84@gmail.com;0658184755;www.dicidanse.fr;44.0402656;4.900355;2026;Hip Hop | Jazz;Danses hip-hop | Modern jazz | Jazz;https://www.ffdanse.fr/structures/5286-d-ici-danse;5286-d-ici-danse
E&S PASSION DANSE 47;affiliated;AFFILIATED_STRUCTURE;540 route d'Agen;47390;Layrac;severinkurtzmann@sfr.fr;0623793438;;44.1184936;0.5389462;2026;Bachata | Latino Caraibes | Salsa;Bachata | Danses latino-caraïbes | Salsa;https://www.ffdanse.fr/structures/5853-e-s-passion-danse-47;5853-e-s-passion-danse-47
E'vie danse;affiliated;AFFILIATED_STRUCTURE;113, Rue Belleville;33000;Bordeaux;eviedanse33@yahoo.com;0665245690;;44.8332632;-0.5844819;2026;Classique;Classique;https://www.ffdanse.fr/structures/740-e-vie-danse;740-e-vie-danse
E.L.S.A DANCE MOUV;affiliated;AFFILIATED_STRUCTURE;4 RUE EUGENE PELLETAN;13410;LAMBESC;contact.elsadancemouv@gmail.com;0616945064;;43.6531441;5.2628573;2026;Afro-caribéennes | Afro-contemporaine | Cabaret | Hip Hop | Jazz | New Style | Orientale | Pilates | Ragga | Street Dance | Zumba;Danses ethniques | Afro-jazz | Cabaret | Danses hip-hop | Modern jazz | Jazz | Zumba;https://www.ffdanse.fr/structures/6148-e-l-s-a-dance-mouv;6148-e-l-s-a-dance-mouv
E.S.B. section danse;affiliated;AFFILIATED_STRUCTURE;68 avenue de Verdun Forum des Associations;33520;BRUGES;esb.danse@gmail.com;0556160307;;44.8845605;-0.6203444;2026;Claquettes | Classique | Contemporain | Eveil à la Danse | Jazz;Claquettes | Classique | Ateliers de création | Contemporain | Modern jazz | Jazz;https://www.ffdanse.fr/structures/671-e-s-b-section-danse;671-e-s-b-section-danse
E.S.V.L. Danse Jazz;affiliated;AFFILIATED_STRUCTURE;Avenue Des Plans Parc des Sports;06270;VILLENEUVE LOUBET;esvldanse@hotmail.fr;0625551068;;43.6520408;7.1292602;2026;Africaine | Bachata | Breaking | Classique | Contemporain | Danse en solo Latine | Eveil à la Danse | Hip Hop | Jazz | Latines | New Style | Ragga | Salsa | Street Dance | Assouplissement | Barre au Sol | Pilates;Danses ethniques | Bachata | Breaking | Classique | Ateliers de création | Contemporain | Danses hip-hop | Modern jazz | Jazz | Danses latines | Salsa | Barre au sol classique | Barre au sol contemporaine;https://www.ffdanse.fr/structures/148-e-s-v-l-danse-jazz;148-e-s-v-l-danse-jazz
Eagle Pole Studio;affiliated;AFFILIATED_STRUCTURE;20 rue Gustave Eiffel ZA la forêt;72470;Champagné;eaglepolestudio@gmail.com;0668460616;www.eaglepolestudio.fr;48.0151335;0.3365508;2026;Pole Dance;Pole dance;https://www.ffdanse.fr/structures/3602-eagle-pole-studio;3602-eagle-pole-studio
EALD;recently_disaffiliated;UNAFFILIATED_STRUCTURE;Place vouvray;02760;Holnon;ensemblealadanse@gmail.com;0632274336;;49.860813;3.213881;;;;https://www.ffdanse.fr/structures/4668-eald;4668-eald
East'n'West Dancers;affiliated;AFFILIATED_STRUCTURE;3 avenue du frêne;13009;MARSEILLE;contact@eastnwestdancers.fr;0785994696;;43.2648392;5.3973263;2026;Country And Line | ancien nom à supprimer;Country & line;https://www.ffdanse.fr/structures/287-east-n-west-dancers;287-east-n-west-dancers
Easy Danse;affiliated;AFFILIATED_STRUCTURE;3 rue Jean Jaurès - Espace culturel;21110;GENLIS;virginie.easydanse@gmail.com;0652496271;;47.2413569;5.2179441;2026;Autres Danses | Barre au Sol | Classique | Contemporain | Eveil à la Danse | Hip Hop | Jazz | Street Dance;Barre au sol classique | Barre au sol contemporaine | Classique | Ateliers de création | Contemporain | Danses hip-hop | Modern jazz | Jazz;https://www.ffdanse.fr/structures/404-easy-danse;404-easy-danse
Easy danses;recently_disaffiliated;UNAFFILIATED_STRUCTURE;14 rue de la Charité;38200;VIENNE;easy.danses@laposte.net;0695028007;www.easydanses.com;45.5253214;4.8763496;2026;Bachata | Boogie Woogie | Claquettes | Kizomba | Latines | Lindy Hop | Lindy Hop Senior 1 | Rock | Rock Saute | Rock et DA | Rock'n Roll Fédéral | Rock'n'Roll | Salsa | Societe | Standards | Tango Argentin | West Coast Swing;Bachata | Boogie-Woogie | Claquettes | Kizomba | Danses latines | Lindy hop | Rock'n'roll | Rock sauté | Salsa | Danses de salon | Danses standards | Tango argentin | West Coast Swing;https://www.ffdanse.fr/structures/857-easy-danses;857-easy-danses
Ecault Danse;affiliated;AFFILIATED_STRUCTURE;31 rue de la gare;62360;SAINT ETIENNE AU MONT;ecaultdanse@gmail.com;0682027926;;50.6841789;1.6275845;2026;Contemporain | Eveil à la Danse | Jazz | Regards chorégraphiques | Street Dance;Ateliers de création | Contemporain | Modern jazz | Jazz | Danses hip-hop;https://www.ffdanse.fr/structures/4583-ecault-danse;4583-ecault-danse
ECLIPSE STUDIO -  Cecile MOREL;recently_disaffiliated;UNAFFILIATED_STRUCTURE;1 Route De Gasville;28630;Nogent Le Phaye;lestudioeclipse@gmail.com;0612403426;www.eclipsestudio.fr;48.461785;1.570731;;;;https://www.ffdanse.fr/structures/3313-eclipse-studio-cecile-morel;3313-eclipse-studio-cecile-morel
Eclypse - Jy Danse;affiliated;AFFILIATED_STRUCTURE;8 bis rue Adigard;29900;CONCARNEAU;jy.danse@orange.fr;0298508846;;47.8756893;-3.9163306;2026;Jazz;Modern jazz | Jazz;https://www.ffdanse.fr/structures/537-eclypse-jy-danse;537-eclypse-jy-danse
Ecole 10 danses;affiliated;AFFILIATED_STRUCTURE;240 chemin du Puits de l'Evêque, villa du loup 6;06480;La Colle-sur-Loup;selouchaplain@yahoo.fr;0603116615;https://ecole10danses.fr/;43.6844955;7.1044463;2026;Danse en solo Latine | Dix Danses | Latines | Solo Team Lat / Std | Standards;Danses latines | Danses standards;https://www.ffdanse.fr/structures/6193-ecole-10-danses;6193-ecole-10-danses
Ecole Danse Bonson;affiliated;AFFILIATED_STRUCTURE;Rue du Stade;42160;BONSON;ecoledansebonson@gmail.com;0786144624;www.ecoledansebonson.fr;45.520012;4.218547;2026;Classique | Hip Hop | Jazz | Ragga | Street Dance;Classique | Danses hip-hop | Modern jazz | Jazz;https://www.ffdanse.fr/structures/4298-ecole-danse-bonson;4298-ecole-danse-bonson
Ecole Danse classique et moderne jazz;affiliated;AFFILIATED_STRUCTURE;7 rue des écoliers;22100;Saint hélen;studiodanseemeraude@gmail.com;0678547326;;48.472084;-1.9586721;2026;Classique | Jazz;Classique | Modern jazz | Jazz;https://www.ffdanse.fr/structures/4132-ecole-danse-classique-et-moderne-jazz;4132-ecole-danse-classique-et-moderne-jazz
"Ecole de danse "" Rêve Eveillé""";affiliated;AFFILIATED_STRUCTURE;26bis rue Pasteur;02100;Saint-Quentin;estelle.pruvot@laposte.net;0610856275;www.studioestellepruvot.fr;49.8469442;3.2836095;2026;Barre au Sol | Classique | Comedie Musicale | Contemporain | Danses Solo | Eveil à la Danse | Hip Hop | Jazz | Locking | New Style | Poping | Regards chorégraphiques;Barre au sol classique | Barre au sol contemporaine | Classique | Comédie musicale | Ateliers de création | Contemporain | Danses hip-hop | Modern jazz | Jazz;https://www.ffdanse.fr/structures/2343-ecole-de-danse-reve-eveille;2343-ecole-de-danse-reve-eveille
"Ecole de Danse ""Un Temps Pour Danser""";affiliated;AFFILIATED_STRUCTURE;22b Rue Valentin Abral, POSSESSION;97419;POSSESSION;untempspourdanser@orange.fr;0692683013;;-20.9269915;55.3417008;2026;Country And Line | Rock'n'Roll | Salsa;Country & line | Rock'n'roll | Salsa;https://www.ffdanse.fr/structures/3279-ecole-de-danse-un-temps-pour-danser;3279-ecole-de-danse-un-temps-pour-danser
Ecole de danse - Jean-Baptiste Bartoli;affiliated;AFFILIATED_STRUCTURE;Zone Industrielle N°4, Box N°7, campo vallone;20620;biguglia;contact@ecolededansejbb.com;0624792696;www.ecolededansejbb.com;42.6198894;9.4450439;2026;Breaking | Classique | Contemporain | Hip Hop | Jazz | New Style;Breaking | Classique | Ateliers de création | Contemporain | Danses hip-hop | Modern jazz | Jazz;https://www.ffdanse.fr/structures/558-ecole-de-danse-jean-baptiste-bartoli;558-ecole-de-danse-jean-baptiste-bartoli
Ecole de danse 4ème Art;affiliated;AFFILIATED_STRUCTURE;7 rue Jules Ferry;33350;Castillon la Bataille;lelaboespacedansetsitera@gmail.com;0678156180;www.quatriemeart.com;44.8534742;-0.0458436;2026;Barre au Sol | Classique | Contemporain | Hip Hop | Jazz | Regards chorégraphiques;Barre au sol classique | Barre au sol contemporaine | Classique | Ateliers de création | Contemporain | Danses hip-hop | Modern jazz | Jazz;https://www.ffdanse.fr/structures/672-ecole-de-danse-4eme-art;672-ecole-de-danse-4eme-art
Ecole de danse A DEUX PAS DE LA;recently_disaffiliated;UNAFFILIATED_STRUCTURE;15 Allée de la Tourtillère, La Tourtillère;17138;PUILBOREAU;adeuxpasdela@hotmail.fr;0650654484;adeuxpasdela.com;46.1761352;-1.1136785;2026;Classique | Contemporain | Eveil à la Danse | Hip Hop | Jazz;Classique | Ateliers de création | Contemporain | Danses hip-hop | Modern jazz | Jazz;https://www.ffdanse.fr/structures/5779-ecole-de-danse-a-deux-pas-de-la;5779-ecole-de-danse-a-deux-pas-de-la
ECOLE DE DANSE A PIED D'OEUVRE;affiliated;AFFILIATED_STRUCTURE;19 rue de la paix;95240;CORMEILLES EN PARISIS;apo.ecolededanse@gmail.com;0769836612;;48.9759195;2.1887158;2026;Afro-contemporaine | Classique | Contemporain | Hip Hop | Jazz | Transversal;Afro-jazz | Classique | Ateliers de création | Contemporain | Danses hip-hop | Modern jazz | Jazz;https://www.ffdanse.fr/structures/2959-ecole-de-danse-a-pied-d-oeuvre;2959-ecole-de-danse-a-pied-d-oeuvre
Ecole de danse Arabesque;affiliated;AFFILIATED_STRUCTURE;8 rue Georges Clemenceau;15000;Aurillac;arabesque.aurillac@gmail.com;0609280864;;44.9100265;2.4363331;2026;Classique | Contemporain | Hip Hop | Jazz;Classique | Ateliers de création | Contemporain | Danses hip-hop | Modern jazz | Jazz;https://www.ffdanse.fr/structures/370-ecole-de-danse-arabesque;370-ecole-de-danse-arabesque
Ecole de Danse Arabesque;affiliated;AFFILIATED_STRUCTURE;10 rue du Docteur PRAUX;44530;ST GILDAS DES BOIS;arabesquestgildas@yahoo.fr;9999999999;https://arabesque_danse.sportsregions.fr/;47.5174366;-2.0374635;2026;Classique | Eveil à la Danse | Jazz | Regards chorégraphiques | Contemporain | Hip Hop | Street Dance;Classique | Modern jazz | Jazz | Ateliers de création | Contemporain | Danses hip-hop;https://www.ffdanse.fr/structures/930-ecole-de-danse-arabesque;930-ecole-de-danse-arabesque
Ecole de danse Aubagnaise;affiliated;AFFILIATED_STRUCTURE;135 bd marcel pagnol;13400;aubagne;ecolededanseaubagnaise@gmail.com;0685944506;https://www.ecolededanseaubagne.fr/;43.2964377;5.5702286;2026;Classique | Contemporain | Hip Hop | Jazz;Classique | Ateliers de création | Contemporain | Danses hip-hop | Modern jazz | Jazz;https://www.ffdanse.fr/structures/299-ecole-de-danse-aubagnaise;299-ecole-de-danse-aubagnaise
ECOLE DE DANSE AURELIE MENUET;affiliated;AFFILIATED_STRUCTURE;3 RUE PASTEUR, 56000;56000;Vannes;ecole_de_danse_vannes@yahoo.fr;0661510355;;47.6552778;-2.7621619;2026;Classique | Contemporain | Jazz;Classique | Ateliers de création | Contemporain | Modern jazz | Jazz;https://www.ffdanse.fr/structures/6257-ecole-de-danse-aurelie-menuet;6257-ecole-de-danse-aurelie-menuet
Ecole de Danse Carlos;affiliated;AFFILIATED_STRUCTURE;6 rue François Thomières 81100 CASTRES;81100;CASTRES;nathalie.monsarrat@orange.fr;0563725270;;43.5996688;2.2395562;2026;Autres Danses | Country And Line | Dix Danses | Eveil à la Danse | Hip Hop | Latines | Lindy Hop | OLD : Salsa, Bachata, Kizomba | Societe | Standards | West Coast Swing | ancien nom à supprimer;Country & line | Danses latines | Danses standards | Danses hip-hop | Lindy hop | Salsa | Bachata | Danses de salon | West Coast Swing;https://www.ffdanse.fr/structures/1657-ecole-de-danse-carlos;1657-ecole-de-danse-carlos
Ecole de danse CARREL;affiliated;AFFILIATED_STRUCTURE;ZAC LAZZARO 14 rue de l'Europe;14460;colombelles;c.carrel@wanadoo.fr;0678216304;;49.1946028;-0.288993;2026;Country And Line | Dix Danses | Latines | Rock et DA | Rock'n'Roll | Salsa | Societe | Standards;Country & line | Danses latines | Danses standards | Rock sauté | Rock'n'roll | Salsa | Danses de salon;https://www.ffdanse.fr/structures/362-ecole-de-danse-carrel;362-ecole-de-danse-carrel
Ecole de danse Christelle Marillier;recently_disaffiliated;UNAFFILIATED_STRUCTURE;50 rue Eugène Boudin 30 rue des Oeillets;76610;LE HAVRE;marillierc@free.fr;0235515097;;0;0;;;;https://www.ffdanse.fr/structures/1516-ecole-de-danse-christelle-marillier;1516-ecole-de-danse-christelle-marillier
Ecole de Danse Claire Mahot;affiliated;AFFILIATED_STRUCTURE;27, rue de la Roseraie;28000;Chartres;clairemahot@hotmail.fr;0687387726;;48.4579656;1.4806274;2026;Barre au Sol | Classique | Contemporain;Barre au sol classique | Barre au sol contemporaine | Classique | Ateliers de création | Contemporain;https://www.ffdanse.fr/structures/4914-ecole-de-danse-claire-mahot;4914-ecole-de-danse-claire-mahot
Ecole de danse classique Eliane Fiévé;affiliated;AFFILIATED_STRUCTURE;Place du Général de Gaulle;62138;VIOLAINES;contact@danseclassiquesviolaines.fr;0650121346;https://www.danseclassiqueviolaines.fr;50.5397481;2.7876377;2026;Autres Danses | Classique;Classique;https://www.ffdanse.fr/structures/1208-ecole-de-danse-classique-eliane-fieve;1208-ecole-de-danse-classique-eliane-fieve
Ecole de Danse Classique Galatée;recently_disaffiliated;UNAFFILIATED_STRUCTURE;Rue Saint Eloi, Mairie;35360;MONTAUBAN DE BRETAGNE;assogalatee.bureau@gmail.com;0783465287;;48.1994689;-2.0483411;2026;Classique | Eveil à la Danse;Classique;https://www.ffdanse.fr/structures/4253-ecole-de-danse-classique-galatee;4253-ecole-de-danse-classique-galatee
Ecole de danse classique Monique BAZAN;affiliated;AFFILIATED_STRUCTURE;10 Rue Charles Renouvier;66500;PRADES;ecolededanseclassiquem.bazan@gmail.com;0787621098;danseclassique66.fr;42.6173727;2.4209834;2026;Barre au Sol | Classique;Barre au sol classique | Barre au sol contemporaine | Classique;https://www.ffdanse.fr/structures/3716-ecole-de-danse-classique-monique-bazan;3716-ecole-de-danse-classique-monique-bazan
Ecole de danse Colmard Gache;affiliated;AFFILIATED_STRUCTURE;32 rue des Rotondes;71880;CHATENOY LE ROYAL;dansecolmard@gmail.com;0660742789;danse-colmard.com;46.7922675;4.8240701;2026;Africaine | Bachata | Bollywood | Cabaret | Claquettes | Contemporain | Danse en solo Latine | Danses Solo | Dix Danses | Eveil à la Danse | Flamenco | Hip Hop | Indienne | Kizomba | Latines | Latino Caraibes | Lindy Hop | Orientale | Rock | Rock Saute | Rock et DA | Rock'n'Roll | Salsa | Societe | Solo Team Lat / Std | Standards | West Coast Swing | Zumba;Danses ethniques | Bachata | Cabaret | Claquettes | Ateliers de création | Contemporain | Danses latines | Danses standards | Flamenco | Danses hip-hop | Kizomba | Danses latino-caraïbes | Lindy hop | Rock'n'roll | Rock sauté | Salsa | Danses de salon | West Coast Swing | Zumba;https://www.ffdanse.fr/structures/1422-ecole-de-danse-colmard-gache;1422-ecole-de-danse-colmard-gache
Ecole de danse Cécile Adamow;affiliated;AFFILIATED_STRUCTURE;31 route de Strasbourg;67610;La Wantzenau;ecolececileadamow@gmail.com;0628692257;www.ecolececileadamow.fr;48.640966;7.78951;2026;Classique | Jazz;Classique | Modern jazz | Jazz;https://www.ffdanse.fr/structures/5413-ecole-de-danse-cecile-adamow;5413-ecole-de-danse-cecile-adamow
Ecole de danse d'Iteuil;affiliated;AFFILIATED_STRUCTURE;7 rue des Lilas chez Mme Etienne;86370;Marigny chemereau;iteuildanse@gmail.com;0609967328;;46.424929;0.214123;2026;Hip Hop | Jazz groupe;Danses hip-hop;https://www.ffdanse.fr/structures/1799-ecole-de-danse-d-iteuil;1799-ecole-de-danse-d-iteuil
ECOLE DE DANSE DANY LAYS;affiliated;AFFILIATED_STRUCTURE;7 rue André Maginot;38000;Grenoble;ecoledanylays@yahoo.fr;0476464061;https://www.dany-lays.fr/;45.1820842;5.7259217;2026;Boogie Woogie | Cabaret | Claquettes | Comedie Musicale | Country And Line | Danse Show | Danses Solo | Disco | Hip Hop | Jazz | Latines | Lindy Hop | New Style | Regards chorégraphiques | Rock | Rock Acrobatique | Rock Formation | Rock Saute | Rock'n'Roll | Salsa | Standards | Street Dance | Tango Argentin | Transversal;Boogie-Woogie | Cabaret | Claquettes | Comédie musicale | Country & line | Disco | Danses hip-hop | Modern jazz | Jazz | Danses latines | Lindy hop | Ateliers de création | Contemporain | Rock'n'roll | Rock acrobatique | Rock sauté | Salsa | Danses standards | Tango argentin;https://www.ffdanse.fr/structures/5720-ecole-de-danse-dany-lays;5720-ecole-de-danse-dany-lays
ECOLE DE DANSE DE FOURAS;affiliated;AFFILIATED_STRUCTURE;AVENUE DU TREUIL, ESPACE GAZIN;17450;FOURAS;ecolededansedefouras@gmail.com;0611355344;;45.9898745;-1.0875792;2026;Afro-contemporaine | Bachata | Classique | Country And Line | Eveil à la Danse | Hip Hop | Jazz | Latines | Pilates | Rock | Salsa | Societe | Street Dance | Zumba;Afro-jazz | Bachata | Classique | Country & line | Danses hip-hop | Modern jazz | Jazz | Danses latines | Rock'n'roll | Salsa | Danses de salon | Zumba;https://www.ffdanse.fr/structures/4703-ecole-de-danse-de-fouras;4703-ecole-de-danse-de-fouras
Ecole de danse de Garéoult;affiliated;AFFILIATED_STRUCTURE;951, chemin des Cadenières;83136;GAREOULT;ecolededansegareoult@gmail.com;0688567927;https://ecolededansegareoult.fr/;43.3381124;6.0600158;2026;Cabaret | Classique | Contemporain | Eveil à la Danse | Hip Hop | Jazz | Latines | Pole Dance | Ragga | Standards | Street Dance;Cabaret | Classique | Ateliers de création | Contemporain | Danses hip-hop | Modern jazz | Jazz | Danses latines | Pole dance | Danses standards;https://www.ffdanse.fr/structures/4163-ecole-de-danse-de-gareoult;4163-ecole-de-danse-de-gareoult
Ecole de danse de Grézillac;recently_disaffiliated;UNAFFILIATED_STRUCTURE;Mairie de Grézillac  1, le Bourg, 558 Route des Vignobles;33420;GREZILLAC;ecolededansedegrezillac@orange.fr;05 57 84 52 10;;44.8173224;-0.2177853;;;;https://www.ffdanse.fr/structures/706-ecole-de-danse-de-grezillac;706-ecole-de-danse-de-grezillac
Ecole de Danse de Lannion;affiliated;AFFILIATED_STRUCTURE;Park Nevez;22300;Lannion;ecolededansedelannion@orange.fr;0643322822;;48.72959;-3.439847;2026;Barre au Sol | Classique | Jazz;Barre au sol classique | Barre au sol contemporaine | Classique | Modern jazz | Jazz;https://www.ffdanse.fr/structures/4937-ecole-de-danse-de-lannion;4937-ecole-de-danse-de-lannion
Ecole de danse de Montpon Menesterol;affiliated;AFFILIATED_STRUCTURE;8 bis rue de Verdun;24700;Montpon;ecoledanse_montpon@yahoo.fr;0787762474;;45.0086973;0.1599804;2026;Classique | Contemporain | Eveil à la Danse | Orientale;Classique | Ateliers de création | Contemporain | Danses ethniques;https://www.ffdanse.fr/structures/438-ecole-de-danse-de-montpon-menesterol;438-ecole-de-danse-de-montpon-menesterol
ECOLE DE DANSE DE PERROS;affiliated;AFFILIATED_STRUCTURE;nantouar, 71,;22660;Trelevern;lise.lb@hotmail.fr;0627490794;;48.8045648;-3.379345;2026;Contemporain;Ateliers de création | Contemporain;https://www.ffdanse.fr/structures/6369-ecole-de-danse-de-perros;6369-ecole-de-danse-de-perros
Ecole de Danse de Plestin;affiliated;AFFILIATED_STRUCTURE;7 PL D'AUVELAIS;22310;Plestin-les-Grèves;danse.plestin@gmail.com;0676800173;;48.6534849;-3.6309716;2026;Jazz;Modern jazz | Jazz;https://www.ffdanse.fr/structures/4072-ecole-de-danse-de-plestin;4072-ecole-de-danse-de-plestin
Ecole de danse de Saint Christol Lez Alès;affiliated;AFFILIATED_STRUCTURE;Maison Pour Tous - Place du Millénaire;30380;SAINT CRHISTOL LEZ ALES;brunat@hotmail.fr;0613355440;https://www.facebook.com/ecolededansestchristol/;44.0829491;4.0780829;2026;Africaine | Autres Danses | Cabaret | Claquettes | Classique | Comedie Musicale | Contemporain | Hip Hop | Jazz | Orientale;Danses ethniques | Cabaret | Claquettes | Classique | Comédie musicale | Ateliers de création | Contemporain | Danses hip-hop | Modern jazz | Jazz;https://www.ffdanse.fr/structures/567-ecole-de-danse-de-saint-christol-lez-ales;567-ecole-de-danse-de-saint-christol-lez-ales
Ecole de danse de Saint-Mard et de la Goële;affiliated;AFFILIATED_STRUCTURE;Mairie de Saint-Mard;77230;SAINT MARD;ecolededanse.saintmard77@gmail.com;0673467680;https://www.ecolededansesaintmard77.fr;49.0374864;2.694222;2026;Classique | Contemporain | Jazz;Classique | Ateliers de création | Contemporain | Modern jazz | Jazz;https://www.ffdanse.fr/structures/1556-ecole-de-danse-de-saint-mard-et-de-la-goele;1556-ecole-de-danse-de-saint-mard-et-de-la-goele
ECOLE DE DANSE DE SILLE;affiliated;AFFILIATED_STRUCTURE;MAIRIE;72140;SILLE LE GUILLAUME;ecole.danse.sille@gmail.com;0783939591;https://www.ecole-de-danse-sille.fr/;48.1831837;-0.1275463;2026;Eveil à la Danse | Jazz | Latines | Street Dance | Breaking;Modern jazz | Jazz | Danses latines | Danses hip-hop | Breaking;https://www.ffdanse.fr/structures/4337-ecole-de-danse-de-sille;4337-ecole-de-danse-de-sille
Ecole de danse de Vayres;affiliated;AFFILIATED_STRUCTURE;78 avenue de Libourne;33870;VAYRES;ecoledansevayres@gmail.com;0652929142;;44.8974433;-0.3149776;2026;Contemporain | Jazz;Ateliers de création | Contemporain | Modern jazz | Jazz;https://www.ffdanse.fr/structures/670-ecole-de-danse-de-vayres;670-ecole-de-danse-de-vayres
ECOLE DE DANSE DU CORMIER;affiliated;AFFILIATED_STRUCTURE;Place de la Mairie, Mairie;35140;SAINT AUBIN DU CORMIER;bureaudansesaintaubin@gmail.com;0610100817;danse-staubinducormier.fr;48.260177;-1.398874;2026;Classique | Hip Hop | Jazz;Classique | Danses hip-hop | Modern jazz | Jazz;https://www.ffdanse.fr/structures/6032-ecole-de-danse-du-cormier;6032-ecole-de-danse-du-cormier
ECOLE DE DANSE DU LUDE;affiliated;AFFILIATED_STRUCTURE;MAIRIE place François de Nicolay;72800;LE LUDE;danselelude@gmail.com;0630385505;edd-lelude.wixsite.com/accueil;47.6468982;0.1568504;2026;Barre au Sol | Contemporain | Eveil à la Danse | Jazz | Street Dance | Zumba;Barre au sol classique | Barre au sol contemporaine | Ateliers de création | Contemporain | Modern jazz | Jazz | Danses hip-hop | Zumba;https://www.ffdanse.fr/structures/2897-ecole-de-danse-du-lude;2897-ecole-de-danse-du-lude
Ecole de Danse du Pays Viarmois;affiliated;AFFILIATED_STRUCTURE;Hôtel de Ville;95270;VIARMES;ecolededansedupaysviarmois@gmail.com;0615448645;;49.1259174;2.3686818;2026;Africaine | Barre au Sol | Classique | Contemporain | Eveil à la Danse | Hip Hop | Jazz;Danses ethniques | Barre au sol classique | Barre au sol contemporaine | Classique | Ateliers de création | Contemporain | Danses hip-hop | Modern jazz | Jazz;https://www.ffdanse.fr/structures/3168-ecole-de-danse-du-pays-viarmois;3168-ecole-de-danse-du-pays-viarmois
Ecole de danse Dutrey;affiliated;AFFILIATED_STRUCTURE;39 rue Massey;65000;TARBES;beatricedutrey@aol.com;0787532490;;43.237277;0.0738372;2026;Contemporain;Ateliers de création | Contemporain;https://www.ffdanse.fr/structures/1295-ecole-de-danse-dutrey;1295-ecole-de-danse-dutrey
Ecole de danse et d'essais;affiliated;AFFILIATED_STRUCTURE;3 rue des Fusillés;55100;VERDUN;cecilep2@yahoo.fr;0329860597;;49.1463593;5.3565352;2026;Claquettes | Classique;Claquettes | Classique;https://www.ffdanse.fr/structures/1066-ecole-de-danse-et-d-essais;1066-ecole-de-danse-et-d-essais
Ecole de danse et d'expression corporelle;affiliated;AFFILIATED_STRUCTURE;89, rue Roger Bouvry;59113;SECLIN;contact.danseseclin@gmail.com;0620599994;https://www.danse-seclin.fr/;50.544176;3.0238078;2026;Claquettes | Classique | Contemporain | Jazz;Claquettes | Classique | Ateliers de création | Contemporain | Modern jazz | Jazz;https://www.ffdanse.fr/structures/1125-ecole-de-danse-et-d-expression-corporelle;1125-ecole-de-danse-et-d-expression-corporelle
Ecole de danse In'Move Studio;affiliated;AFFILIATED_STRUCTURE;971 Avenue Georges Pompidou;12400;Saint-Affrique;inmove.studio971@gmail.com;0670759465;;43.9595174;2.8667681;2026;Cabaret | Classique | Contemporain | Eveil à la Danse | Jazz;Cabaret | Classique | Ateliers de création | Contemporain | Modern jazz | Jazz;https://www.ffdanse.fr/structures/5787-ecole-de-danse-in-move-studio;5787-ecole-de-danse-in-move-studio
Ecole de danse Isabelle Leuchi;affiliated;AFFILIATED_STRUCTURE;37 RUE DES CÔTEAUX DE PACY;27120;PACY SUR EURE;leuchisabelle10@orange.fr;0232363267;;49.0174238;1.391487;2026;Classique | Jazz;Classique | Modern jazz | Jazz;https://www.ffdanse.fr/structures/485-ecole-de-danse-isabelle-leuchi;485-ecole-de-danse-isabelle-leuchi
Ecole de Danse Jim PAVADE - KAHANE;affiliated;AFFILIATED_STRUCTURE;13 Rue Aurore;97438;Sainte-Marie;pavade.jim@orange.fr;+262692041324;;-20.9092227;55.5693129;2026;Bollywood | Breaking | Cabaret | Comedie Musicale | Contemporain | Country And Line | Dix Danses | Flamenco | Folklorique | Hip Hop | Indienne | Latines | Latino Caraibes | Orientale | Pole Dance | Rock'n'Roll | Societe | Standards | Tango Argentin | West Coast Swing | Bachata | Country Danse en ligne - DL | Country Ecriture Choregraphique - EC | Danse en solo Latine | Kizomba | Krump | Lindy Hop | Salsa | Solo Team Lat / Std | Street Dance | Teams SBK;Danses ethniques | Breaking | Cabaret | Comédie musicale | Ateliers de création | Contemporain | Country & line | Danses latines | Danses standards | Flamenco | Danses traditionnelles | Danses hip-hop | Danses latino-caraïbes | Pole dance | Rock'n'roll | Danses de salon | Tango argentin | West Coast Swing | Bachata | Kizomba | Lindy hop | Salsa;https://www.ffdanse.fr/structures/2732-ecole-de-danse-jim-pavade-kahane;2732-ecole-de-danse-jim-pavade-kahane
Ecole de Danse Laure Guerin;affiliated;AFFILIATED_STRUCTURE;place Claude Wormser;03000;AVERMES;laure.danse@hotmail.fr;0616843142;;46.58755;3.307584;2026;Classique | Eveil à la Danse | Hip Hop | Jazz;Classique | Danses hip-hop | Modern jazz | Jazz;https://www.ffdanse.fr/structures/4661-ecole-de-danse-laure-guerin;4661-ecole-de-danse-laure-guerin
Ecole de danse Laurent Françon;affiliated;AFFILIATED_STRUCTURE;40 rue de Marclan;31600;MURET;laurent.francon@ecole-danse-francon.com;0534465843;;43.4812603;1.3328358;2026;Classique | Dix Danses | Hip Hop | Latines | Standards;Classique | Danses latines | Danses standards | Danses hip-hop;https://www.ffdanse.fr/structures/606-ecole-de-danse-laurent-francon;606-ecole-de-danse-laurent-francon
Ecole de danse MAM;affiliated;AFFILIATED_STRUCTURE;parc le Félibrige villa Mireille 74 rue henri Tomasi;13009;Marseille;lecole@classedanse-muller.net;0681147463;www.classedanse-muller.net;43.2481725;5.4015428;2026;Barre au Sol | Breaking | Classique | Contemporain | Danse Inclusive | Eveil à la Danse | Hip Hop | Jazz | New Style | Regards chorégraphiques | Street Dance;Barre au sol classique | Barre au sol contemporaine | Breaking | Classique | Ateliers de création | Contemporain | Danses hip-hop | Modern jazz | Jazz;https://www.ffdanse.fr/structures/256-ecole-de-danse-mam;256-ecole-de-danse-mam
Ecole de danse Meraki;affiliated;AFFILIATED_STRUCTURE;1208 VIEILLE ROUTE DE GRASSE;83300;DRAGUIGNAN;ecolededanse.meraki@gmail.com;0762818954;https://www.ecolededansedraguignan-meraki.com;43.5414838;6.4812751;2026;Contemporain | Jazz;Ateliers de création | Contemporain | Modern jazz | Jazz;https://www.ffdanse.fr/structures/5261-ecole-de-danse-meraki;5261-ecole-de-danse-meraki
ECOLE DE DANSE NICOLAS DESMARIS;affiliated;AFFILIATED_STRUCTURE;27 ROUTE DE BOURG;01340;MALAFRETAZ;caroline.desmaris@orange.fr;0689868762;;46.320241;5.1389565;2026;Afro-contemporaine | Bachata | Bachata Team Couple | Bachata Team Styling | Barre au Sol | Bollywood | Boogie Formation | Boogie Juniors | Boogie Main Class | Boogie Rising Star | Boogie Seniors | Boogie Woogie | Boogie Woogie Fédéral | Breaking | Cabaret | Claquettes | Comedie Musicale | Contemporain | Danse Inclusive | Danse Show | Danse Verticale | Danse aérienne | Danse en solo Latine | Danse en solo Latine NON | Danse en solo Standard | Danse en solo Standard NON | Danses Solo | Disco | Dix Danses | Duo bachata Shines | Duo salsa Shines | Eveil à la Danse | Formation Rock Girls | Formation Rock Juniors | Formation Rock Ladies | Formation Rock Main Class | Formation Rock Main Class Quattro | Hip Hop | House | Jazz | Jazz duo | Jazz groupe | Kizomba | Kizomba Chorégraphie | Kizomba Improvisation Traditionnelle | Kizomba Improvisation Urban | Krump | Latines | Latino Caraibes | Lindy Hop | Lindy Hop Fédéral | Lindy Hop Junior | Lindy Hop Main Class | Lindy Hop Senior 1 | Lindy Hop Senior 2 | Lindy Hop Show case | Locking | New Style | OLD : Salsa, Bachata, Kizomba | Orientale | Parapole Artistique | Parapole sport | Pilates | Pole Dance | Pole Sport | Poping | Ragga | Regards chorégraphiques | Rock | Rock Acrobatique | Rock Acrobatique Fédéral | Rock Artistique Fédéral | Rock Children | Rock Couple Dance Show | Rock Formation | Rock Juniors | Rock Juveniles | Rock Main Class Contact Style | Rock Main Class Free Style | Rock Saute | Rock et DA | Rock'n Roll Fédéral | Rock'n'Roll | Salsa | Salsa Team Couple | Salsa Team Styling | Show Dance Latine | Show Dance Standard | Show Latino Caraïbe | Small Formation Rock Ladies | Small formation Rock Girls | Societe | Solo Team Lat / Std | Standards | Street Dance | Tango Argentin | Teams SBK | West Coast Swing | Zumba | Transversal;Afro-jazz | Bachata | Barre au sol classique | Barre au sol contemporaine | Danses ethniques | Boogie-Woogie | Breaking | Cabaret | Claquettes | Comédie musicale | Ateliers de création | Contemporain | Disco | Danses aériennes | Danses latines | Danses standards | Danses hip-hop | Modern jazz | Jazz | Kizomba | Danses latino-caraïbes | Lindy hop | Salsa | Pole dance | Pole sport | Rock'n'roll | Rock acrobatique | Rock sauté | Danses de salon | Tango argentin | West Coast Swing | Zumba;https://www.ffdanse.fr/structures/2353-ecole-de-danse-nicolas-desmaris;2353-ecole-de-danse-nicolas-desmaris
Ecole de danse Noisy le Roi Bailly;affiliated;AFFILIATED_STRUCTURE;mairie de Noisy le Roi;78590;Noisy le Roi;contact@ednb.fr;0672916526;;48.8439161;2.0647169;2026;Contemporain | Transversal;Ateliers de création | Contemporain;https://www.ffdanse.fr/structures/1631-ecole-de-danse-noisy-le-roi-bailly;1631-ecole-de-danse-noisy-le-roi-bailly
Ecole de danse Patricia Maestri;affiliated;AFFILIATED_STRUCTURE;13 av E. D'Alzon, Hôtel de la Condamine;30 120;Le Vigan;maestri.patricia20@orange.fr;0616975208;;43.9922284;3.6079442;2026;Classique | Contemporain | Hip Hop | Jazz;Classique | Ateliers de création | Contemporain | Danses hip-hop | Modern jazz | Jazz;https://www.ffdanse.fr/structures/574-ecole-de-danse-patricia-maestri;574-ecole-de-danse-patricia-maestri
ECOLE DE DANSE TOURBILLONS;affiliated;AFFILIATED_STRUCTURE;2 RUE DES VIGNES;91680;BRUYERES-LE-CHATEL;danse.tourbillons@gmail.com;0649084281;Ecolededansetourbillons;48.593414;2.1924732;2026;Cabaret | Eveil à la Danse | Hip Hop | Indienne | Jazz | Orientale | Transversal | Zumba;Cabaret | Danses hip-hop | Danses ethniques | Modern jazz | Jazz | Zumba;https://www.ffdanse.fr/structures/3680-ecole-de-danse-tourbillons;3680-ecole-de-danse-tourbillons
Ecole de danse Zig Zag;affiliated;AFFILIATED_STRUCTURE;31 rue des Boisseliers;30610;SAUVE;contact@zigzag-danse.fr;0688213863;www.zigzag-danse.fr;43.9433719;3.94807;2026;Africaine | Afro-caribéennes | Afro-contemporaine | Autres Danses | Autres Danses Du Monde | Barre au Sol | Contemporain | Hip Hop | Jazz | Jazz duo | Jazz groupe | Latines | Street Dance;Danses ethniques | Afro-jazz | Barre au sol classique | Barre au sol contemporaine | Ateliers de création | Contemporain | Danses hip-hop | Modern jazz | Jazz | Danses latines;https://www.ffdanse.fr/structures/6267-ecole-de-danse-zig-zag;6267-ecole-de-danse-zig-zag
Ecole de danse Éclosion;affiliated;AFFILIATED_STRUCTURE;172 chemin de Mendi Alde;64240;Hasparren;eclosion64@gmail.com;0607421116;;43.381095;-1.316292;2026;Bachata | Bachata Team Styling | Barre au Sol | Comedie Musicale | Contemporain | Danse Verticale | Danse aérienne | Danse en solo Latine | Danse en solo Standard | Eveil à la Danse | Jazz | Kizomba | Latines | Pole Dance | Salsa | Street Dance;Bachata | Barre au sol classique | Barre au sol contemporaine | Comédie musicale | Ateliers de création | Contemporain | Danses aériennes | Modern jazz | Jazz | Kizomba | Danses latines | Pole dance | Salsa | Danses hip-hop;https://www.ffdanse.fr/structures/5876-ecole-de-danse-eclosion;5876-ecole-de-danse-eclosion
Ecole de musique et de danse;affiliated;AFFILIATED_STRUCTURE;Mairie d'Etrepagny rue du Maréchal Foch;27150;ETREPAGNY;ecole.musique.etrepagny@gmail.com;0232551593;;49.3055948;1.6117144;2026;Autres Danses | Classique | Disco | Eveil à la Danse | Jazz;Classique | Disco | Modern jazz | Jazz;https://www.ffdanse.fr/structures/502-ecole-de-musique-et-de-danse;502-ecole-de-musique-et-de-danse
Ecole de musique et de danse intercommunal de Pont de l'Arche;affiliated;AFFILIATED_STRUCTURE;19 rue Maurice Delamare;27340;Pont de l'Arche;rea-pontdelarche@seine-eure.com;0232980099;;49.3027869;1.1576956;2026;Classique | Jazz;Classique | Modern jazz | Jazz;https://www.ffdanse.fr/structures/515-ecole-de-musique-et-de-danse-intercommunal-de-pont-de-l-arche;515-ecole-de-musique-et-de-danse-intercommunal-de-pont-de-l-arche
ECOLE DE MUSIQUE ET DES ARTS DES HAUTS DE GIRONDE;affiliated;AFFILIATED_STRUCTURE;1 pl de l'église;33920;ST CHRISTOLY DE BLAYE;ecoledesarts.hdg@gmail.com;0635307564;;45.1302795;-0.5090735;2026;Classique | Jazz;Classique | Modern jazz | Jazz;https://www.ffdanse.fr/structures/676-ecole-de-musique-et-des-arts-des-hauts-de-gironde;676-ecole-de-musique-et-des-arts-des-hauts-de-gironde
Ecole de Musique Intercommunale du Pays de Guise;recently_disaffiliated;UNAFFILIATED_STRUCTURE;22, Rue Gaston Godon, Ecole de Musique;02120;GUISE;emiguise@hotmail.com;0323687326;https://emipg.opentalent.fr/;49.907494;3.6270162;;;;https://www.ffdanse.fr/structures/5263-ecole-de-musique-intercommunale-du-pays-de-guise;5263-ecole-de-musique-intercommunale-du-pays-de-guise
Ecole de pole dance et danse;affiliated;AFFILIATED_STRUCTURE;1 rue Mano Wells, Résidence Horizon Corail, lot b1;97150;SAINT MARTIN;contact@thevibepoledance.com;+590690228398;www.thevibepoledance.com;18.0708298;-63.0500809;2026;Barre au Sol | Pilates | Pole Dance | Pole Sport | Street Dance;Barre au sol classique | Barre au sol contemporaine | Pole dance | Pole sport | Danses hip-hop;https://www.ffdanse.fr/structures/6307-ecole-de-pole-dance-et-danse;6307-ecole-de-pole-dance-et-danse
ECOLE DES DANSES COMPAGNIE;affiliated;AFFILIATED_STRUCTURE;126 impasse Lavoisier zac l'estagnol, La Moutonne;83260;La Crau;secci.claude@wanadoo.fr;0680343566;ecoledesdanses.fr;43.147764;6.073127;2026;Barre au Sol | Cabaret | Classique | Comedie Musicale | Contemporain | Hip Hop | Jazz | Latines | Orientale | Pole Dance | Ragga | Street Dance | Zumba;Barre au sol classique | Barre au sol contemporaine | Cabaret | Classique | Comédie musicale | Ateliers de création | Contemporain | Danses hip-hop | Modern jazz | Jazz | Danses latines | Danses ethniques | Pole dance | Zumba;https://www.ffdanse.fr/structures/2650-ecole-des-danses-compagnie;2650-ecole-des-danses-compagnie
Ecole du Sous Sol/Studio 57;affiliated;AFFILIATED_STRUCTURE;Plan d'eau des Ferreols;04000;Digne les Bains;ecoledusoussol@gmail.com;0492315180;www.ecoledusoussol.com;44.0794715;6.213371;2026;Bollywood | Breaking | Cabaret | Classique | Contemporain | Danse en solo Latine | Hip Hop | Jazz | Orientale | Salsa | Street Dance | Zumba;Danses ethniques | Breaking | Cabaret | Classique | Ateliers de création | Contemporain | Danses hip-hop | Modern jazz | Jazz | Salsa | Zumba;https://www.ffdanse.fr/structures/3465-ecole-du-sous-sol-studio-57;3465-ecole-du-sous-sol-studio-57
Ecole du spectacle Petits Pas;affiliated;AFFILIATED_STRUCTURE;Rue Martin Luther King, Maison Des Arts;50470;CHERBOURG EN COTENTIN;contact@aespetitpas.fr;0602060310;https://www.aespetitpas.fr/;49.6141283;-1.6015827;2026;Claquettes | Classique | Contemporain | Hip Hop | Jazz | Street Dance;Claquettes | Classique | Ateliers de création | Contemporain | Danses hip-hop | Modern jazz | Jazz;https://www.ffdanse.fr/structures/1033-ecole-du-spectacle-petits-pas;1033-ecole-du-spectacle-petits-pas
Ecole k'DANSE;affiliated;AFFILIATED_STRUCTURE;7 B, rue Montaigne;97430;Le Tampon;ecolekdanse974@gmail.com;0692 24 95 81;;-21.2637534;55.4919467;2026;Cabaret | Claquettes | Classique | Comedie Musicale | Contemporain | Eveil à la Danse | Jazz | New Style | Regards chorégraphiques;Cabaret | Claquettes | Classique | Comédie musicale | Ateliers de création | Contemporain | Modern jazz | Jazz | Danses hip-hop;https://www.ffdanse.fr/structures/2676-ecole-k-danse;2676-ecole-k-danse
ECOLE MUNICIPALE DANSE GYMNASTIQUE RYTHMIQUE ARTS CHOREGRAPHIQUES;affiliated;AFFILIATED_STRUCTURE;8, place de l'église, SERVICE E.M.D.G.R.A.C / P LE JEAN MAIRIE DE CHOISY LE ROI, BP N 208 CHOISY LE ROI;94603;CHOISY LE ROI;patricia.lejean@choisyleroi.fr;0608629554;;48.765941;2.40712;2026;Autres Danses | Autres Danses Du Monde | Barre au Sol | Classique | Danse Historique | Danse Inclusive | Danses Solo | Disco | Eveil à la Danse | Folklorique | Jazz | New Style | Regards chorégraphiques | Transversal;Danses ethniques | Barre au sol classique | Barre au sol contemporaine | Classique | Danse historique | Disco | Danses traditionnelles | Modern jazz | Jazz | Danses hip-hop | Ateliers de création | Contemporain;https://www.ffdanse.fr/structures/5409-ecole-municipale-danse-gymnastique-rythmique-arts-choregraphiques;5409-ecole-municipale-danse-gymnastique-rythmique-arts-choregraphiques
Ecole municipale de danse;affiliated;AFFILIATED_STRUCTURE;mairie  rue jules ferry;24110;saint astier;marie.mans-gouissem@saint-astier.fr;0553024280;;45.1452154;0.527746;2026;Africaine | Autres Danses | Classique | Contemporain | Eveil à la Danse | Hip Hop | Jazz;Danses ethniques | Classique | Ateliers de création | Contemporain | Danses hip-hop | Modern jazz | Jazz;https://www.ffdanse.fr/structures/462-ecole-municipale-de-danse;462-ecole-municipale-de-danse
Ecole municipale de musique et de danse;affiliated;AFFILIATED_STRUCTURE;Mairie - 21 rue de Paris;95500;LE THILLAY;nlhomme@mairie-le-thillay.fr;0666019435;;49.0020313;2.487461;2026;Classique | Jazz;Classique | Modern jazz | Jazz;https://www.ffdanse.fr/structures/1966-ecole-municipale-de-musique-et-de-danse;1966-ecole-municipale-de-musique-et-de-danse
ECOLE MUNICIPALE DE MUSIQUE ET DE DANSE;recently_disaffiliated;UNAFFILIATED_STRUCTURE;71 RUE DES PEUPLIERS;62230;OUTREAU;ecolededanse@ville-outreau.fr;0321322792;;50.6997226;1.5865328;;;;https://www.ffdanse.fr/structures/4356-ecole-municipale-de-musique-et-de-danse;4356-ecole-municipale-de-musique-et-de-danse
Ecole Municipale de Musique, Danse et Théâtre;affiliated;AFFILIATED_STRUCTURE;2, place de l'hotel de ville, Mairie;44118;LA CHEVROLIERE;ecolemusique@mairie-lachevroliere.fr;02.40.13.30.00;;47.094201;-1.612352;2026;Jazz;Modern jazz | Jazz;https://www.ffdanse.fr/structures/6017-ecole-municipale-de-musique-danse-et-theatre;6017-ecole-municipale-de-musique-danse-et-theatre
Ecole municipale de musique, danse et théätre;affiliated;AFFILIATED_STRUCTURE;EMMTD Ecole municipale de musique, danse et théâtre Le Chäteau;13790;Chateaneuf le rouge;mforveille@chateauneuflerouge.fr;0623383643;;43.4900809;5.5664541;2026;Classique | Contemporain | Hip Hop | Jazz;Classique | Ateliers de création | Contemporain | Danses hip-hop | Modern jazz | Jazz;https://www.ffdanse.fr/structures/334-ecole-municipale-de-musique-danse-et-theaetre;334-ecole-municipale-de-musique-danse-et-theaetre
ECOLE MUSIQUE ET DANSE LA BERNERIE-EN-RETZ;recently_disaffiliated;UNAFFILIATED_STRUCTURE;16, rue Georges Clémenceau  - Mairie,, Mairie;44760;La Bernerie en Retz;emab44@gmail.com;0240212572;https://www.musiquedansebernerie.com/;47.0813971;-2.0382749;2026;Classique | Contemporain | Eveil à la Danse | Jazz;Classique | Ateliers de création | Contemporain | Modern jazz | Jazz;https://www.ffdanse.fr/structures/3977-ecole-musique-et-danse-la-bernerie-en-retz;3977-ecole-musique-et-danse-la-bernerie-en-retz
Ecole Professionnelle des Arts de la Scène;affiliated;AFFILIATED_STRUCTURE;1 rue Bel Air;71000;MACON;epas.contact@gmail.com;0613090659;www.epas.pro;46.3134082;4.8286896;2026;Afro-contemporaine | Cabaret | Claquettes | Classique | Comedie Musicale | Contemporain | Hip Hop | Jazz | Locking | Poping;Afro-jazz | Cabaret | Claquettes | Classique | Comédie musicale | Ateliers de création | Contemporain | Danses hip-hop | Modern jazz | Jazz;https://www.ffdanse.fr/structures/115-ecole-professionnelle-des-arts-de-la-scene;115-ecole-professionnelle-des-arts-de-la-scene
EDMG;affiliated;AFFILIATED_STRUCTURE;846 route du moulin, 71500;71500;Vincelles;marleneguigon@laposte.net;0624375473;;46.6165047;5.2683327;2026;Classique | Jazz;Classique | Modern jazz | Jazz;https://www.ffdanse.fr/structures/3973-edmg;3973-edmg
EFREESTYLE;affiliated;AFFILIATED_STRUCTURE;30 avenue de la république;94800;VILLEJUIF;efreestyle.efrei@gmail.com;0651697072;;;;2026;Africaine | Breaking | Contemporain | Hip Hop | Jazz | Rock | Rock Acrobatique | Street Dance;Danses ethniques | Breaking | Ateliers de création | Contemporain | Danses hip-hop | Modern jazz | Jazz | Rock'n'roll | Rock acrobatique;https://www.ffdanse.fr/structures/4859-efreestyle;4859-efreestyle
EI Emeline Jotte;affiliated;AFFILIATED_STRUCTURE;13 rue des artisans;15130;SANSAC DE MARMIESSE;jotteemeline@neuf.fr;0771003849;https://www.facebook.com/jempolepassion;44.8891784;2.3741475;2026;Cabaret | Contemporain | Danse aérienne | Jazz | Pole Dance | Pole Sport;Cabaret | Ateliers de création | Contemporain | Danses aériennes | Modern jazz | Jazz | Pole dance | Pole sport;https://www.ffdanse.fr/structures/5774-ei-emeline-jotte;5774-ei-emeline-jotte
ELAN 2000 DANSE;affiliated;AFFILIATED_STRUCTURE;23 rue de Mauves;44470;THOUARE SUR LOIRE;elan2000danse@gmail.com;0749359355;www.elan2000danse.com;;;2026;Classique | Eveil à la Danse | Hip Hop | Jazz | Latines | Orientale | Regards chorégraphiques | Societe | Standards | Zumba;Classique | Danses hip-hop | Modern jazz | Jazz | Danses latines | Danses ethniques | Ateliers de création | Contemporain | Danses de salon | Danses standards | Zumba;https://www.ffdanse.fr/structures/3938-elan-2000-danse;3938-elan-2000-danse
Elan C;affiliated;AFFILIATED_STRUCTURE;2 avenue centrale;04160;Château-Arnoux;elanc04@gmail.com;0689600373;assoelanc.fr;44.0989581;6.0088831;2026;Classique | Contemporain | Hip Hop | Jazz;Classique | Ateliers de création | Contemporain | Danses hip-hop | Modern jazz | Jazz;https://www.ffdanse.fr/structures/134-elan-c;134-elan-c
ELAN DANSE;affiliated;AFFILIATED_STRUCTURE;71 rue Principale;33820;Etauliers;elandanse33@gmail.com;0629932865;;45.2254086;-0.5733635;2026;Classique | Contemporain | Jazz;Classique | Ateliers de création | Contemporain | Modern jazz | Jazz;https://www.ffdanse.fr/structures/4658-elan-danse;4658-elan-danse
Elle et Lui;affiliated;AFFILIATED_STRUCTURE;4 place de l'Europe;94140;Alfortville;cedric.meyer12@wanadoo.fr;0682968715;;48.7891116;2.4280397;2026;Danse en solo Latine | Danse en solo Standard | Dix Danses | Latines | Standards;Danses latines | Danses standards;https://www.ffdanse.fr/structures/1943-elle-et-lui;1943-elle-et-lui
Eloquence;recently_disaffiliated;UNAFFILIATED_STRUCTURE;1 avevue Maréchal de Lattre de Tassigny;11400;CASTELNAUDARY;eloquence.danse@gmail.com;0609991787;;43.3197169;1.9451004;2026;Autres Danses | Contemporain | Eveil à la Danse | Regards chorégraphiques;Ateliers de création | Contemporain;https://www.ffdanse.fr/structures/228-eloquence;228-eloquence
EM' Danse' n Co;affiliated;AFFILIATED_STRUCTURE;32 Rue des Rotondes;71880;CHATENOY LE ROYAL;emdansenco@gmail.com;0685294662;;;;2026;Africaine | Afro-caribéennes | Autres Danses | Bachata | Cabaret | Claquettes | Danses Solo | Eveil à la Danse | Hip Hop | Indienne | Kizomba | Latines | Latino Caraibes | OLD : Salsa, Bachata, Kizomba | Orientale | Rock et DA | Rock'n'Roll | Salsa | Societe | Standards | West Coast Swing | Zumba;Danses ethniques | Bachata | Cabaret | Claquettes | Danses hip-hop | Kizomba | Danses latines | Danses latino-caraïbes | Salsa | Rock sauté | Rock'n'roll | Danses de salon | Danses standards | West Coast Swing | Zumba;https://www.ffdanse.fr/structures/4872-em-danse-n-co;4872-em-danse-n-co
Embarca'Danse;affiliated;AFFILIATED_STRUCTURE;52 chemin des prés de la Grière;85360;La Tranche sur mer;embarcadanse@outlook.fr;0671399856;;46.3497921;-1.4117431;2026;Eveil à la Danse | Hip Hop | Jazz;Danses hip-hop | Modern jazz | Jazz;https://www.ffdanse.fr/structures/1781-embarca-danse;1781-embarca-danse
EMI DANCE STUDIO;affiliated;AFFILIATED_STRUCTURE;16, rue des Piboules;13770;VENELLES;ecole.emidancestudio@gmail.com;09 70 96 09 35;www.emidancestudio.com;43.5921274;5.4777543;2026;Classique | Contemporain | Hip Hop | Jazz;Classique | Ateliers de création | Contemporain | Danses hip-hop | Modern jazz | Jazz;https://www.ffdanse.fr/structures/2292-emi-dance-studio;2292-emi-dance-studio
EMIPOP;recently_disaffiliated;UNAFFILIATED_STRUCTURE;PLACE DE L'ABBAYE, EN MAIRIE;34160;ST GENIES DES MOURGUES;contact@emipop.fr;0675285752;www.emipop.fr;43.696616;4.03598;;;;https://www.ffdanse.fr/structures/6031-emipop;6031-emipop
EMPOWER DANCE MOVEMENT;recently_disaffiliated;UNAFFILIATED_STRUCTURE;146 rue francis de Préssensé;69100;VILLEURBANNE;empowerdancemovement@gmail.com;0623293639;;45.7713347;4.8814693;;;;https://www.ffdanse.fr/structures/6046-empower-dance-movement;6046-empower-dance-movement
EN ATTITUDE;affiliated;AFFILIATED_STRUCTURE;MAIRIE, place Gambetta;27220;SAINT ANDRE DE L'EURE;bureau@enattitude.fr;0661004919;www.enattitude.fr;48.9065161;1.2741127;2026;Jazz;Modern jazz | Jazz;https://www.ffdanse.fr/structures/5859-en-attitude;5859-en-attitude
En Corps Danse et Mouvement;affiliated;AFFILIATED_STRUCTURE;1422 rue de la haie;76230;bois-guillaume;encorps.mouvement@gmail.com;0676867679;;49.4678588;1.1164377;2026;Barre au Sol | Classique | Contemporain | Eveil à la Danse | Jazz;Barre au sol classique | Barre au sol contemporaine | Classique | Ateliers de création | Contemporain | Modern jazz | Jazz;https://www.ffdanse.fr/structures/6198-en-corps-danse-et-mouvement;6198-en-corps-danse-et-mouvement
En corps ensemble;affiliated;AFFILIATED_STRUCTURE;Place de l hôtel de ville, 46310;46310;ST GERMAIN DU BEL AIR;syl.emma4@orange.fr;0679253345;;44.646174;1.439248;2026;Bollywood | Cabaret | Disco | Latines | Orientale;Danses ethniques | Cabaret | Disco | Danses latines;https://www.ffdanse.fr/structures/5492-en-corps-ensemble;5492-en-corps-ensemble
En Huit Temps;affiliated;AFFILIATED_STRUCTURE;10 B Rue du Jouvancy;01290;PONT DE VEYLE;veroniquegros@live.fr;0603450320;;46.2609872;4.8843219;2026;Breaking | Classique | Contemporain | Eveil à la Danse | Hip Hop | Jazz | Pilates;Breaking | Classique | Ateliers de création | Contemporain | Danses hip-hop | Modern jazz | Jazz;https://www.ffdanse.fr/structures/6117-en-huit-temps;6117-en-huit-temps
En K'Danse;recently_disaffiliated;UNAFFILIATED_STRUCTURE;13 rue Général Leclerc;49122;Le May sur Evre;enkdanse49122@gmail.com;0662441772;;47.1355665;-0.8903082;;;;https://www.ffdanse.fr/structures/4787-en-k-danse;4787-en-k-danse
En mouvement;recently_disaffiliated;UNAFFILIATED_STRUCTURE;39 grand' rue;34150;gignac;coralie.enmouvement@gmail.com;0661533457;;43.652296;3.5504826;2026;Classique | Contemporain | Hip Hop;Classique | Ateliers de création | Contemporain | Danses hip-hop;https://www.ffdanse.fr/structures/4317-en-mouvement;4317-en-mouvement
Enca'Danse;affiliated;AFFILIATED_STRUCTURE;6 rue des Mûrons;77700;BAILLY-ROMAINVILLIERS;encadanse77@gmail.com;0767795141;www.encadanse.fr;48.8524143;2.8268422;2026;Classique | Comedie Musicale | Danse Inclusive | Eveil à la Danse | Jazz;Classique | Comédie musicale | Modern jazz | Jazz;https://www.ffdanse.fr/structures/5330-enca-danse;5330-enca-danse
ENJAILLANCE DANSE;affiliated;AFFILIATED_STRUCTURE;23 avenue du general de gaulle;46100;FIGEAC;associationenjaillance@gmail.com;0632993716;;44.6117949;2.0279215;2026;Afro-caribéennes | New Style | Ragga;Danses ethniques | Danses hip-hop;https://www.ffdanse.fr/structures/5962-enjaillance-danse;5962-enjaillance-danse
EnJoy Kizomba;affiliated;AFFILIATED_STRUCTURE;2 rue des petites vallées;86000;Poitiers;enjoykizomba@gmail.com;0637320362;;46.5678327;0.3201086;2026;Africaine | Afro-caribéennes | Autres Danses | Autres Danses Du Monde | Kizomba | Kizomba Chorégraphie | Kizomba Improvisation Traditionnelle | OLD : Salsa, Bachata, Kizomba | Societe | Transversal;Danses ethniques | Kizomba | Salsa | Bachata | Danses de salon;https://www.ffdanse.fr/structures/6249-enjoy-kizomba;6249-enjoy-kizomba
Ensemble des arts et traditions du Léon - Bleuniadur;affiliated;AFFILIATED_STRUCTURE;Rue du Petit Collège, Manoir de Keroulas;29250;ST POL DE LEON;bleuniadur@gmail.com;0671613892;https://www.bleuniadur.com/;48.6850743;-3.9891021;2026;Folklorique;Danses traditionnelles;https://www.ffdanse.fr/structures/539-ensemble-des-arts-et-traditions-du-leon-bleuniadur;539-ensemble-des-arts-et-traditions-du-leon-bleuniadur
Entr'chats;affiliated;AFFILIATED_STRUCTURE;Mairie de Gouvernes - Rue Pasteur;77400;GOUVERNES;eviards@gmail.com;0664495024;;48.8612642;2.6952032;2026;Classique;Classique;https://www.ffdanse.fr/structures/1559-entr-chats;1559-entr-chats
ENTRE NOUS & CO;affiliated;AFFILIATED_STRUCTURE;Centre Commercial de Bellevue, Immeuble Corniche 3, 1er étage;97200;FORT DE FRANCE;entrenous972@gmail.com;0696924303;www.poledancemartinique.com;14.6060576;-61.069884;2026;Afro-contemporaine | Cabaret | Danse aérienne | Hip Hop | Jazz | New Style | Pole Dance | Pole Sport | Ragga | Street Dance;Afro-jazz | Cabaret | Danses aériennes | Danses hip-hop | Modern jazz | Jazz | Pole dance | Pole sport;https://www.ffdanse.fr/structures/3362-entre-nous-co;3362-entre-nous-co
Entre-Chats;affiliated;AFFILIATED_STRUCTURE;2 Bd pasteur;46100;figeac;entrechatsdanse@gmail.com;0620402503;http://www.entrechatsfigeac.fr;44.6086894;2.0260563;2026;Barre au Sol | Classique | Contemporain | Eveil à la Danse;Barre au sol classique | Barre au sol contemporaine | Classique | Ateliers de création | Contemporain;https://www.ffdanse.fr/structures/1005-entre-chats;1005-entre-chats
ENTRECHAT;affiliated;AFFILIATED_STRUCTURE;en mairie;69380;chatillon;entrechat.chatillon@gmail.com;0675917652;;45.876748;4.6452349;2026;Classique | Contemporain;Classique | Ateliers de création | Contemporain;https://www.ffdanse.fr/structures/4730-entrechat;4730-entrechat
Entrez dans la danse;affiliated;AFFILIATED_STRUCTURE;le bourg, Mairie;63590;Cunlhat;entrezdansladanse63@gmail.com;0782901979;;45.632464;3.559579;2026;Africaine | Autres Danses | Contemporain | Folklorique | Hip Hop | Rock et DA | Tango Argentin;Danses ethniques | Ateliers de création | Contemporain | Danses traditionnelles | Danses hip-hop | Rock sauté | Tango argentin;https://www.ffdanse.fr/structures/2241-entrez-dans-la-danse;2241-entrez-dans-la-danse
ENTRONS DANS LA DANSE;affiliated;AFFILIATED_STRUCTURE;33 bis, Avenue du Bois Brandin;60580;COYE-LA-FORET;entronsdansladanse@live.fr;0680055778;;49.1366985;2.462371;2026;Barre au Sol | Claquettes | Classique | Contemporain | Eveil à la Danse;Barre au sol classique | Barre au sol contemporaine | Claquettes | Classique | Ateliers de création | Contemporain;https://www.ffdanse.fr/structures/5780-entrons-dans-la-danse;5780-entrons-dans-la-danse
Envie de danser;affiliated;AFFILIATED_STRUCTURE;3 RUE DU CHEMIN VERT;80500;Montdidier;enviededanser@gmail.com;0613156189;;49.6501205;2.5712258;2026;Dix Danses | Latines | OLD : Salsa, Bachata, Kizomba | Standards | Tango Argentin;Danses latines | Danses standards | Salsa | Bachata | Tango argentin;https://www.ffdanse.fr/structures/1643-envie-de-danser;1643-envie-de-danser
Envolée;affiliated;AFFILIATED_STRUCTURE;7 place de la Mairie;35630;hédé bazouges;contact@asso-envolee.fr;0681972606;www.asso-envolee.fr;48.2954817;-1.8021396;2026;Cabaret | Danse en solo Latine | Danses Solo | Eveil à la Danse | Orientale | Regards chorégraphiques | Zumba;Cabaret | Danses ethniques | Ateliers de création | Contemporain | Zumba;https://www.ffdanse.fr/structures/6268-envolee;6268-envolee
EPSEDANSE;affiliated;AFFILIATED_STRUCTURE;54 rue du Faubourg Figuerolles;34070;MONTPELLIER;anne-laure.giroud@epsedanse.com;0467928958;www.epsedanse.com;43.6066092;3.8648886;2026;Barre au Sol | Classique | Contemporain | Jazz | Regards chorégraphiques;Barre au sol classique | Barre au sol contemporaine | Classique | Ateliers de création | Contemporain | Modern jazz | Jazz;https://www.ffdanse.fr/structures/3780-epsedanse;3780-epsedanse
Equilibre Danse;affiliated;AFFILIATED_STRUCTURE;79 rue des mimosas;34420;Villeneuve les Béziers;equilibredanse34@gmail.com;0620080799;https://equilibredanse.wixsite.com/danse;43.3146624;3.287964;2026;Eveil à la Danse | Hip Hop | Jazz;Danses hip-hop | Modern jazz | Jazz;https://www.ffdanse.fr/structures/4311-equilibre-danse;4311-equilibre-danse
Equilibres Cirque;affiliated;AFFILIATED_STRUCTURE;67 rue du Général de Gaulle;56400;Sainte Anne d'Auray;contact@equilibres-cirque.fr;0627517753;www.equilibres-cirque.fr;47.6996848;-2.9552766;2026;Danse aérienne | Danse Verticale | Parapole Artistique;Danses aériennes;https://www.ffdanse.fr/structures/6151-equilibres-cirque;6151-equilibres-cirque
EQUIPAGE DANSE;affiliated;AFFILIATED_STRUCTURE;42 RUE DES LILAS;95150;TAVERNY;assoequipagedanse@gmail.com;0670426050;www.equipagedanse.com;49.0107743;2.210536;2026;Bachata | Danses Solo | Dix Danses | Kizomba | Latines | Rock et DA | Societe | Standards | West Coast Swing;Bachata | Danses latines | Danses standards | Kizomba | Rock sauté | Danses de salon | West Coast Swing;https://www.ffdanse.fr/structures/3714-equipage-danse;3714-equipage-danse
Ermont danse;recently_disaffiliated;UNAFFILIATED_STRUCTURE;27 rue Edouard Branly;95120;ERMONT;ermont.danse@gmail.com;0681803531;ermontdanse.fr;48.9967718;2.2583588;2026;Bachata | Danses Solo | Dix Danses | Latines | Lindy Hop | Rock'n'Roll | Salsa | Societe | Standards | Tango Argentin | Zumba;Bachata | Danses latines | Danses standards | Lindy hop | Rock'n'roll | Salsa | Danses de salon | Tango argentin | Zumba;https://www.ffdanse.fr/structures/1976-ermont-danse;1976-ermont-danse
ESA DANSE (Entente Sportive de l'Aubance);affiliated;AFFILIATED_STRUCTURE;Rue du Marin, Complexe sportif du Marin, BRISSAC QUINCE;49320;BRISSAC LOIRE AUBANCE;administration@esadanse.fr;0743158830;www.esadanse.fr;47.353692;-0.44612;2026;Jazz | Pilates | Salsa;Modern jazz | Jazz | Salsa;https://www.ffdanse.fr/structures/5744-esa-danse-entente-sportive-de-l-aubance;5744-esa-danse-entente-sportive-de-l-aubance
Escale'Dance;affiliated;AFFILIATED_STRUCTURE;14 Avenue de la gare;21120;Marcilly sur Tille;danceescale@gmail.com;0772274655;https://www.instagram.com/lescaledesdanseurs?igsh=N2NpcDB0c3JxcXR0;47.5202249;5.1289413;2026;Contemporain;Ateliers de création | Contemporain;https://www.ffdanse.fr/structures/5945-escale-dance;5945-escale-dance
Esdd;affiliated;AFFILIATED_STRUCTURE;455 chemin du Laouvas, Lot 8 les rosiers;13112;La Destrousse;esdd.dansesaladestrousse@gmail.com;0670745520;;43.3713248;5.6019609;2026;Classique | Contemporain | Jazz;Classique | Ateliers de création | Contemporain | Modern jazz | Jazz;https://www.ffdanse.fr/structures/5223-esdd;5223-esdd
Esencia del Tango;affiliated;AFFILIATED_STRUCTURE;14, avenue Dr Fabien Cuneo D Ornano;20000;Ajaccio;esenciadeltango@sfr.fr;0614388858;;41.921225;8.73548;2026;Tango Argentin;Tango argentin;https://www.ffdanse.fr/structures/5890-esencia-del-tango;5890-esencia-del-tango
Eskal danse;affiliated;AFFILIATED_STRUCTURE;9 rue du pic saint loup;34130;LANSARGUES;eskaldanse@orange.fr;0633685355;;43.5482748;4.1231654;2026;Barre au Sol | Classique | Jazz;Barre au sol classique | Barre au sol contemporaine | Classique | Modern jazz | Jazz;https://www.ffdanse.fr/structures/6133-eskal-danse;6133-eskal-danse
Espace 614;affiliated;AFFILIATED_STRUCTURE;50 traverse du Puits du Plan;06370;MOUANS SARTOUX;espace.614@orange.fr;0493452465;www.espace614.com;43.6142992;6.9634567;2026;Africaine | Autres Danses | Autres Danses Du Monde | Classique | Contemporain | Hip Hop | Jazz | Orientale | Street Dance;Danses ethniques | Classique | Ateliers de création | Contemporain | Danses hip-hop | Modern jazz | Jazz;https://www.ffdanse.fr/structures/144-espace-614;144-espace-614
Espace chorégraphique Lézignan Danse;affiliated;AFFILIATED_STRUCTURE;2 Rue Necker;11200;LEZIGNAN CORBIERES;espacechoregraphique@gmail.com;0675196378;;43.1998051;2.7669379;2026;Barre au Sol | Classique | Jazz | Pole Dance;Barre au sol classique | Barre au sol contemporaine | Classique | Modern jazz | Jazz | Pole dance;https://www.ffdanse.fr/structures/3159-espace-choregraphique-lezignan-danse;3159-espace-choregraphique-lezignan-danse
Espace Corps Pluriel;affiliated;AFFILIATED_STRUCTURE;6 RUE D'ARGENCE;27930;GRAVIGNY;annie.treuil@orange.fr;0682101940;;49.0404247;1.1639904;2026;Contemporain | Dix Danses | Eveil à la Danse | Jazz | Latines | Standards | Danse en solo Latine;Ateliers de création | Contemporain | Danses latines | Danses standards | Modern jazz | Jazz;https://www.ffdanse.fr/structures/513-espace-corps-pluriel;513-espace-corps-pluriel
Espace culturel et loisirs d'Auriol;affiliated;AFFILIATED_STRUCTURE;maison des sports et de la vie associative, mairie  Place de la libération;13390;AURIOL;ecla.corine@free.fr;0442728274;;43.369734;5.6450264;2026;Classique | Contemporain | Folklorique | Jazz;Classique | Ateliers de création | Contemporain | Danses traditionnelles | Modern jazz | Jazz;https://www.ffdanse.fr/structures/273-espace-culturel-et-loisirs-d-auriol;273-espace-culturel-et-loisirs-d-auriol
Espace Dance Energy Labarthe;affiliated;AFFILIATED_STRUCTURE;401, Chemin des Agries;31860;LABARTHE SUR LEZE;energydance31@orange.fr;0680062448;www.energydance.fr;43.4642437;1.3923525;2026;Africaine | Afro-contemporaine | Bachata | Barre au Sol | Bollywood | Boogie Woogie | Breaking | Cabaret | Classique | Comedie Musicale | Contemporain | Danse Show | Danse Verticale | Danse aérienne | Danse en solo Latine | Danse en solo Standard | Danses Solo | Dix Danses | Eveil à la Danse | Flamenco | Hip Hop | Jazz | Kizomba | Latines | Latino Caraibes | Lindy Hop | New Style | Orientale | Pilates | Pole Dance | Rock | Rock et DA | Rock'n'Roll | Salsa | Show Dance Latine | Show Dance Standard | Societe | Standards | Street Dance | Tango Argentin | Zumba;Danses ethniques | Afro-jazz | Bachata | Barre au sol classique | Barre au sol contemporaine | Boogie-Woogie | Breaking | Cabaret | Classique | Comédie musicale | Ateliers de création | Contemporain | Disco | Danses aériennes | Danses latines | Danses standards | Flamenco | Danses hip-hop | Modern jazz | Jazz | Kizomba | Danses latino-caraïbes | Lindy hop | Pole dance | Rock'n'roll | Rock sauté | Salsa | Danses de salon | Tango argentin | Zumba;https://www.ffdanse.fr/structures/614-espace-dance-energy-labarthe;614-espace-dance-energy-labarthe
ESPACE DANSE;affiliated;AFFILIATED_STRUCTURE;162 RUE DU STADE;84120;PERTUIS;contact@espacedansepertuis.com;;www.espacedansepertuis.com;43.6911436;5.5058391;2026;Classique | Jazz;Classique | Modern jazz | Jazz;https://www.ffdanse.fr/structures/2910-espace-danse;2910-espace-danse
espace danse;affiliated;AFFILIATED_STRUCTURE;24 bis avenue de Huesca, 65000;65000;Tarbes;espacedanse65@gmail.com;0629996704;;43.2212439;0.0711578;2026;Classique;Classique;https://www.ffdanse.fr/structures/5734-espace-danse;5734-espace-danse
Espace danse;affiliated;AFFILIATED_STRUCTURE;Maison des Sports - 2 rue du 11 novembre 1918;71100;CHALON S/SAONE;espacedanse71@gmail.com;0358902874;;46.7790579;4.8485013;2026;Autres Danses | Autres Danses Du Monde | Contemporain | Jazz;Danses ethniques | Ateliers de création | Contemporain | Modern jazz | Jazz;https://www.ffdanse.fr/structures/1416-espace-danse;1416-espace-danse
Espace danse;affiliated;AFFILIATED_STRUCTURE;167, rue Gustave Eiffel;34400;LUNEL;espacedansecavier@free.fr;0467716562;http://www.espacedansecavier.fr/;43.6790573;4.1484066;2026;Barre au Sol | Classique | Contemporain;Barre au sol classique | Barre au sol contemporaine | Classique | Ateliers de création | Contemporain;https://www.ffdanse.fr/structures/755-espace-danse;755-espace-danse
Espace Danse & Sport AACCC;affiliated;AFFILIATED_STRUCTURE;1295 CHEMIN LAGARAUD;30200;BAGNOLS SUR CEZE;espace.danse@orange.fr;0466899817;;44.1497134;4.607433;2026;Boogie Woogie | OLD : Salsa, Bachata, Kizomba | Rock et DA | Rock'n'Roll | Societe;Boogie-Woogie | Salsa | Bachata | Rock sauté | Rock'n'roll | Danses de salon;https://www.ffdanse.fr/structures/576-espace-danse-sport-aaccc;576-espace-danse-sport-aaccc
Espace danse du Kreisker;affiliated;AFFILIATED_STRUCTURE;1 Rue des Droits de l'Homme - BASAR;56890;Saint Avé;espacedansedukreisker@gmail.com;06;;47.6907919;-2.7390641;2026;Classique | Jazz;Classique | Modern jazz | Jazz;https://www.ffdanse.fr/structures/1074-espace-danse-du-kreisker;1074-espace-danse-du-kreisker
Espace Muse;affiliated;AFFILIATED_STRUCTURE;Siège social, mairie place de la liberation 77930 Perthes, Correspondance 18 rue des aubépines 77930 Chailly en bière;77930;PERTHES EN GATINAIS;espace-muse@outlook.fr;0769457295;http://espacemuse.e-monsite.com/;48.4864056;2.5358677;2026;Jazz | Classique;Modern jazz | Jazz | Classique;https://www.ffdanse.fr/structures/1595-espace-muse;1595-espace-muse
Esperance Mareuillaise section Danse;affiliated;AFFILIATED_STRUCTURE;2 route Raymond Roland, 24340;24340;MAREUIL EN PERIGORD;asso.danse.mareuil@gmail.com;06.82.94.79.25;;45.4547247;0.4465056;2026;Classique | Contemporain | Country And Line | Jazz | Societe | Standards;Classique | Ateliers de création | Contemporain | Country & line | Modern jazz | Jazz | Danses de salon | Danses standards;https://www.ffdanse.fr/structures/3739-esperance-mareuillaise-section-danse;3739-esperance-mareuillaise-section-danse
Espira Dance;affiliated;AFFILIATED_STRUCTURE;3 rue abdon baills;66600;Espira de l'agly;espiradance@gmail.com;0624096644;;42.7776295;2.8305415;2026;Autres Danses | Eveil à la Danse | Zumba;Zumba;https://www.ffdanse.fr/structures/5733-espira-dance;5733-espira-dance
Espérance Corps et Graphies;affiliated;AFFILIATED_STRUCTURE;1 bis rue Lebouteiller;35300;FOUGERES;corpsetgraphiesfougeres@gmail.com;02 99 94 40 11;;48.353559;-1.2083731;2026;Classique | Contemporain | Country And Line | Danse aérienne | Eveil à la Danse | Jazz | Regards chorégraphiques | Zumba;Classique | Ateliers de création | Contemporain | Country & line | Danses aériennes | Modern jazz | Jazz | Zumba;https://www.ffdanse.fr/structures/803-esperance-corps-et-graphies;803-esperance-corps-et-graphies
EST-VIE'DANSE;affiliated;AFFILIATED_STRUCTURE;4 RUE DES TROUBADOURS;30200;BAGNOLS-SUR-CEZE;est.vie.danse.30200@gmail.com;0620553796;www.lnbstudio.fr;44.1464276;4.6094115;2026;Africaine | Afro-caribéennes | Bollywood | Breaking | Claquettes | Classique | Contemporain | Danse Show | Danses Solo | Eveil à la Danse | Hip Hop | House | Indienne | Jazz | Locking | New Style | Poping | Ragga | Regards chorégraphiques | Street Dance;Danses ethniques | Breaking | Claquettes | Classique | Ateliers de création | Contemporain | Disco | Danses hip-hop | Modern jazz | Jazz;https://www.ffdanse.fr/structures/4271-est-vie-danse;4271-est-vie-danse
Esta Loca;affiliated;AFFILIATED_STRUCTURE;240 rue de Mancaticciu;20620;Biguglia;hangar127bastia@gmail.com;0611563502;www.hangar127.com;42.6057127;9.4364257;2026;Bachata | Bachata Team Couple | Bachata Team Styling | Duo bachata Shines | Duo salsa Shines | Kizomba | Kizomba Chorégraphie | Latino Caraibes | Salsa | Salsa Team Couple | Salsa Team Styling | Show Latino Caraïbe | Teams SBK;Bachata | Kizomba | Danses latino-caraïbes | Salsa;https://www.ffdanse.fr/structures/559-esta-loca;559-esta-loca
Estudio Tango;recently_disaffiliated;UNAFFILIATED_STRUCTURE;220 Chemin de la Calade;83220;Le Pradet;estudiotango@laposte.net;0671488918;;43.0933965;6.0359112;;;;https://www.ffdanse.fr/structures/3688-estudio-tango;3688-estudio-tango
ESVB GYM DANSE BAUNE;affiliated;AFFILIATED_STRUCTURE;11 rue Pierre Chanteloup  Bauné;49140;Loire Authion;esvbgymdansebaune@gmail.com;0645425003;https://esvbgymdansebaune.wordpress.com;47.4983044;-0.3186703;2026;Breaking | Classique | Contemporain | Hip Hop | Jazz;Breaking | Classique | Ateliers de création | Contemporain | Danses hip-hop | Modern jazz | Jazz;https://www.ffdanse.fr/structures/5587-esvb-gym-danse-baune;5587-esvb-gym-danse-baune
Et si...;affiliated;AFFILIATED_STRUCTURE;22 Rue Alphonse Bertillon, Les jardins de la Colombière - Appt B45 chez MME PELOILLE;21000;Dijon;cie.danse.et.si@gmail.com;0617098338;https://compagnie-et-si.fr/;47.3016468;5.06077;2026;Classique | Comedie Musicale | Contemporain | Danse Inclusive | Danses Solo | Jazz | New Style | Regards chorégraphiques | Street Dance | Danse Show | Hip Hop | Ragga;Classique | Comédie musicale | Ateliers de création | Contemporain | Modern jazz | Jazz | Danses hip-hop | Disco;https://www.ffdanse.fr/structures/5889-et-si;5889-et-si
ET VIE DANSE;affiliated;AFFILIATED_STRUCTURE;Place Charles de Gaulle, Mairie de combs la ville;77380;COMBS LA VILLE;jessica.m.tourigny@hotmail.com;0603135459;;48.6649067;2.565195;2026;Bachata | Dix Danses | Kizomba | Latines | Rock | Societe | Standards | Zumba;Bachata | Danses latines | Danses standards | Kizomba | Rock'n'roll | Danses de salon | Zumba;https://www.ffdanse.fr/structures/1565-et-vie-danse;1565-et-vie-danse
Et vie danse;recently_disaffiliated;UNAFFILIATED_STRUCTURE;13 place de la Croix;32700;LECTOURE;n.ponticelli@orange.fr;0687700921;;0;0;;;;https://www.ffdanse.fr/structures/646-et-vie-danse;646-et-vie-danse
Et vis danse;affiliated;AFFILIATED_STRUCTURE;16 rue la Roche Saint André;85600;Treize-Septiers;etvisdanse@gmail.com;0622141222;;46.9858046;-1.2318837;2026;Eveil à la Danse | Hip Hop | Jazz;Danses hip-hop | Modern jazz | Jazz;https://www.ffdanse.fr/structures/4240-et-vis-danse;4240-et-vis-danse
Et, Vie ! Danse ...;affiliated;AFFILIATED_STRUCTURE;2 RUE DU PLAT D'ETAIN, MAIRIE;86170;CISSE;danse.cisse@gmail.com;0549625195;https://sites.google.com/site/etviedansecisse;46.6462247;0.228297;2026;Classique | Contemporain | Jazz;Classique | Ateliers de création | Contemporain | Modern jazz | Jazz;https://www.ffdanse.fr/structures/4106-et-vie-danse;4106-et-vie-danse
etival pole dance;affiliated;AFFILIATED_STRUCTURE;4 rue du vivier;88480;etival clairefontaine;etivalpoledance@gmail.com;0659682270;;48.3637381;6.8648145;2026;Danse aérienne | Pole Dance;Danses aériennes | Pole dance;https://www.ffdanse.fr/structures/6119-etival-pole-dance;6119-etival-pole-dance
Etoile Ballet Comédie;affiliated;AFFILIATED_STRUCTURE;103 rue Arthur Lamendin;62210;Avion;etoileballetcomedie@outlook.fr;0630357837;www.etoileballetcomedie.com;50.4051907;2.8511906;2026;Classique | Contemporain | Jazz;Classique | Ateliers de création | Contemporain | Modern jazz | Jazz;https://www.ffdanse.fr/structures/1215-etoile-ballet-comedie;1215-etoile-ballet-comedie
etoile barrabande;affiliated;AFFILIATED_STRUCTURE;Ancien hôpital, route de Fournels;48200;Saint Chely d' Apcher;etoilebarrabande@gmail.com;0623870713;;44.7991532;3.2724869;2026;Classique | Contemporain | Danses Solo | Eveil à la Danse | Jazz | Regards chorégraphiques;Classique | Ateliers de création | Contemporain | Modern jazz | Jazz;https://www.ffdanse.fr/structures/6334-etoile-barrabande;6334-etoile-barrabande
Etoile Multidanses;affiliated;AFFILIATED_STRUCTURE;2 route de Beauvallon, Pôle Associatif;26800;ETOILE SUR RHONE;etoile.multidanses@gmail.com;0665541711;www.etoile-multidanses.webador.fr;44.8697823;4.8819589;2026;Autres Danses | Cabaret | Classique | Contemporain | Eveil à la Danse | Jazz | Street Dance | Zumba;Cabaret | Classique | Ateliers de création | Contemporain | Modern jazz | Jazz | Danses hip-hop | Zumba;https://www.ffdanse.fr/structures/4724-etoile-multidanses;4724-etoile-multidanses
Etoile Sportive de Cheverny et Cour Cheverny-section danse;affiliated;AFFILIATED_STRUCTURE;Mairie de Cour Cheverny 14 rue de la Bijaye;41700;COUR CHEVERNY;danse.esccc@gmail.com;0254799434;;47.5087504;1.45755;2026;Contemporain;Ateliers de création | Contemporain;https://www.ffdanse.fr/structures/908-etoile-sportive-de-cheverny-et-cour-cheverny-section-danse;908-etoile-sportive-de-cheverny-et-cour-cheverny-section-danse
ETOILE SUR DANSE ACADEMY (ESDA);affiliated;AFFILIATED_STRUCTURE;335 Rue du Mont Briand;26800;ETOILE SUR RHONE;esdacademy26@gmail.com;0607846092;;44.8515642;4.872306;2026;Afro-contemporaine | Breaking | Classique | Contemporain | Danse en solo Latine | Danse en solo Standard | Dix Danses | Eveil à la Danse | Hip Hop | Jazz | Latines | Ragga | Show Dance Latine | Show Dance Standard | Solo Team Lat / Std | Standards | Street Dance;Afro-jazz | Breaking | Classique | Ateliers de création | Contemporain | Danses latines | Danses standards | Danses hip-hop | Modern jazz | Jazz;https://www.ffdanse.fr/structures/5532-etoile-sur-danse-academy-esda;5532-etoile-sur-danse-academy-esda
Etoile Toulousaine;affiliated;AFFILIATED_STRUCTURE;38 rue de l'Etoile;31000;TOULOUSE;etoiletoulousaine@gmail.com;0561621644;;43.6010468;1.4558024;2026;Danse en solo Latine | Danse en solo Standard | Dix Danses | Hip Hop | Jazz | Latines | Pole Dance | Solo Team Lat / Std | Standards;Danses latines | Danses standards | Danses hip-hop | Modern jazz | Jazz | Pole dance;https://www.ffdanse.fr/structures/610-etoile-toulousaine;610-etoile-toulousaine
Etoiles de rue;affiliated;AFFILIATED_STRUCTURE;120 place des palmiers;83150;BANDOL;etoilesderue@gmail.com;0603818291;Etoiles2rue.com;43.1462491;5.7424751;2026;Breaking | Classique | Contemporain | Hip Hop | Jazz;Breaking | Classique | Ateliers de création | Contemporain | Danses hip-hop | Modern jazz | Jazz;https://www.ffdanse.fr/structures/1685-etoiles-de-rue;1685-etoiles-de-rue
Etyope;affiliated;AFFILIATED_STRUCTURE;284 rue de La Boissière, La boissière;63160;EGLISENEUVE PRES BILLOM;asso.etyope@gmail.com;0631547850;https://www.facebook.com/people/Association-Etyope/61561442762297/;45.7070834;3.4057425;2026;Autres Danses | Autres Danses Du Monde | Jazz | Orientale | Zumba;Danses ethniques | Modern jazz | Jazz | Zumba;https://www.ffdanse.fr/structures/1245-etyope;1245-etyope
Evasion;affiliated;AFFILIATED_STRUCTURE;51 rue François Sesmat;54380;DIEULOUARD;evasiondanse54@gmail.com;0383236346;;48.8372947;6.0664695;2026;Jazz;Modern jazz | Jazz;https://www.ffdanse.fr/structures/1055-evasion;1055-evasion
Evasion;affiliated;AFFILIATED_STRUCTURE;12 rue émile Combes;08000;VILLERS SEMEUSE;evasiondanse8@gmail.com;0683394952;;49.7379109;4.75058;2026;Jazz;Modern jazz | Jazz;https://www.ffdanse.fr/structures/199-evasion;199-evasion
Evasion Studio;affiliated;AFFILIATED_STRUCTURE;80, Rue hippolyte Foucques;97440;Sainte-André;evasion.studio974@gmail.com;0693538804;https://evasionstudio.re;-20.965437125506;55.650906786606;2026;Danse aérienne | Orientale | Pole Dance | Classique | Contemporain | Eveil à la Danse | Flamenco | Jazz | Pilates;Danses aériennes | Danses ethniques | Pole dance | Classique | Ateliers de création | Contemporain | Flamenco | Modern jazz | Jazz;https://www.ffdanse.fr/structures/5574-evasion-studio;5574-evasion-studio
EVEIL MULTIDANSES;affiliated;AFFILIATED_STRUCTURE;3 bis avenue des Grandes Vignes;44760;LA BERNERIE EN RETZ;eveiltango@gmail.com;0620885059;;47.0901257;-2.0441161;2026;Autres Danses | Bachata | Danse Inclusive | Dix Danses | Eveil à la Danse | Latines | Rock'n'Roll | Salsa | Standards | Tango Argentin;Bachata | Danses latines | Danses standards | Rock'n'roll | Salsa | Tango argentin;https://www.ffdanse.fr/structures/2446-eveil-multidanses;2446-eveil-multidanses
Evenement scene;affiliated;AFFILIATED_STRUCTURE;9 avenue Edouard Aynard;69130;ECULLY;evenement_scene@yahoo.fr;0786489880;;45.7763566;4.7786363;2026;Classique | Hip Hop | Jazz;Classique | Danses hip-hop | Modern jazz | Jazz;https://www.ffdanse.fr/structures/1368-evenement-scene;1368-evenement-scene
Every Dance;affiliated;AFFILIATED_STRUCTURE;13 rue des poiriers;66200;ELNE;everydance@free.fr;0612507546;everydance.fr;42.6068227;2.9729564;2026;Cabaret | Claquettes | Classique | Flamenco | Jazz | Contemporain | Pilates | Street Dance;Cabaret | Claquettes | Classique | Flamenco | Modern jazz | Jazz | Ateliers de création | Contemporain | Danses hip-hop;https://www.ffdanse.fr/structures/2324-every-dance;2324-every-dance
Evi' danses Lunéville;affiliated;AFFILIATED_STRUCTURE;14 avenue caumont de la force;54300;Lunéville;evi-danses-luneville@hotmail.com;0616659689;evidanses-luneville.com;48.5959466;6.5103004;2026;Danse Show | Dix Danses | Hip Hop | Latines | Standards;Disco | Danses latines | Danses standards | Danses hip-hop;https://www.ffdanse.fr/structures/1064-evi-danses-luneville;1064-evi-danses-luneville
Evi'Danse;affiliated;AFFILIATED_STRUCTURE;19 RUE SAINT MICHEL;66380;PIA;evidansepia@gmail.com;06.63.81.01.21;www.evidansepia.fr;42.7410811;2.9176539;2026;Barre au Sol | Cabaret | Classique | Contemporain | Eveil à la Danse | Hip Hop | Jazz | Pilates | Regards chorégraphiques | Rock | Street Dance;Barre au sol classique | Barre au sol contemporaine | Cabaret | Classique | Ateliers de création | Contemporain | Danses hip-hop | Modern jazz | Jazz | Rock'n'roll;https://www.ffdanse.fr/structures/1328-evi-danse;1328-evi-danse
Evi'danse;affiliated;AFFILIATED_STRUCTURE;1 Pl du général Leclerc, Mairie;80640;Hornoy le Bourg;evidansehop@gmail.com;0775744544;;49.8467466;1.9028186;2026;Contemporain | Eveil à la Danse | Jazz | Pilates;Ateliers de création | Contemporain | Modern jazz | Jazz;https://www.ffdanse.fr/structures/5785-evi-danse;5785-evi-danse
EVI'Danse;recently_disaffiliated;UNAFFILIATED_STRUCTURE;749 rue de Cambrai;59500;DOUAI;evidanse.douai@gmail.com;0610394282;www.evidansedouai.fr;50.3566599;3.0826433;;;;https://www.ffdanse.fr/structures/4671-evi-danse;4671-evi-danse
Evi'danse;recently_disaffiliated;UNAFFILIATED_STRUCTURE;9 allée Thibaud de Champagne;77600;Guermantes;contact@ecole-evidanse.fr;0611155116;www.ecole-evidanse.fr;48.8525386;2.7106773;2026;Barre au Sol | Classique | Danse Inclusive | Eveil à la Danse | Jazz | Street Dance;Barre au sol classique | Barre au sol contemporaine | Classique | Modern jazz | Jazz | Danses hip-hop;https://www.ffdanse.fr/structures/2971-evi-danse;2971-evi-danse
Evi'Danse;recently_disaffiliated;UNAFFILIATED_STRUCTURE;Maison des Sports de Park Nevez, rue de la Madeleine;22300;Lannion;evidanse.lannion22@gmail.com;06 43 92 57 44;https://evidanse-lannion.com/accueil/;48.7310939;-3.442594;;;;https://www.ffdanse.fr/structures/5538-evi-danse;5538-evi-danse
Evi'Danse;recently_disaffiliated;UNAFFILIATED_STRUCTURE;4 rue oscar méténier;18600;SANCOINS;isabelleleiseing@orange.fr;0768108510;;46.827463;2.933857;;;;https://www.ffdanse.fr/structures/5864-evi-danse;5864-evi-danse
Evi'Danses;affiliated;AFFILIATED_STRUCTURE;84 avenue Charles de Gaulle;77580;CRECY LA CHAPELLE;contact@evidanses.com;0682558250;www.evidanses.com;48.8603615;2.9008429;2026;Autres Danses | Autres Danses Du Monde | Cabaret | Classique | Comedie Musicale | Eveil à la Danse | Hip Hop | Jazz | Latines | OLD : Salsa, Bachata, Kizomba | Orientale | Street Dance | Zumba;Danses ethniques | Cabaret | Classique | Comédie musicale | Danses hip-hop | Modern jazz | Jazz | Danses latines | Salsa | Bachata | Zumba;https://www.ffdanse.fr/structures/1570-evi-danses;1570-evi-danses
Evi-Danse;affiliated;AFFILIATED_STRUCTURE;99 rue des grands champs, Bois raymond;16170;Saint Amant de Nouère;m.charles112@laposte.net;0785742438;;45.7542741;-0.0029374;2026;Breaking | Classique | Contemporain | Eveil à la Danse | Ragga | Societe;Breaking | Classique | Ateliers de création | Contemporain | Danses hip-hop | Danses de salon;https://www.ffdanse.fr/structures/3186-evi-danse;3186-evi-danse
EVID3NCE;affiliated;AFFILIATED_STRUCTURE;20 rue André vassord;95270;chaumontel;asso.evid3nce@gmail.com;0676790505;;49.1211403;2.4303975;2026;Regards chorégraphiques;Ateliers de création | Contemporain;https://www.ffdanse.fr/structures/4882-evid3nce;4882-evid3nce
Evidance Team;recently_disaffiliated;UNAFFILIATED_STRUCTURE;11 rue Charles Péguy;69960;Corbas;evidanceteam@gmail.com;0642216984;;45.6680489;4.903695;;;;https://www.ffdanse.fr/structures/1384-evidance-team;1384-evidance-team
EviDanse;affiliated;AFFILIATED_STRUCTURE;Ecole de danse  Chrysalide, Corot bien désirée;97118;SAINT FRANCOIS;association.evidanse@gmail.com;0690757486;;45.1887744;5.7033079;2026;Classique | Contemporain | Eveil à la Danse | Hip Hop | Jazz | Afro-caribéennes;Classique | Ateliers de création | Contemporain | Danses hip-hop | Modern jazz | Jazz | Danses ethniques;https://www.ffdanse.fr/structures/1995-evidanse;1995-evidanse
Evi’danse;affiliated;AFFILIATED_STRUCTURE;340 rue Marie Curie;29490;Guipavas;evidanse.guipavas@gmail.com;06 08 92 65 72;;48.4397225;-4.3982169;2026;Jazz | Street Dance;Modern jazz | Jazz | Danses hip-hop;https://www.ffdanse.fr/structures/5332-evi-danse;5332-evi-danse
Evolution école de danse;recently_disaffiliated;UNAFFILIATED_STRUCTURE;Régine ATTIA - 5 allée des deux frères Freschi;13004;MARSEILLE;ecoledanseevolution@wanadoo.fr;0682655532;ecoledanseevolution.blogspot.com;0;0;;;;https://www.ffdanse.fr/structures/265-evolution-ecole-de-danse;265-evolution-ecole-de-danse
EVY DANSE;affiliated;AFFILIATED_STRUCTURE;23 rue Gustave Loude, couleurs bassin B06;33260;LA TESTE DE BUCH;em.10@orange.fr;0662586725;;44.6215091;-1.1474719;2026;Dix Danses | Latines | Lindy Hop | Rock'n'Roll | Salsa | Standards;Danses latines | Danses standards | Lindy hop | Rock'n'roll | Salsa;https://www.ffdanse.fr/structures/3094-evy-danse;3094-evy-danse
Evydanse;affiliated;AFFILIATED_STRUCTURE;113 route d'apremont;85300;CHALLANS;evydanse.challans@gmail.com;0749379020;;46.8305713;-1.849219;2026;Country And Line | Dix Danses | Latines | OLD : Salsa, Bachata, Kizomba | Societe | Standards;Country & line | Danses latines | Danses standards | Salsa | Bachata | Danses de salon;https://www.ffdanse.fr/structures/1784-evydanse;1784-evydanse
EWIDANSE;affiliated;AFFILIATED_STRUCTURE;1 place Iametti;91320;Wissous;bureau@ewidanse.fr;0666285839;https://ewidanse.fr;48.7349008;2.324783;2026;Breaking | Contemporain;Breaking | Ateliers de création | Contemporain;https://www.ffdanse.fr/structures/2802-ewidanse;2802-ewidanse
EXAUDI PASSION DANSE;affiliated;AFFILIATED_STRUCTURE;19C RUE DE L'HORLOGE, 13780;13780;Cuges les pins;tama.nico2b@gmail.com;0662369185;;43.2760998;5.7038458;2026;Autres Danses Du Monde | Bachata | Barre au Sol | Breaking | Cabaret | Classique | Comedie Musicale | Contemporain | Eveil à la Danse | Hip Hop | House | Jazz | Krump | Latines | Latino Caraibes | Locking | New Style | Poping | Regards chorégraphiques | Rock'n'Roll | Salsa | Societe | Square Dance | Street Dance | Zumba;Danses ethniques | Bachata | Barre au sol classique | Barre au sol contemporaine | Breaking | Cabaret | Classique | Comédie musicale | Ateliers de création | Contemporain | Danses hip-hop | Modern jazz | Jazz | Danses latines | Danses latino-caraïbes | Rock'n'roll | Salsa | Danses de salon | Danses traditionnelles | Zumba;https://www.ffdanse.fr/structures/4246-exaudi-passion-danse;4246-exaudi-passion-danse
Exeldanse;affiliated;AFFILIATED_STRUCTURE;118, bd Exelmans;75016;Paris;exeldanse@free.fr;0607596798;;48.846182;2.2590476;2026;Autres Danses | Danse Historique | Societe | Standards;Danse historique | Danses de salon | Danses standards;https://www.ffdanse.fr/structures/2081-exeldanse;2081-exeldanse
ExinDanse;affiliated;AFFILIATED_STRUCTURE;7 Grande Rue;25400;EXINCOURT;exindanse25@gmail.com;0625477543;;47.5017941;6.8398974;2026;Autres Danses | Autres Danses Du Monde | Contemporain | Hip Hop | Jazz | Street Dance;Danses ethniques | Ateliers de création | Contemporain | Danses hip-hop | Modern jazz | Jazz;https://www.ffdanse.fr/structures/5442-exindanse;5442-exindanse
EXPONENTIELLE;recently_disaffiliated;UNAFFILIATED_STRUCTURE;2 AVENUE FOCH;95160;MONTMORENCY;letsdanceacademie@gmail.com;0636667253;;48.9895256;2.3207964;;;;https://www.ffdanse.fr/structures/5501-exponentielle;5501-exponentielle
Expression danse;affiliated;AFFILIATED_STRUCTURE;13 rue le clos gelé;54360;BLAINVILLE sur l'eau;expression.danse@orange.fr;0383420465;;0;0;2026;Contemporain | Jazz;Ateliers de création | Contemporain | Modern jazz | Jazz;https://www.ffdanse.fr/structures/1056-expression-danse;1056-expression-danse
Expression K'Danse;affiliated;AFFILIATED_STRUCTURE;Mairie de Longwy;54400;LONGWY;expressionkdanse@gmail.com;06 70 31 40 79;www.expressionkdanse.com;49.5145145;5.7685558;2026;Contemporain | Eveil à la Danse | Jazz;Ateliers de création | Contemporain | Modern jazz | Jazz;https://www.ffdanse.fr/structures/1054-expression-k-danse;1054-expression-k-danse
EXPRESSION PAR LA DANSE;affiliated;AFFILIATED_STRUCTURE;318 CHEMIN DES HAUTES PINEDES;83490;LE MUY;expressionparladanse83@gmail.com;0671147578;https://expressionparladanse.fr;43.4642668;6.5437277;2026;Country And Line;Country & line;https://www.ffdanse.fr/structures/6227-expression-par-la-danse;6227-expression-par-la-danse
Expressions 91 Danses & Spectacles;recently_disaffiliated;UNAFFILIATED_STRUCTURE;Centre culturel Eugène Massillon, Rue les terrasses, Gymnase David douillet;91830;Le Coudray-Montceaux;cisse9563.cd@gmail.com;0613937490;;48.565903;2.485767;;;;https://www.ffdanse.fr/structures/5201-expressions-91-danses-spectacles;5201-expressions-91-danses-spectacles
EXPRESSIONS URBAINES;affiliated;AFFILIATED_STRUCTURE;14 Rue de Fresnes;77500;CHELLES;expressionsurbaines.asso@gmail.com;0621080972;https://www.expressionsurbaines.com;48.8844718;2.6212533;2026;Breaking | Hip Hop;Breaking | Danses hip-hop;https://www.ffdanse.fr/structures/4320-expressions-urbaines;4320-expressions-urbaines
EXPRESSS&DANCE;recently_disaffiliated;UNAFFILIATED_STRUCTURE;17 rue de la pierre;62120;Racquinghem;expresss_dance@outlook.fr;0625679617;;50.6905209;2.358294;2026;Eveil à la Danse | Hip Hop | Jazz;Danses hip-hop | Modern jazz | Jazz;https://www.ffdanse.fr/structures/5898-expresss-dance;5898-expresss-dance
Extravadanse;affiliated;AFFILIATED_STRUCTURE;105 chemin de l'Aumône vielle, Route de camp major;13400;AUBAGNE;extravadanse13@gmail.com;0663237049;www.extravadanse13.fr;43.286828023612;5.5310005584054;2026;Barre au Sol | Classique | Contemporain | Eveil à la Danse | Jazz | Orientale | Street Dance;Barre au sol classique | Barre au sol contemporaine | Classique | Ateliers de création | Contemporain | Modern jazz | Jazz | Danses ethniques | Danses hip-hop;https://www.ffdanse.fr/structures/295-extravadanse;295-extravadanse
Extrem dance club;affiliated;AFFILIATED_STRUCTURE;8 impasse YVES DELORME;42300;ROANNE;lombard.severine@wanadoo.fr;33625752763;;46.034432;4.072695;2026;Boogie Formation | Boogie Juniors | Boogie Main Class | Boogie Rising Star | Boogie Seniors | Boogie Woogie | Boogie Woogie Fédéral | Danse Show | Danses Solo | Eveil à la Danse | Formation Rock Girls | Formation Rock Juniors | Formation Rock Ladies | Formation Rock Main Class | Formation Rock Main Class Quattro | Hip Hop | Lindy Hop | Lindy Hop Fédéral | Lindy Hop Junior | Lindy Hop Main Class | Lindy Hop Senior 1 | Lindy Hop Senior 2 | Lindy Hop Show case | New Style | Rock | Rock Acrobatique | Rock Acrobatique Fédéral | Rock Artistique Fédéral | Rock Children | Rock Couple Dance Show | Rock Formation | Rock Juniors | Rock Juveniles | Rock Main Class Contact Style | Rock Main Class Free Style | Rock Saute | Rock et DA | Rock'n Roll Fédéral | Rock'n'Roll | Small Formation Rock Ladies | Small formation Rock Girls | Street Dance | West Coast Swing;Boogie-Woogie | Disco | Danses hip-hop | Lindy hop | Rock'n'roll | Rock acrobatique | Rock sauté | West Coast Swing;https://www.ffdanse.fr/structures/916-extrem-dance-club;916-extrem-dance-club
EYWA;affiliated;AFFILIATED_STRUCTURE;6B rue des Barbadines;97411;SAINT PAUL;eywaoasis@gmail.com;0768547129;;-20.9854865;55.3226979;2026;Africaine | Afro-caribéennes | Afro-contemporaine | Autres Danses | Autres Danses Du Monde | Contemporain | Danse Inclusive | Danse sacrée | Eveil à la Danse | Folklorique | Jazz | Regards chorégraphiques | Street Dance | Transversal;Danses ethniques | Afro-jazz | Ateliers de création | Contemporain | Danses traditionnelles | Modern jazz | Jazz | Danses hip-hop;https://www.ffdanse.fr/structures/6305-eywa;6305-eywa
Ezyrah;affiliated;AFFILIATED_STRUCTURE;28 avenue du béarn;64320;Idron;ezyrah@live.fr;0617504468;www.ezyrah.com;43.2998893;-0.295744;2026;Autres Danses | Autres Danses Du Monde | Orientale;Danses ethniques;https://www.ffdanse.fr/structures/2372-ezyrah;2372-ezyrah
F&Jazz;affiliated;AFFILIATED_STRUCTURE;20 rue nationale, BP;85250;Saint Fulgent;clubdedansefjazz@gmail.com;0749190842;fetjazz.com;46.8506915;-1.1766903;2026;Jazz;Modern jazz | Jazz;https://www.ffdanse.fr/structures/4284-f-jazz;4284-f-jazz
Fa Si La Danser;affiliated;AFFILIATED_STRUCTURE;2 rue des chênes;18120;MEREAU;fasiladanser.vierzon@gmail.com;0248710075;;47.2053834;2.0547229;2026;Latines | Societe | Standards;Danses latines | Danses de salon | Danses standards;https://www.ffdanse.fr/structures/388-fa-si-la-danser;388-fa-si-la-danser
FAADO 973 Les Diamonds Luxe;recently_disaffiliated;UNAFFILIATED_STRUCTURE;21 allée des Ixoras;97320;Saint-Laurent du Maroni;Assofaado97320@gmail.com;0694936863;;5.5036634;-54.0294336;;;;https://www.ffdanse.fr/structures/5855-faado-973-les-diamonds-luxe;5855-faado-973-les-diamonds-luxe
FABI - FEELING DANSE 44;recently_disaffiliated;UNAFFILIATED_STRUCTURE;10 Rue des goelands;44115;BASSE GOULAINE;fabrice.burgot@orange.fr;0784023311;https://www.feelingdanse.com/;47.2147399;-1.4726511;;;;https://www.ffdanse.fr/structures/4963-fabi-feeling-danse-44;4963-fabi-feeling-danse-44
Fabrique Corps&Graphique;affiliated;AFFILIATED_STRUCTURE;route de Toulouse;32600;L'ISLE-JOURDAIN;fabriquecorspgraphique@yahoo.fr;0670568794;;43.607421;1.100241;2026;Jazz;Modern jazz | Jazz;https://www.ffdanse.fr/structures/655-fabrique-corps-graphique;655-fabrique-corps-graphique
FAC Allauch;affiliated;AFFILIATED_STRUCTURE;355 Avenue du Canton vert;13190;Allauch;contact@fac-fabriqueartculture.com;06 71 57 37 95;https://www.fac-fabriqueartculture.com/;43.3410506;5.4719995;2026;Barre au Sol | Breaking | Classique | Contemporain | Hip Hop | Jazz | Pilates | Street Dance;Barre au sol classique | Barre au sol contemporaine | Breaking | Classique | Ateliers de création | Contemporain | Danses hip-hop | Modern jazz | Jazz;https://www.ffdanse.fr/structures/6395-fac-allauch;6395-fac-allauch
FACC.FR;recently_disaffiliated;UNAFFILIATED_STRUCTURE;33 rue du Maréchal Lefebvre;67100;STRASBOURG;facc.crew67@gmail.com;0650009897;www.cie-memoires-vives@hotmail.fr;48.5619885;7.7397219;2026;Breaking | Danse Show | Hip Hop | Locking | Poping | Street Dance;Breaking | Disco | Danses hip-hop;https://www.ffdanse.fr/structures/4751-facc-fr;4751-facc-fr
FAMILLES RURALES DE BEAULIEU ET SES ENVIRONS;affiliated;AFFILIATED_STRUCTURE;6 place du Maréchal Leclerc;37600;Beaulieu-lès-Loches;famillesruralesbll@gmail.com;0663111705;;47.1280412;1.012898;2026;Classique | Contemporain | Danse Inclusive | Eveil à la Danse | Regards chorégraphiques;Classique | Ateliers de création | Contemporain;https://www.ffdanse.fr/structures/4996-familles-rurales-de-beaulieu-et-ses-environs;4996-familles-rurales-de-beaulieu-et-ses-environs
FAMILY FORME;affiliated;AFFILIATED_STRUCTURE;8 rue de l'orge grillée, les méroviales 2;59520;MARQUETTE LEZ LILLE;familyforme59350@gmail.com;0632081377;family-forme-21.webself.net;50.6808848;3.0728639;2026;Autres Danses | Barre au Sol | Cabaret | Classique | Comedie Musicale | Contemporain | Eveil à la Danse | Jazz | Pole Dance | Zumba;Barre au sol classique | Barre au sol contemporaine | Cabaret | Classique | Comédie musicale | Ateliers de création | Contemporain | Modern jazz | Jazz | Pole dance | Zumba;https://www.ffdanse.fr/structures/3979-family-forme;3979-family-forme
Fantaisie;affiliated;AFFILIATED_STRUCTURE;BP 70536;85160;SAINT JEAN DE MONTS;fantaisie.vendee@gmail.com;0749488685;www.saintjeandemonts-fantaisie.com;46.793464;-2.0617863;2026;Barre au Sol | Eveil à la Danse | Hip Hop | Jazz | Zumba;Barre au sol classique | Barre au sol contemporaine | Danses hip-hop | Modern jazz | Jazz | Zumba;https://www.ffdanse.fr/structures/1787-fantaisie;1787-fantaisie
FANTASTIK ARMADA;recently_disaffiliated;UNAFFILIATED_STRUCTURE;24 AV FRANKLIN ROOSEVELT, COMPLEXE  TAUZIET;77100;MEAUX;fantastikarmada.meaux@gmail.com;0609334694;;48.9555567;2.8978003;2026;Breaking | Hip Hop;Breaking | Danses hip-hop;https://www.ffdanse.fr/structures/3457-fantastik-armada;3457-fantastik-armada
Fasila danse;affiliated;AFFILIATED_STRUCTURE;23 bis rue des Résistants;22440;PLOUFRAGAN;fasiladanse@gmail.com;06.36.06.16.39;;48.49922;-2.7817184;2026;Country And Line | Societe;Country & line | Danses de salon;https://www.ffdanse.fr/structures/433-fasila-danse;433-fasila-danse
FEEL DANCE & CIE;affiliated;AFFILIATED_STRUCTURE;566 route Nationale;59194;RACHES;christ.laurent59@orange.fr;+33642492867;;50.4153516;3.1366023;2026;Contemporain;Ateliers de création | Contemporain;https://www.ffdanse.fr/structures/4959-feel-dance-cie;4959-feel-dance-cie
FEEL IT DANCE STUDIO;affiliated;AFFILIATED_STRUCTURE;47 Rue de l'Occitanie;30000;Nîmes;feelitdancestudio@hotmail.fr;0699420410;www.feelitdancestudio.com;43.8326819;4.3866692;2026;Afro-caribéennes | Afro-contemporaine | Bachata | Bachata Team Couple | Bachata Team Styling | Breaking | Danses Solo | Duo bachata Shines | Duo salsa Shines | Eveil à la Danse | Hip Hop | House | Kizomba | Kizomba Chorégraphie | Krump | Latino Caraibes | Locking | New Style | Poping | Ragga | Salsa | Salsa Team Couple | Salsa Team Styling | Show Latino Caraïbe | Street Dance | Tango Argentin | Teams SBK;Danses ethniques | Afro-jazz | Bachata | Breaking | Danses hip-hop | Kizomba | Danses latino-caraïbes | Salsa | Tango argentin;https://www.ffdanse.fr/structures/3856-feel-it-dance-studio;3856-feel-it-dance-studio
Feeling Dance;affiliated;AFFILIATED_STRUCTURE;5 rue Gambetta;71230;Saint-Vallier;feelingdance.stvallier@laposte.net;0616220664;;46.6407633;4.370452;2026;Autres Danses | Jazz;Modern jazz | Jazz;https://www.ffdanse.fr/structures/4643-feeling-dance;4643-feeling-dance
Feeling dance;affiliated;AFFILIATED_STRUCTURE;26 rue yves rageot, lamballe;22400;lamballe;sandrine.debeure@orange.fr;0612155601;;48.47631;-2.511882;2026;Country And Line | ancien nom à supprimer;Country & line;https://www.ffdanse.fr/structures/424-feeling-dance;424-feeling-dance
Feeling Dance Company;affiliated;AFFILIATED_STRUCTURE;26 Quai de l'Aisne;93500;PANTIN;clubfeelingdance93@gmail.com;06 71 70 35 26;;48.8952614;2.4055951;2026;Bachata | Danse en solo Latine | Danse en solo Standard | Dix Danses | Kizomba | Latines | Salsa | Show Dance Latine | Show Dance Standard | Solo Team Lat / Std | Standards;Bachata | Danses latines | Danses standards | Kizomba | Salsa;https://www.ffdanse.fr/structures/1923-feeling-dance-company;1923-feeling-dance-company
Feeln'groove;affiliated;AFFILIATED_STRUCTURE;38 B Rue Du Général Leclerc, Arrivee sur la petite place il faut aller au fond de l'aller, nous somm;77120;Coulommiers;Tatiana.rougeaud@gmail.com;0682271035;www.feelngroove.fr;48.813071;3.083497;2026;Autres Danses Du Monde | Hip Hop | Street Dance;Danses ethniques | Danses hip-hop;https://www.ffdanse.fr/structures/2183-feeln-groove;2183-feeln-groove
FEMME D'ELITE;recently_disaffiliated;UNAFFILIATED_STRUCTURE;4 impasse des verveines;97431;La Plaine des palmistes;femmedelite31@gmail.com;0693645036;;-21.1265722;55.6398528;;;;https://www.ffdanse.fr/structures/6030-femme-d-elite;6030-femme-d-elite
Fenrir pôle;affiliated;AFFILIATED_STRUCTURE;place de la halle, Mairie de Treignac;19260;treignac;fenrirpolein@gmail.com;0647197113;;45.535827;1.795097;2026;Barre au Sol | Contemporain | Danse Verticale | Pole Dance | Pole Sport;Barre au sol classique | Barre au sol contemporaine | Ateliers de création | Contemporain | Danses aériennes | Pole dance | Pole sport;https://www.ffdanse.fr/structures/5524-fenrir-pole;5524-fenrir-pole
FEYZ'IN DANCE;affiliated;AFFILIATED_STRUCTURE;8 rue des Liserons;69320;FEYZIN;isabelle.simao@sfr.fr;0662764637;;45.66874865046187;4.864727943450569;2026;Bachata | Boogie Woogie | Country And Line | Danse Show | Danses Solo | Eveil à la Danse | Hip Hop | Latino Caraibes | Ragga | Rock | Rock Acrobatique | Rock Artistique Fédéral | Rock Children | Rock Couple Dance Show | Rock Juniors | Rock Juveniles | Rock Saute | Rock et DA | Rock'n Roll Fédéral | Rock'n'Roll | Salsa | Show Dance Latine | Show Latino Caraïbe | Street Dance | West Coast Swing | Zumba;Bachata | Boogie-Woogie | Country & line | Disco | Danses hip-hop | Danses latino-caraïbes | Rock'n'roll | Rock acrobatique | Rock sauté | Salsa | Danses latines | West Coast Swing | Zumba;https://www.ffdanse.fr/structures/1382-feyz-in-dance;1382-feyz-in-dance
Fievra;affiliated;AFFILIATED_STRUCTURE;6 cours des Alliés, Chez 360 (ex Maison des Associations);35000;Rennes;yguseva@yahoo.fr;0689242980;;48.1047421;-1.67666;2026;Autres Danses | Bachata | Salsa | Societe | Street Dance | Zumba;Bachata | Salsa | Danses de salon | Danses hip-hop | Zumba;https://www.ffdanse.fr/structures/811-fievra;811-fievra
Figure 2 Style;recently_disaffiliated;UNAFFILIATED_STRUCTURE;9 Esplanade de la République;21300;CHENOVE;figure2style.contact@gmail.com;0648121747;www.associationfigure2style.com;47.2947222;5.0061111;;;;https://www.ffdanse.fr/structures/3859-figure-2-style;3859-figure-2-style
figure four;affiliated;AFFILIATED_STRUCTURE;rue desire deschamps;18520;AVORD;christellepierre@sfr.fr;0613430006;;47.0322699;2.65184;2026;Danse en solo Latine | Danses Solo | Dix Danses | Eveil à la Danse | Latines | Standards | Transversal;Danses latines | Danses standards;https://www.ffdanse.fr/structures/6339-figure-four;6339-figure-four
FIT'DANSE;affiliated;AFFILIATED_STRUCTURE;7 RUE CONSTANT VERLOT;88210;SENONES;jetv92@gmail.com;0689376919;;48.3949984;6.9815073;2026;Autres Danses | Bachata | Contemporain | Jazz | Kizomba | Latines | Salsa | Standards;Bachata | Ateliers de création | Contemporain | Modern jazz | Jazz | Kizomba | Danses latines | Salsa | Danses standards;https://www.ffdanse.fr/structures/5858-fit-danse;5858-fit-danse
FIT'DANSE ET COMPAGNIE;affiliated;AFFILIATED_STRUCTURE;20, place Général Leclerc;21120;IS SUR TILLE;fdetc21@gmail.com;0686988566;https://fdetc21.wixsite.com/fitdanseetcompagnie;47.521791841877715;5.112250396820075;2026;Bachata | Contemporain | Country And Line | Danses Solo | Pole Dance | Rock'n'Roll | Zumba;Bachata | Ateliers de création | Contemporain | Country & line | Pole dance | Rock'n'roll | Zumba;https://www.ffdanse.fr/structures/4531-fit-danse-et-compagnie;4531-fit-danse-et-compagnie
fit'n gym danse club;affiliated;AFFILIATED_STRUCTURE;allée de l'église saint christophe, immeuble Alexandra;06270;VILLENEUVE LOUBET;fitngym006@gmail.com;0493224168;www.fitngym-danse.com;43.6362676;7.1340278;2026;Africaine | Afro-caribéennes | Bachata | Bachata Team Couple | Bachata Team Styling | Barre au Sol | Boogie Formation | Boogie Woogie | Cabaret | Classique | Comedie Musicale | Contemporain | Danse en solo Latine | Danse en solo Standard | Disco | Dix Danses | Duo bachata Shines | Duo salsa Shines | Eveil à la Danse | Hip Hop | Jazz | Kizomba | Kizomba Chorégraphie | Kizomba Improvisation Traditionnelle | Kizomba Improvisation Urban | Latino Caraibes | Lindy Hop | New Style | OLD : Salsa, Bachata, Kizomba | Ragga | Rock | Rock Formation | Rock'n'Roll | Salsa | Salsa Team Couple | Salsa Team Styling | Show Latino Caraïbe | Societe | Street Dance | Teams SBK | West Coast Swing | Zumba;Danses ethniques | Bachata | Barre au sol classique | Barre au sol contemporaine | Boogie-Woogie | Cabaret | Classique | Comédie musicale | Ateliers de création | Contemporain | Disco | Danses latines | Danses standards | Danses hip-hop | Modern jazz | Jazz | Kizomba | Danses latino-caraïbes | Lindy hop | Salsa | Rock'n'roll | Danses de salon | West Coast Swing | Zumba;https://www.ffdanse.fr/structures/5594-fit-n-gym-danse-club;5594-fit-n-gym-danse-club
FITFORM'DANCE;affiliated;AFFILIATED_STRUCTURE;3 RUE DE LA PLACE NEUVE;83560;ESPARRON;as17.fitformdance@orange.fr;0610691733;;43.591352;5.848752;2026;Afro-contemporaine | Autres Danses | Bachata | Barre au Sol | Cabaret | Classique | Comedie Musicale | Contemporain | Danse Inclusive | Danse Show | Danses Solo | Disco | Eveil à la Danse | Hip Hop | Jazz | Kizomba | Latines | New Style | Ragga | Regards chorégraphiques | Rock'n'Roll | Salsa | Show Dance Latine | Societe | Solo Team Lat / Std | Standards | Street Dance | West Coast Swing | Zumba;Afro-jazz | Bachata | Barre au sol classique | Barre au sol contemporaine | Cabaret | Classique | Comédie musicale | Ateliers de création | Contemporain | Disco | Danses hip-hop | Modern jazz | Jazz | Kizomba | Danses latines | Rock'n'roll | Salsa | Danses de salon | Danses standards | West Coast Swing | Zumba;https://www.ffdanse.fr/structures/4733-fitform-dance;4733-fitform-dance
FITZ'EVENTS;affiliated;AFFILIATED_STRUCTURE;100 chemin des Meunières;34400;LUNEL;fitzdancevents@gmail.com;0744474779;;43.6802986;4.1359334;2026;Africaine | Autres Danses | Bachata | Bachata Team Couple | Bachata Team Styling | Cabaret | Danse en solo Latine | Danses Solo | Duo bachata Shines | Duo salsa Shines | Hip Hop | House | Kizomba | Kizomba Chorégraphie | Kizomba Improvisation Traditionnelle | Kizomba Improvisation Urban | Latines | New Style | OLD : Salsa, Bachata, Kizomba | Pilates | Salsa | Salsa Team Couple | Salsa Team Styling | Show Dance Latine | Street Dance | Teams SBK | Zumba;Danses ethniques | Bachata | Cabaret | Danses hip-hop | Kizomba | Danses latines | Salsa | Zumba;https://www.ffdanse.fr/structures/5798-fitz-events;5798-fitz-events
Five dance club Montélimar;affiliated;AFFILIATED_STRUCTURE;1 avenue st martin, maison des services publics;26200;MONTELIMAR;ecolesabarot@orange.fr;0675923503;;44.5630868;4.7536075;2026;Boogie Woogie | Contemporain | Danse en solo Latine | Danse en solo Standard | Dix Danses | Flamenco | Hip Hop | Indienne | Jazz | Latines | Lindy Hop | Pole Dance | Pole Sport | Regards chorégraphiques | Rock Acrobatique | Rock Formation | Rock Saute | Rock et DA | Rock'n'Roll | Show Dance Latine | Show Dance Standard | Societe | Solo Team Lat / Std | Standards | West Coast Swing;Boogie-Woogie | Ateliers de création | Contemporain | Danses latines | Danses standards | Flamenco | Danses hip-hop | Danses ethniques | Modern jazz | Jazz | Lindy hop | Pole dance | Pole sport | Rock acrobatique | Rock'n'roll | Rock sauté | Danses de salon | West Coast Swing;https://www.ffdanse.fr/structures/472-five-dance-club-montelimar;472-five-dance-club-montelimar
FLAMA FLAMENCA;affiliated;AFFILIATED_STRUCTURE;15 Chemin des feutres du Toulon, LA FILATURE;24000;PERIGUEUX;flama.flamenca24@gmail.com;+33606499324;https://www.flamenco-dordogne.com;45.1985051;0.6981468;2026;Flamenco;Flamenco;https://www.ffdanse.fr/structures/2781-flama-flamenca;2781-flama-flamenca
Flap line dance;affiliated;AFFILIATED_STRUCTURE;5 RUE KLEBER DELAPORTE;59680;FERRIERE LA PETITE;fabienne.salingros@orange.fr;0608999136;;50.2410727;4.0209691;2026;Country And Line | ancien nom à supprimer;Country & line;https://www.ffdanse.fr/structures/1155-flap-line-dance;1155-flap-line-dance
Flash dans';affiliated;AFFILIATED_STRUCTURE;1 impasse des Allegrets;26140;ANNEYRON;flashdans@icloud.com;0601188199;;45.2702292;4.8829943;2026;Classique | Country And Line | Danses Solo | Dix Danses | Eveil à la Danse | Latines | Societe | Standards | Street Dance | Zumba;Classique | Country & line | Danses latines | Danses standards | Danses de salon | Danses hip-hop | Zumba;https://www.ffdanse.fr/structures/469-flash-dans;469-flash-dans
Flash'danses;affiliated;AFFILIATED_STRUCTURE;Place Mireille MORVAN;77090;COLLEGIEN;flashdanses@orange.fr;0614816715;;48.8368924;2.6719773;2026;Dix Danses | Latines | Rock et DA | Societe | Standards;Danses latines | Danses standards | Rock sauté | Danses de salon;https://www.ffdanse.fr/structures/1579-flash-danses;1579-flash-danses
FLJEP;affiliated;AFFILIATED_STRUCTURE;22 rue Noémie Delobelle;62151;Burbure;fljep.burbure62@gmail.com;0676480212;;50.5382056;2.4645979;2026;Cabaret | Disco | Eveil à la Danse | Jazz | Regards chorégraphiques;Cabaret | Disco | Modern jazz | Jazz | Ateliers de création | Contemporain;https://www.ffdanse.fr/structures/6357-fljep;6357-fljep
FLY DANCE CIRCUS;affiliated;AFFILIATED_STRUCTURE;40 bis avenue des vallées;74200;Thonon les Bains;flydancecircus@gmail.com;0610173965;www.flydancecircus.com;;;2026;Danse Verticale | Danse aérienne | Pole Dance | Pole Sport;Danses aériennes | Pole dance | Pole sport;https://www.ffdanse.fr/structures/2092-fly-dance-circus;2092-fly-dance-circus
FLY Dance SXM;recently_disaffiliated;UNAFFILIATED_STRUCTURE;40 rue de la batterie de friars bay, 97150;97150;Saint-martin;Flydancesxm@gmail.com;+590690435777;Flydancesxm.com;18.0902065;-63.0775957;;;;https://www.ffdanse.fr/structures/6022-fly-dance-sxm;6022-fly-dance-sxm
Flyby to cassie;affiliated;AFFILIATED_STRUCTURE;42 Impasse Jedaiah Bedersi;34500;Béziers;flyby.to.cassie@hotmail.com;0782994736;Flyby-pole.com;43.36076;3.221342;2026;Danse aérienne | Pole Dance | Pole Sport;Danses aériennes | Pole dance | Pole sport;https://www.ffdanse.fr/structures/6226-flyby-to-cassie;6226-flyby-to-cassie
FLYING HARMONY;affiliated;AFFILIATED_STRUCTURE;15 rue pierre Builly;04000;Digne les bains;moovnharmony@gmail.com;0659623179;Poledance04.com;44.0813087;6.2195246;2026;Autres Danses | Barre au Sol | Eveil à la Danse | Pole Dance | Street Dance;Barre au sol classique | Barre au sol contemporaine | Pole dance | Danses hip-hop;https://www.ffdanse.fr/structures/5827-flying-harmony;5827-flying-harmony
FM DANCE SCHOOL;affiliated;AFFILIATED_STRUCTURE;65 bd de Cessole;06100;NICE;renee.bovi@gmail.com;06 68 38 25 35;;43.7170428;7.2528539;2026;Africaine | Afro-caribéennes | Bachata | Bollywood | Breaking | Contemporain | Eveil à la Danse | Flamenco | Hip Hop | Latino Caraibes | Pilates | Salsa | Street Dance | Zumba;Danses ethniques | Bachata | Breaking | Ateliers de création | Contemporain | Flamenco | Danses hip-hop | Danses latino-caraïbes | Salsa | Zumba;https://www.ffdanse.fr/structures/4021-fm-dance-school;4021-fm-dance-school
Foix danse academie;recently_disaffiliated;UNAFFILIATED_STRUCTURE;13 place du champs de mars;09000;FOIX;foixdanseacademie@orange.fr;0670393587;Foix danse academie.fr;42.964127;1.605232;2026;Classique | Eveil à la Danse | Jazz | Regards chorégraphiques;Classique | Modern jazz | Jazz | Ateliers de création | Contemporain;https://www.ffdanse.fr/structures/4742-foix-danse-academie;4742-foix-danse-academie
FOKSABOUGE;affiliated;AFFILIATED_STRUCTURE;25 CHEMIN DU VILLAGE DU GRANGER;33240;SAINT-ANDRE-DE-CUBZAC;hello@foksabouge.com;0612629320;www.foksabouge.fr;45.0032149;-0.4312502;2026;Breaking | Hip Hop | Ragga;Breaking | Danses hip-hop;https://www.ffdanse.fr/structures/4159-foksabouge;4159-foksabouge
FOKSADANCE;affiliated;AFFILIATED_STRUCTURE;Siège social : 1508 Boulevard Edmond Labrasse, Résidence Géo Ana Appt 2 RDC;62780;STELLA PLAGE;foksadance@gmail.com;0643446649;https://foksadance.wixsite.com/danse;50.4810788;1.5872967;2026;Autres Danses;;https://www.ffdanse.fr/structures/2175-foksadance;2175-foksadance
Folkara' jazz;affiliated;AFFILIATED_STRUCTURE;10 Saint Baudiere;58180;MARZY;marie-f.b@orange.fr;0666485702;;46.9676968;3.1020647;2026;Hip Hop | Jazz | Street Dance | Transversal;Danses hip-hop | Modern jazz | Jazz;https://www.ffdanse.fr/structures/1121-folkara-jazz;1121-folkara-jazz
Fonsorbes danse;affiliated;AFFILIATED_STRUCTURE;Mairie rue du 11 novembre 1918;31470;FONSORBES;fonsorbes.danse@gmail.com;0668890643;https://fonsorbesdanse.wixsite.com/fonsorbesdanse31;43.5355667;1.2306401;2026;Country And Line | Rock'n'Roll | Standards | Bachata | Danse en solo Latine | Danse en solo Standard | Kizomba | Salsa;Country & line | Rock'n'roll | Danses standards | Bachata | Kizomba | Salsa;https://www.ffdanse.fr/structures/640-fonsorbes-danse;640-fonsorbes-danse
Forever danse 31;affiliated;AFFILIATED_STRUCTURE;7 rue du Bicentenaire;31480;CADOURS;asso.foreverdanse31@gmail.com;0783509377;;43.726981;1.047924;2026;Danse en solo Latine | Danse en solo Standard | Dix Danses | Latines | Standards;Danses latines | Danses standards;https://www.ffdanse.fr/structures/5741-forever-danse-31;5741-forever-danse-31
Formadanse;affiliated;AFFILIATED_STRUCTURE;22 rue des Pélicans;33600;PESSAC;formadanse.asso@gmail.com;0652547053;;44.7903144;-0.6879207;2026;Danse Show | Dix Danses | Latines | Show Dance Latine | Show Dance Standard | Societe | Standards;Disco | Danses latines | Danses standards | Danses de salon;https://www.ffdanse.fr/structures/6283-formadanse;6283-formadanse
Formation danse;recently_disaffiliated;UNAFFILIATED_STRUCTURE;26 rue Banasterie;84000;AVIGNON;mf.gautry@gmail.com;0620278886;;43.9505724;4.8091096;;;;https://www.ffdanse.fr/structures/1749-formation-danse;1749-formation-danse
Forme Harmonie;affiliated;AFFILIATED_STRUCTURE;12 impasse Jules Verne;80350;MERS LES BAINS;dedenis.patricia@neuf.fr;0235500014;;50.0655495;1.3880593;2026;Autres Danses | Hip Hop;Danses hip-hop;https://www.ffdanse.fr/structures/1638-forme-harmonie;1638-forme-harmonie
Fos country;affiliated;AFFILIATED_STRUCTURE;Maison pour tous - Jas de Gouin, Allée des pins;13270;FOS SUR MER;fos.country13@gmail.com;0775710504;http://fos country.com;43.4495698;4.9397814;2026;Country And Line | ancien nom à supprimer;Country & line;https://www.ffdanse.fr/structures/274-fos-country;274-fos-country
FOYER CLUB DE L'AMITIÉ (FCA);affiliated;AFFILIATED_STRUCTURE;4, rue Jean Jacques Rousseau;95350;SAINT BRICE SOUS FORÊT;fca.saintbrice@orange.fr;01 39 92 51 14;www.fca-stbrice.fr;49.0023445;2.3543536;2026;Africaine | Afro-caribéennes | Afro-contemporaine | Barre au Sol | Breaking | Classique | Comedie Musicale | Contemporain | Eveil à la Danse | Flamenco | Hip Hop | House | Indienne | Jazz | New Style | Orientale | Ragga | Regards chorégraphiques | Salsa | Salsa Team Couple | Salsa Team Styling | Street Dance | Zumba;Danses ethniques | Afro-jazz | Barre au sol classique | Barre au sol contemporaine | Breaking | Classique | Comédie musicale | Ateliers de création | Contemporain | Flamenco | Danses hip-hop | Modern jazz | Jazz | Salsa | Zumba;https://www.ffdanse.fr/structures/5992-foyer-club-de-l-amitie-fca;5992-foyer-club-de-l-amitie-fca
Foyer Culturel-Ecole de Danse du Pays de Bitche;affiliated;AFFILIATED_STRUCTURE;MILLE CLUBS Impasse de l'Ecole;57230;BITCHE;schmitt.alain3@wanadoo.fr;0771106743;www.ecole-danse-bitche.fr;49.0541679;7.4225253;2026;Classique | Contemporain | Eveil à la Danse | Jazz | Street Dance;Classique | Ateliers de création | Contemporain | Modern jazz | Jazz | Danses hip-hop;https://www.ffdanse.fr/structures/1100-foyer-culturel-ecole-de-danse-du-pays-de-bitche;1100-foyer-culturel-ecole-de-danse-du-pays-de-bitche
Foyer des jeunes;affiliated;AFFILIATED_STRUCTURE;Chez Christine DAUGA, 277 Chemin de Marcantoine;40250;Mugron;kiki.dauga@wanadoo.fr;0670941564;;43.751052;-0.748762;2026;Breaking | Contemporain | Hip Hop | Jazz;Breaking | Ateliers de création | Contemporain | Danses hip-hop | Modern jazz | Jazz;https://www.ffdanse.fr/structures/907-foyer-des-jeunes;907-foyer-des-jeunes
Foyer Laïque d'Education Permanente;recently_disaffiliated;UNAFFILIATED_STRUCTURE;Mairie;81120;LOMBERS;yves.lechevanton@orange.fr;0637748736;;43.8050381;2.1493835;;;;https://www.ffdanse.fr/structures/4917-foyer-laique-d-education-permanente;4917-foyer-laique-d-education-permanente
Foyer pour Tous des Mimosas;recently_disaffiliated;UNAFFILIATED_STRUCTURE;89 rue Geoffroy Saint Hilaire;06110;Le Cannet;foyerpourtousdesmimosas@yahoo.fr;0493456304;;43.5686569;6.9921286;;;;https://www.ffdanse.fr/structures/4977-foyer-pour-tous-des-mimosas;4977-foyer-pour-tous-des-mimosas
France de BERTRAND Au Centre de la Danse;affiliated;AFFILIATED_STRUCTURE;8 A place de la mairie;78910;TACOIGNIERES;france.debertrand@gmail.com;0642897848;;48.8363613;1.6761569;2026;Barre au Sol | Classique | Folklorique;Barre au sol classique | Barre au sol contemporaine | Classique | Danses traditionnelles;https://www.ffdanse.fr/structures/5752-france-de-bertrand-au-centre-de-la-danse;5752-france-de-bertrand-au-centre-de-la-danse
Franche-Comté Danse Sportive;affiliated;AFFILIATED_STRUCTURE;27 rue Sancey;25000;Besançon;franchecomtedansesportive@gmail.com;0613760860;www.fcds.fr;;;2026;Dix Danses | Latines | Pole Dance | Standards | Danse en solo Latine | Danse en solo Standard;Danses latines | Danses standards | Pole dance;https://www.ffdanse.fr/structures/2176-franche-comte-danse-sportive;2176-franche-comte-danse-sportive
FRED DANSE ACADEMIE;affiliated;AFFILIATED_STRUCTURE;150 impasse claude bertholet, 01960;01960;Péronnas;fred-danseacademie@orange.fr;0686773782;www.fred-danseacademie.fr;46.186324;5.2065646;2026;Bachata | Boogie Woogie | Claquettes | Comedie Musicale | Contemporain | Danse Show | Danses Solo | Disco | Eveil à la Danse | Jazz | Kizomba | Latines | Lindy Hop | OLD : Salsa, Bachata, Kizomba | Rock Acrobatique | Rock Formation | Rock Saute | Rock et DA | Rock'n'Roll | Salsa | Show Dance Latine | Show Dance Standard | Societe | Standards | Street Dance | Tango Argentin | West Coast Swing | Zumba;Bachata | Boogie-Woogie | Claquettes | Comédie musicale | Ateliers de création | Contemporain | Disco | Modern jazz | Jazz | Kizomba | Danses latines | Lindy hop | Salsa | Rock acrobatique | Rock'n'roll | Rock sauté | Danses standards | Danses de salon | Danses hip-hop | Tango argentin | West Coast Swing | Zumba;https://www.ffdanse.fr/structures/4105-fred-danse-academie;4105-fred-danse-academie
Free Dance Song;affiliated;AFFILIATED_STRUCTURE;106 rue des Maraîchers;75020;PARIS;freedancesong@free.fr;0143733544;https://www.freedancesong.com;48.8567809;2.4050314;2026;Africaine | Autres Danses | Contemporain | Jazz;Danses ethniques | Ateliers de création | Contemporain | Modern jazz | Jazz;https://www.ffdanse.fr/structures/1461-free-dance-song;1461-free-dance-song
FREE DANSE;affiliated;AFFILIATED_STRUCTURE;8 rue des bourdigues;13500;Martigues;contact@freedanse.com;0618135465;www.freedanse.com;43.4022732;5.0499888;2026;Africaine | Bachata | Cabaret | Classique | Contemporain | Eveil à la Danse | Flamenco | Hip Hop | Jazz | Kizomba | Lindy Hop | Orientale | Ragga | Rock | Rock et DA | Salsa | Societe | Tango Argentin | West Coast Swing | Zumba;Danses ethniques | Bachata | Cabaret | Classique | Ateliers de création | Contemporain | Flamenco | Danses hip-hop | Modern jazz | Jazz | Kizomba | Lindy hop | Rock'n'roll | Rock sauté | Salsa | Danses de salon | Tango argentin | West Coast Swing | Zumba;https://www.ffdanse.fr/structures/3719-free-danse;3719-free-danse
French Pole Riviera;affiliated;AFFILIATED_STRUCTURE;1 rue Oscar 2, French Pole Riviera, 06000;06100;Nice;frenchpoleriviera@gmail.com;0647548226;www.frenchpoleriviera.com;43.7038601;7.2557169;2026;Pole Dance;Pole dance;https://www.ffdanse.fr/structures/3025-french-pole-riviera;3025-french-pole-riviera
Fronton St Lonnais section danse;affiliated;AFFILIATED_STRUCTURE;ROUTE DE LA PAYOLLE;40300;Saint Lon les Mines;dansestlon@gmail.com;0674013844;;43.614072;-1.126774;2026;Barre au Sol | Classique | Eveil à la Danse | Jazz | Street Dance;Barre au sol classique | Barre au sol contemporaine | Classique | Modern jazz | Jazz | Danses hip-hop;https://www.ffdanse.fr/structures/2519-fronton-st-lonnais-section-danse;2519-fronton-st-lonnais-section-danse
Frédérique Laillet;affiliated;AFFILIATED_STRUCTURE;175 RUE DU PRESIDENT ROOSEVELT;78100;SAINT GERMAIN EN LAYE;accordanse78@gmail.com;0603721383;;48.899075;2.0720321;2026;Contemporain | Jazz;Ateliers de création | Contemporain | Modern jazz | Jazz;https://www.ffdanse.fr/structures/1612-frederique-laillet;1612-frederique-laillet
Funny Country Plouigneau;recently_disaffiliated;UNAFFILIATED_STRUCTURE;xxxxx;29610;Plouigneau;xxxx;;;48.5679892;-3.7019065;;;;https://www.ffdanse.fr/structures/5932-funny-country-plouigneau;5932-funny-country-plouigneau
G'Country;recently_disaffiliated;UNAFFILIATED_STRUCTURE;3 place du clocher vrillé;49150;FOUGERE;g-country@hotmail.com;0686088550;;46.227638;2.213749;;;;https://www.ffdanse.fr/structures/5691-g-country;5691-g-country
GAATHA FINANCEMENT;affiliated;AFFILIATED_STRUCTURE;13 Bis rue du Moulin d'Ecorce;58000;NEVERS;poleartfactoryecole@gmail.com;0672229147;https://poleartfactorynevers.wixsite.com/pole-art-factory-nev;46.991885;3.168396;2026;Pole Dance;Pole dance;https://www.ffdanse.fr/structures/5754-gaatha-financement;5754-gaatha-financement
Gaelic feet;affiliated;AFFILIATED_STRUCTURE;122 chemin de l'ousse;31600;MURET;gaelicfeet.toulouse@gmail.com;06 37 07 38 83;;43.463298;1.361276;2026;Claquettes | Danse Historique | Autres Danses Du Monde;Claquettes | Danse historique | Danses ethniques;https://www.ffdanse.fr/structures/6161-gaelic-feet;6161-gaelic-feet
GARAU DANCE STUDIO GDS;affiliated;AFFILIATED_STRUCTURE;4300 ROUTE DE BAGNOLS, RESIDENCE LE CASTELLET VILLA 50;83920;LA MOTTE;sbretagne@aelysfinance.com;0610372143;;43.49897;6.5792469;2026;Bachata | Bachata Team Couple | Bachata Team Styling | Dix Danses | Duo bachata Shines | Duo salsa Shines | Latines | Latino Caraibes | OLD : Salsa, Bachata, Kizomba | Salsa | Salsa Team Couple | Salsa Team Styling | Show Dance Latine | Show Dance Standard | Show Latino Caraïbe | Solo Team Lat / Std | Standards | Teams SBK;Bachata | Danses latines | Danses standards | Danses latino-caraïbes | Salsa | Kizomba;https://www.ffdanse.fr/structures/4808-garau-dance-studio-gds;4808-garau-dance-studio-gds
Garde le mouv;affiliated;AFFILIATED_STRUCTURE;2 chemin du musée;33350;St magne de castillon;kafouy@hotmail.fr;0613536259;;44.8472997;-0.0724729;2026;Contemporain;Ateliers de création | Contemporain;https://www.ffdanse.fr/structures/6286-garde-le-mouv;6286-garde-le-mouv
Garden of Dance;affiliated;AFFILIATED_STRUCTURE;28 rue Flora Tristan;31320;Castanet-Tolosan;sephan.lay.nien@gmail.com;0676568739;;43.5231788;1.5122553;2026;Breaking | Danse en solo Latine | Danse en solo Standard | Dix Danses | Latines | Show Dance Latine | Show Dance Standard | Solo Team Lat / Std | Standards;Breaking | Danses latines | Danses standards;https://www.ffdanse.fr/structures/5788-garden-of-dance;5788-garden-of-dance
GAUDRI;recently_disaffiliated;UNAFFILIATED_STRUCTURE;1, Linus Carl PAULING;76130;MONT SAINT AIGNAN;contact@gaudri.fr;07 81 22 92 38;www.gaudri.fr;49.4736718;1.0929365;;;;https://www.ffdanse.fr/structures/3709-gaudri;3709-gaudri
GCOB  Danse;affiliated;AFFILIATED_STRUCTURE;BP 30;76420;BIHOREL;president.modernjazz@gcob76.com;0683567354;;0;0;2026;Jazz;Modern jazz | Jazz;https://www.ffdanse.fr/structures/1501-gcob-danse;1501-gcob-danse
Gek dance;affiliated;AFFILIATED_STRUCTURE;37 rue Jules Olivier, Appt 5;97400;SAINT DENIS;geneeker@gmail.com;0692012764;;-20.8809135;55.4551254;2026;Country And Line | ancien nom à supprimer;Country & line;https://www.ffdanse.fr/structures/2040-gek-dance;2040-gek-dance
GENAY TONIC DANSE;affiliated;AFFILIATED_STRUCTURE;64 rue des écoles;69730;GENAY;genaytonicdanse@gmail.com;06.31.30.73.76;;45.8979371;4.8403356;2026;Contemporain | Danse Show | Eveil à la Danse | Jazz | Rock | Street Dance;Ateliers de création | Contemporain | Disco | Modern jazz | Jazz | Rock'n'roll | Danses hip-hop;https://www.ffdanse.fr/structures/4078-genay-tonic-danse;4078-genay-tonic-danse
Geste et harmonie;affiliated;AFFILIATED_STRUCTURE;BP Mairie;13760;Saint-cannat;nathalie.frate@gmail.com;0678839152;;43.6210176;5.2979513;2026;Classique | Contemporain | Jazz;Classique | Ateliers de création | Contemporain | Modern jazz | Jazz;https://www.ffdanse.fr/structures/336-geste-et-harmonie;336-geste-et-harmonie
Gibal'danse;affiliated;AFFILIATED_STRUCTURE;22 avenue de la Gare;63230;Pontgibaud;gibaldanse@gmail.com;0648736055;gibaldanse.fr;45.8266873;2.8502636;2026;Contemporain | Jazz;Ateliers de création | Contemporain | Modern jazz | Jazz;https://www.ffdanse.fr/structures/4962-gibal-danse;4962-gibal-danse
Giva danse;recently_disaffiliated;UNAFFILIATED_STRUCTURE;25 Domaine de Freiresque;13660;ORGON;j.vagnol@bbox.fr;0986314987;http://www.paca.ffdanse.org;43.3572614;5.4110318;;;;https://www.ffdanse.fr/structures/318-giva-danse;318-giva-danse
GLORY DANCE;affiliated;AFFILIATED_STRUCTURE;CITEE ADMINISTRATIVE, PLACE DE LA RESISTANCE;01340;MONTREVEL EN BRESSE;president.glorydance@sfr.fr;0689868762;;46.3358973;5.1264987;2026;Africaine | Afro-caribéennes | Afro-contemporaine | ancien nom à supprimer | Autres Danses | Autres Danses Du Monde | Bachata | Bachata Team Couple | Bachata Team Styling | Barre au Sol | Bollywood | Boogie Woogie | Breaking | Cabaret | Claquettes | Classique | Comedie Musicale | Contemporain | Country And Line | Danse aérienne | Danse en solo Latine | Danse en solo Latine NON | Danse en solo Standard | Danse en solo Standard NON | Danse Historique | Danse Inclusive | Danse sacrée | Danse Show | Danse Verticale | Danses Solo | Disco | Dix Danses | Duo bachata Shines | Duo salsa Shines | Eveil à la Danse | Flamenco | Folklorique | Hip Hop | House | Indienne | Jazz | Jazz duo | Jazz groupe | Kizomba | Kizomba Chorégraphie | Kizomba Improvisation Traditionnelle | Kizomba Improvisation Urban | Krump | Latines | Latino Caraibes | Lindy Hop | Locking | New Style | OLD : Salsa, Bachata, Kizomba | Orientale | Parapole Artistique | Parapole sport | Pilates | Pole Dance | Pole Sport | Poping | Ragga | Regards chorégraphiques | Rock | Rock Acrobatique | Rock et DA | Rock Formation | Rock Saute | Rock'n'Roll | Salsa | Salsa Team Couple | Salsa Team Styling | Show Dance Latine | Show Dance Standard | Show Latino Caraïbe | Societe | Solo Team Lat / Std | Square Dance | Standards | Street Dance | Tango Argentin | Teams SBK | Transversal | West Coast Swing | Zumba;Danses ethniques | Afro-jazz | Bachata | Barre au sol classique | Barre au sol contemporaine | Boogie-Woogie | Breaking | Cabaret | Claquettes | Classique | Comédie musicale | Ateliers de création | Contemporain | Country & line | Danses aériennes | Danse historique | Disco | Danses latines | Danses standards | Flamenco | Danses traditionnelles | Danses hip-hop | Modern jazz | Jazz | Kizomba | Danses latino-caraïbes | Lindy hop | Salsa | Pole dance | Pole sport | Rock'n'roll | Rock acrobatique | Rock sauté | Danses de salon | Tango argentin | West Coast Swing | Zumba;https://www.ffdanse.fr/structures/6289-glory-dance;6289-glory-dance
Go Naturo Body;affiliated;AFFILIATED_STRUCTURE;7 rue nationale;57200;sarreguemines;gonaturobody@gmail.com;0782049313;gonaturobody.fr;49.1109398;7.066282;2026;Danse Verticale | Danse aérienne | Pole Dance | Pole Sport;Danses aériennes | Pole dance | Pole sport;https://www.ffdanse.fr/structures/5872-go-naturo-body;5872-go-naturo-body
Goele Competi Danse;affiliated;AFFILIATED_STRUCTURE;4 rue de bourbon condé;77230;dammartin en goele;goele.danse@laposte.net;+33669150035;;49.060157;2.6811621;2026;Dix Danses | Latines | Standards | Danse en solo Latine | Danse en solo Standard;Danses latines | Danses standards;https://www.ffdanse.fr/structures/1583-goele-competi-danse;1583-goele-competi-danse
Golden dance;affiliated;AFFILIATED_STRUCTURE;2 impasse des vignes;31270;CUGNAUX;31goldendance@gmail.com;0659805483;;43.5502128;1.3291088;2026;Country Danse Partner - DP | Country Danse en Couple - DC | Country Danse en Couple - DC Pro AM | Country Danse en Formation - DF Cabaret Team | Country Danse en Formation - DF Crea Team | Country Danse en Formation - DF Duo | Country Danse en Formation - DF Loisirs Team | Country Danse en Formation - DF Quad | Country Danse en Formation - DF Show Team | Country Danse en Ligne - DL Pop Line | Country Danse en ligne - DL | Country Ecriture Choregraphique - EC | DC Pro AM;;https://www.ffdanse.fr/structures/623-golden-dance;623-golden-dance
GONCELIN DANSE;affiliated;AFFILIATED_STRUCTURE;MCPecoul 5 route des iles;38570;Goncelin;danse4391@gmail.com;0621648229;;45.3442663;5.9773477;2026;Standards;Danses standards;https://www.ffdanse.fr/structures/3347-goncelin-danse;3347-goncelin-danse
GOOD OLD DAYS;affiliated;AFFILIATED_STRUCTURE;8 Chemin du Moulin de Cantigné;36000;Châteauroux;president.goodolddays@gmail.com;0650690025;;46.8025454;1.7399281;2026;Country And Line | Lindy Hop | Rock;Country & line | Lindy hop | Rock'n'roll;https://www.ffdanse.fr/structures/5565-good-old-days;5565-good-old-days
Gotan.A2;affiliated;AFFILIATED_STRUCTURE;rue Jean Zay, Complexe Sportif Léo-Lagrange;59120;Loos-lez-Lille;gotan.a2.mn@gmail.com;0661103990;;50.6079255;3.0086788;2026;Tango Argentin;Tango argentin;https://www.ffdanse.fr/structures/6106-gotan-a2;6106-gotan-a2
GRAINE DE TALENTS;affiliated;AFFILIATED_STRUCTURE;RUE PASTEUR;89100;SOUCY;armelle.van.eecloo@gmail.com;0616580398;;48.246906;3.3215272;2026;Breaking;Breaking;https://www.ffdanse.fr/structures/6353-graine-de-talents;6353-graine-de-talents
Green forest dancers;affiliated;AFFILIATED_STRUCTURE;16 route de la Croix de la Mission;19290;Saint Setiers;gfdancers19@gmail.com;07 45 40 72 02;;45.6952445;2.1263954;2026;Country And Line;Country & line;https://www.ffdanse.fr/structures/4364-green-forest-dancers;4364-green-forest-dancers
Grenoble Danse Club (G.D.C.);affiliated;AFFILIATED_STRUCTURE;13 rue Alphonse TERRAY;38000;Grenoble;GrenobleDanseClub@gmail.com;0674074293;;45.1849272;5.7125869;2026;Societe;Danses de salon;https://www.ffdanse.fr/structures/847-grenoble-danse-club-g-d-c;847-grenoble-danse-club-g-d-c
Groupe pourquoi pas;affiliated;AFFILIATED_STRUCTURE;24 RUE PASTEUR;64000;PAU;gppdanse@gmail.com;0659044288;;43.3020766;-0.3718589;2026;Contemporain;Ateliers de création | Contemporain;https://www.ffdanse.fr/structures/1264-groupe-pourquoi-pas;1264-groupe-pourquoi-pas
GRYMDA;affiliated;AFFILIATED_STRUCTURE;6 rue de Verdun, Centre culturel Jacques Duhamel, BP 20417;35500;VITRE;ass.grymda@gmail.com;06 79 52 99 64;www.grymda.com;48.1213927;-1.2161262;2026;Jazz;Modern jazz | Jazz;https://www.ffdanse.fr/structures/5605-grymda;5605-grymda
Guet-apens'bgirlz;affiliated;AFFILIATED_STRUCTURE;79 Boulevard Jules Guesde;10000;Troyes;guet.apens@yahoo.fr;0661802408;www.compagnieguetapens.fr;48.2843229;4.0841742;2026;Breaking | Contemporain | Hip Hop | House | Locking | New Style | Pole Dance | Poping | Regards chorégraphiques | Street Dance;Breaking | Ateliers de création | Contemporain | Danses hip-hop | Pole dance;https://www.ffdanse.fr/structures/4784-guet-apens-bgirlz;4784-guet-apens-bgirlz
Gueudrydanceschool;recently_disaffiliated;UNAFFILIATED_STRUCTURE;48 rue de la mairie;60270;Gouvieux;gueudrydanceschool@laposte.net;0664620997;;49.1878443;2.4160254;;;;https://www.ffdanse.fr/structures/5831-gueudrydanceschool;5831-gueudrydanceschool
GUYALATINA;affiliated;AFFILIATED_STRUCTURE;36 rue Corinne Desormeaux, Local 8, 97310;97310;Kourou;guyalatina@hotmail.fr;+33641113249;;46.227638;2.213749;2026;Afro-caribéennes | Bachata | Bachata Team Couple | Kizomba | Kizomba Chorégraphie | Kizomba Improvisation Traditionnelle | Kizomba Improvisation Urban | Latino Caraibes | Lindy Hop | OLD : Salsa, Bachata, Kizomba | Rock | Salsa | Show Dance Latine | Show Latino Caraïbe | Teams SBK | West Coast Swing;Danses ethniques | Bachata | Kizomba | Danses latino-caraïbes | Lindy hop | Salsa | Rock'n'roll | Danses latines | West Coast Swing;https://www.ffdanse.fr/structures/5730-guyalatina;5730-guyalatina
Guyl'dance;recently_disaffiliated;UNAFFILIATED_STRUCTURE;270 rue des flaments roses;30240;LE GRAU DU ROI;guyldance@yahoo.fr;0610462089;guyldance@yahoo.fr;43.5256411;4.1533491;;;;https://www.ffdanse.fr/structures/565-guyl-dance;565-guyl-dance
Gwladys dance studio;affiliated;AFFILIATED_STRUCTURE;1245 avenue de la plaine Parc d'activités de la plaine;06250;MOUGINS;gwladysdancestudio06@gmail.com;0660740891;https://gwladysdancestudio.com/;43.602067511429;6.9712496203072;2026;Africaine | Afro-caribéennes | Afro-contemporaine | Barre au Sol | Classique | Contemporain | Eveil à la Danse | Folklorique | House | Jazz | New Style | Ragga | Regards chorégraphiques | Street Dance;Danses ethniques | Afro-jazz | Barre au sol classique | Barre au sol contemporaine | Classique | Ateliers de création | Contemporain | Danses traditionnelles | Danses hip-hop | Modern jazz | Jazz;https://www.ffdanse.fr/structures/167-gwladys-dance-studio;167-gwladys-dance-studio
Gym et danse;affiliated;AFFILIATED_STRUCTURE;23 rue Victor Hugo, association gym et danse;87700;Aixe sur Vienne;savaryma87@gmail.com;0662643713;;45.7948881;1.1368205;2026;Autres Danses | Classique | Jazz;Classique | Modern jazz | Jazz;https://www.ffdanse.fr/structures/1818-gym-et-danse;1818-gym-et-danse
GYMNASTICLUB;affiliated;AFFILIATED_STRUCTURE;4 LIEU DIT ROUJOL;97170;PETIT BOURG;contact-administratif@gymnasticlub.org;0690614541;https://www.gymnasticlub.fr;45.0391679;-0.55961;2026;Danse aérienne | Pole Dance;Danses aériennes | Pole dance;https://www.ffdanse.fr/structures/5899-gymnasticlub;5899-gymnasticlub
GYMNASTIQUE RYTHMIQUE SPORTIVE PARIS XI;affiliated;AFFILIATED_STRUCTURE;21 rue Robert et Sonia DELAUNAY;75011;Paris;grs.paris11@gmail.com;0608629554;;48.8551899;2.3942047;2026;Barre au Sol | Classique | Danse Inclusive | Danse Show | Danses Solo | Eveil à la Danse | Jazz | Regards chorégraphiques;Barre au sol classique | Barre au sol contemporaine | Classique | Disco | Modern jazz | Jazz | Ateliers de création | Contemporain;https://www.ffdanse.fr/structures/5400-gymnastique-rythmique-sportive-paris-xi;5400-gymnastique-rythmique-sportive-paris-xi
Génération dance;affiliated;AFFILIATED_STRUCTURE;6 RUE GEORGES BRASSENS, 62880;62880;VENDIN LE VIEIL;salome.cathy@bbox.fr;0660630876;;50.4659835;2.8620944;2026;Eveil à la Danse | Hip Hop | Latines | Salsa | Societe | Standards | Zumba;Danses hip-hop | Danses latines | Salsa | Danses de salon | Danses standards | Zumba;https://www.ffdanse.fr/structures/5469-generation-dance;5469-generation-dance
Génération Dance Courchelettes;affiliated;AFFILIATED_STRUCTURE;1 rue Emile Maccra;59552;Courchelettes;chris.dauc@gmail.com;0621561887;;50.3434528;3.0618;2026;Jazz;Modern jazz | Jazz;https://www.ffdanse.fr/structures/1151-generation-dance-courchelettes;1151-generation-dance-courchelettes
Génération danse;affiliated;AFFILIATED_STRUCTURE;1 bis rue Marcel Pagnol;66440;TORREILLES;generationdansetorreilles@gmail.com;0626561595;;42.7562218;2.9948255;2026;Autres Danses | Autres Danses Du Monde | Cabaret | Classique | Comedie Musicale | Contemporain | Jazz;Danses ethniques | Cabaret | Classique | Comédie musicale | Ateliers de création | Contemporain | Modern jazz | Jazz;https://www.ffdanse.fr/structures/1306-generation-danse;1306-generation-danse
Génération-Fitness SARL Poirier-Madiot;recently_disaffiliated;UNAFFILIATED_STRUCTURE;N°21 lotissement Le Bignon;35430;SAINT-SULIAC;alexandra.poirier-madiot@orange.fr;0609470656;www.generation-fitness.com;48.5702829;-1.9658903;2026;Autres Danses;;https://www.ffdanse.fr/structures/4403-generation-fitness-sarl-poirier-madiot;4403-generation-fitness-sarl-poirier-madiot
Générations Danses;affiliated;AFFILIATED_STRUCTURE;Place Général de Gaulle Centre Associatif et Culturel;66600;RIVESALTES;generations.danses-rivesaltes@orange.fr;0688541430;;42.7707188;2.8739893;2026;Jazz;Modern jazz | Jazz;https://www.ffdanse.fr/structures/1304-generations-danses;1304-generations-danses
H TAG COUNTRY LABENNE;affiliated;AFFILIATED_STRUCTURE;2, lotissement Leus Arradits;40530;LABENNE;htagcountrylabenne@gmail.com;0646216367;;0;0;2026;Country And Line | ancien nom à supprimer;Country & line;https://www.ffdanse.fr/structures/901-h-tag-country-labenne;901-h-tag-country-labenne
H'ART;recently_disaffiliated;UNAFFILIATED_STRUCTURE;539 IMPASSE DE LA COLLINE, La Chaumière;97351;MATOURY;guyanehart@gmail.com;0694271848;https://www.hartguyane.fr;4.878844;-52.359333;;;;https://www.ffdanse.fr/structures/5391-h-art;5391-h-art
Habanera;affiliated;AFFILIATED_STRUCTURE;Rue Plantagenet;49000;Angers;marina.malbec@orange.fr;O614285232;;47.472365;-0.554533;2026;Claquettes | Danse en solo Latine | Danse en solo Standard | Dix Danses | Latines | Show Dance Latine | Show Dance Standard | Solo Team Lat / Std | Standards;Claquettes | Danses latines | Danses standards;https://www.ffdanse.fr/structures/1024-habanera;1024-habanera
Habanera club;affiliated;AFFILIATED_STRUCTURE;4 rue des jardins;02880;CHIVRES VAL;chrystelle.carre@wanadoo.fr;0660420083;https://habanera-club.fr/;;;2026;Bachata | Kizomba | Rock et DA | Salsa | Societe;Bachata | Kizomba | Rock sauté | Salsa | Danses de salon;https://www.ffdanse.fr/structures/119-habanera-club;119-habanera-club
Hana Berry Pop;recently_disaffiliated;UNAFFILIATED_STRUCTURE;28 rue Gambon, Maison des associations;18000;Bourges;hanaberrypop@gmail.com;0627173172;;47.0870399;2.391194;;;;https://www.ffdanse.fr/structures/4453-hana-berry-pop;4453-hana-berry-pop
Hand to Hand;affiliated;AFFILIATED_STRUCTURE;7 avenue albert 1ier, résidence Bourranville - appt 2;33720;Merignac;dansehandi@gmail.com;0621444220;www.handtohand33.fr;44.8407328;-0.6300824;2026;Danse Inclusive | Flamenco | Latines | Rock | Salsa | Societe | Standards | West Coast Swing | Zumba;Flamenco | Danses latines | Rock'n'roll | Salsa | Danses de salon | Danses standards | West Coast Swing | Zumba;https://www.ffdanse.fr/structures/2366-hand-to-hand;2366-hand-to-hand
HAPPY COCOON STUDIO;affiliated;AFFILIATED_STRUCTURE;35 CHEMIN BINAGRET;31410;LE FAUGA;happycocoon.studio@gmail.com;0622020836;happycocoonstudio.fr;43.397456;1.28703;2026;Cabaret | Danse aérienne | Pole Dance | Pole Sport;Cabaret | Danses aériennes | Pole dance | Pole sport;https://www.ffdanse.fr/structures/5775-happy-cocoon-studio;5775-happy-cocoon-studio
HAPPY DANCING FEVER;recently_disaffiliated;UNAFFILIATED_STRUCTURE;43 avenue de trouville;14150;Ouistreham;happydancingfever@gmail.com;0618930883;;49.288704;-0.265679;2026;Zumba;Zumba;https://www.ffdanse.fr/structures/5772-happy-dancing-fever;5772-happy-dancing-fever
HAPPY DANSE 82;affiliated;AFFILIATED_STRUCTURE;18 LOTISSEMENT de NOGAYE;82600;Verdun-sur-Garonne;staff.happydanse82@gmail.com;0612241107;;43.845373;1.238678;;;;https://www.ffdanse.fr/structures/5762-happy-danse-82;5762-happy-danse-82
Happy danse 82;affiliated;AFFILIATED_STRUCTURE;18 lotissement Nogaye;82600;Verdun-sur-Garonne;Staff.happydanse82@gmail.com;06 12 24 11 07;;43.845373;1.238678;2026;Bachata | Boogie Woogie | Dix Danses | Kizomba | Latines | Lindy Hop | Rock | Rock'n'Roll | Salsa | Standards;Bachata | Boogie-Woogie | Danses latines | Danses standards | Kizomba | Lindy hop | Rock'n'roll | Salsa;https://www.ffdanse.fr/structures/1673-happy-danse-82;1673-happy-danse-82
Happy Danse Studio;affiliated;AFFILIATED_STRUCTURE;Carbet des associations du Village chinois, Rue Ho len-fat;97320;SAINT-LAURENT du MARONI;happydansestudio@gmail.com;+594694903042;;5.4997593;-54.0335572;2026;Breaking | Hip Hop | New Style;Breaking | Danses hip-hop;https://www.ffdanse.fr/structures/6231-happy-danse-studio;6231-happy-danse-studio
Happy Feet;affiliated;AFFILIATED_STRUCTURE;19 rue Aristide Maillol;33700;MERIGNAC;happyfeetwcs@gmail.com;0684416460;happyfeetwcs.fr;44.8193603;-0.6889255;2026;West Coast Swing;West Coast Swing;https://www.ffdanse.fr/structures/4527-happy-feet;4527-happy-feet
Happy Pole;affiliated;AFFILIATED_STRUCTURE;465 rue de Prépontin;38660;Le Touvet;e.ducrocq38@gmail.com;06 29 40 14 62;www.happy-pole.fr;45.360661;5.959469;2026;Pole Dance;Pole dance;https://www.ffdanse.fr/structures/5473-happy-pole;5473-happy-pole
Happy RJD;affiliated;AFFILIATED_STRUCTURE;14 RUE DES PERDRIX;28350;ST LUBIN DES JONCHERETS;happyrjd28@gmail.com;0683819264;;48.7618007;1.1844135;2026;Contemporain | Jazz;Ateliers de création | Contemporain | Modern jazz | Jazz;https://www.ffdanse.fr/structures/2923-happy-rjd;2923-happy-rjd
Happy Swing;affiliated;AFFILIATED_STRUCTURE;16 Avenue du Grésillé, Bâtiment A;49000;Angers;nicolas.panouilleres@gmail.com;0630180945;;47.459301;-0.598773;2026;Danses Solo | Lindy Hop;Lindy hop;https://www.ffdanse.fr/structures/6386-happy-swing;6386-happy-swing
HARMONIE DANSE;affiliated;AFFILIATED_STRUCTURE;15 PLACE DE L'EGLISE;44160;BESNE;harmoniedanse44@gmail.com;0662489203;www.harmonie-danse-44.com;47.3963717;-2.0918538;2026;Hip Hop | House;Danses hip-hop;https://www.ffdanse.fr/structures/5219-harmonie-danse;5219-harmonie-danse
Hat's and boots club;affiliated;AFFILIATED_STRUCTURE;Mairie de Pont Audemer Place de Verdun;27500;PONT AUDEMER;hats.and.boots.club@hotmail.fr;0232427689;;49.357235;0.516901;2026;Country And Line | ancien nom à supprimer;Country & line;https://www.ffdanse.fr/structures/507-hat-s-and-boots-club;507-hat-s-and-boots-club
Havana Style;affiliated;AFFILIATED_STRUCTURE;85 avenue de la libération Charles de Gaulle;33110;Le Bouscat;contact@havanastyleasso.com;0650926393;https://www.havanastyleasso.fr/;44.8573653;-0.5969783;2026;Afro-caribéennes | Folklorique | Latines | Latino Caraibes | Salsa;Danses ethniques | Danses traditionnelles | Danses latines | Danses latino-caraïbes | Salsa;https://www.ffdanse.fr/structures/5369-havana-style;5369-havana-style
HD DANCE;affiliated;AFFILIATED_STRUCTURE;109 CHEMIN DE LA FORET AUX MARTINS;26120;MALISSARD;hddance@outlook.fr;0669282287;;44.9147;4.934491;2026;Boogie Main Class | Boogie Woogie | Danse en solo Latine | Latines | Lindy Hop | Rock et DA | Show Dance Latine | Societe | Solo Team Lat / Std;Boogie-Woogie | Danses latines | Lindy hop | Rock sauté | Danses de salon | Danses standards;https://www.ffdanse.fr/structures/5013-hd-dance;5013-hd-dance
HD HAUCOURT DE DANSE;affiliated;AFFILIATED_STRUCTURE;1 rue Pasteur;54860;Haucourt Moulaine;haucourtdedanse@gmail.com;0680774283;;49.4886365;5.8044149;2026;Autres Danses | Classique | Eveil à la Danse | Hip Hop | Ragga | Street Dance;Classique | Danses hip-hop;https://www.ffdanse.fr/structures/4318-hd-haucourt-de-danse;4318-hd-haucourt-de-danse
HDMI Team;recently_disaffiliated;UNAFFILIATED_STRUCTURE;16 C rue du petit bernard;21000;Dijon;asso.hdmiteam@gmail.com;0609153272;;47.304795;5.0348782;;;;https://www.ffdanse.fr/structures/4551-hdmi-team;4551-hdmi-team
HELIXES;affiliated;AFFILIATED_STRUCTURE;90 rue du Pré Vescal;05000;RAMBAUD;marianne.barreau-prunet@orange.fr;0619847506;;44.5442021;6.1416713;2026;Classique | Contemporain | Regards chorégraphiques;Classique | Ateliers de création | Contemporain;https://www.ffdanse.fr/structures/4688-helixes;4688-helixes
helki danse compagnie;affiliated;AFFILIATED_STRUCTURE;2 route de Lacq;64370;Arthez de Béarn;helki.danse.cie@gmail.com;0686709160;www.helkidanse.com;43.4551184;-0.6225353;2026;Autres Danses | Autres Danses Du Monde | Danse Inclusive;Danses ethniques;https://www.ffdanse.fr/structures/5837-helki-danse-compagnie;5837-helki-danse-compagnie
HELLO BROADWAY;affiliated;AFFILIATED_STRUCTURE;106, RUE DE LA BRUYERE, POISSY;78300;Poissy;sharonkirch27@gmail.com;0626888037;www.hello-broadway.net;48.9291758;2.0565484;2026;Bachata | Claquettes | Classique | Comedie Musicale | Country And Line | Jazz | Latines | Lindy Hop | Salsa | Societe | West Coast Swing;Bachata | Claquettes | Classique | Comédie musicale | Country & line | Modern jazz | Jazz | Danses latines | Lindy hop | Salsa | Danses de salon | West Coast Swing;https://www.ffdanse.fr/structures/2779-hello-broadway;2779-hello-broadway
Hemysphere Dance School;affiliated;AFFILIATED_STRUCTURE;30 rue Drelon;63000;Clermont Ferrand;amelie.rabat@gmail.com;0648736055;;45.7703618;3.0800893;2026;Hip Hop | Jazz | Jazz groupe | Regards chorégraphiques;Danses hip-hop | Modern jazz | Jazz | Ateliers de création | Contemporain;https://www.ffdanse.fr/structures/6377-hemysphere-dance-school;6377-hemysphere-dance-school
Herbi'danse;affiliated;AFFILIATED_STRUCTURE;Maison des Associations, place du général d'Argencé;44410;HERBIGNAC;herbidanse44@gmail.com;0749486476;https://herbidanse.jimdo.com;47.449734;-2.317044;2026;Contemporain | Jazz | Street Dance;Ateliers de création | Contemporain | Modern jazz | Jazz | Danses hip-hop;https://www.ffdanse.fr/structures/931-herbi-danse;931-herbi-danse
HESDIHIPHOP;recently_disaffiliated;UNAFFILIATED_STRUCTURE;46 PLACE DU RIETZ;62196;HESDIGNEUL LES BETHUNE;guilbertlau62@orange.fr;0684564656;;50.5026305;2.5943134;;;;https://www.ffdanse.fr/structures/4114-hesdihiphop;4114-hesdihiphop
HIP HOP AYGUEMORTAIS;affiliated;AFFILIATED_STRUCTURE;20 avenue du Général de Gaulle, Mairie;33640;AYGUEMORTE LES GRAVES;hha33640@gmail.com;07 66 36 50 25;;44.7102786;-0.4795452;2026;Hip Hop;Danses hip-hop;https://www.ffdanse.fr/structures/4015-hip-hop-ayguemortais;4015-hip-hop-ayguemortais
HIP HOP HEELS ORTHEZ;affiliated;AFFILIATED_STRUCTURE;840 CHEMIN DE L ECOLE;64300;Orthez;vmauny@live.com;0744115397;;43.494058;-0.8083705;2026;Hip Hop;Danses hip-hop;https://www.ffdanse.fr/structures/6392-hip-hop-heels-orthez;6392-hip-hop-heels-orthez
Hip Hop New School;affiliated;AFFILIATED_STRUCTURE;113, Route de Pont l'abbé, bat, droit 1er étage;29000;Quimper;contact.hiphopnewschool@gmail.com;0953322193;www.hiphopnewschool.bzh;47.985429;-4.1208102;2026;Breaking | Hip Hop | House | Locking | New Style | Poping;Breaking | Danses hip-hop;https://www.ffdanse.fr/structures/3576-hip-hop-new-school;3576-hip-hop-new-school
Histoire de danser;affiliated;AFFILIATED_STRUCTURE;La camp de veyrières;15250;Saint Paul des Landes;histoirededanser15@gmail.com;0682308969;;44.929272;2.301064;2026;Contemporain | Jazz;Ateliers de création | Contemporain | Modern jazz | Jazz;https://www.ffdanse.fr/structures/2679-histoire-de-danser;2679-histoire-de-danser
HK DANSE;recently_disaffiliated;UNAFFILIATED_STRUCTURE;23 rue de Diesen;57890;PORCELETTE;elodiekedinger@outlook.fr;0669454084;;49.1582056;6.654865;;;;https://www.ffdanse.fr/structures/2719-hk-danse;2719-hk-danse
HKL'FAMILY;affiliated;AFFILIATED_STRUCTURE;23 rue de Diesen;57890;PORCELETTE;hklfamily@outlook.fr;0669454084;;49.1581033;6.6547915;2026;Afro-contemporaine | Cabaret | Contemporain | Eveil à la Danse | Hip Hop | Jazz | Street Dance;Afro-jazz | Cabaret | Ateliers de création | Contemporain | Danses hip-hop | Modern jazz | Jazz;https://www.ffdanse.fr/structures/6130-hkl-family;6130-hkl-family
Hogan country school;affiliated;AFFILIATED_STRUCTURE;4 rue de la barre;22100;AUCALEUC;hogancountryschool@gmail.com;33659349547;;48.4563049;-2.1276241;2026;Country And Line;Country & line;https://www.ffdanse.fr/structures/428-hogan-country-school;428-hogan-country-school
House Dance Art Training;affiliated;AFFILIATED_STRUCTURE;11 allée de Glain;64100;Bayonne;contact@hdat.fr;0623279431;www.hdat.fr;43.484306;-1.471718;2026;Breaking | Hip Hop | House | Krump | Locking | New Style | Poping | Street Dance;Breaking | Danses hip-hop;https://www.ffdanse.fr/structures/2708-house-dance-art-training;2708-house-dance-art-training
Hyla Studio;affiliated;AFFILIATED_STRUCTURE;2 Rue du Milan Noir;44350;Guérande;hylastudio44@gmail.com;0684548251;https://www.hylastudio.fr/;47.3381447;-2.4236074;2026;Breaking | Hip Hop | House | Krump | Locking | New Style | Poping | Ragga | Street Dance;Breaking | Danses hip-hop;https://www.ffdanse.fr/structures/5802-hyla-studio;5802-hyla-studio
Hype Dance School;affiliated;AFFILIATED_STRUCTURE;381 Boulevard Jean Mermoz, FRANCE;83300;DRAGUIGNAN;hypedanceschool83@gmail.com;0611352951;www.hypedanceschool83.fr;43.5208776;6.4707364;2026;Breaking | Eveil à la Danse | Hip Hop | House | Jazz | New Style | Ragga | Street Dance;Breaking | Danses hip-hop | Modern jazz | Jazz;https://www.ffdanse.fr/structures/4092-hype-dance-school;4092-hype-dance-school
HYPE DANCE SCHOOL FRÉJUS;affiliated;AFFILIATED_STRUCTURE;229 VIA NOVA;83600;FRÉJUS;hypedanceschoolfrejus@gmail.com;0611352951;;43.4645396;6.7313781;2026;Breaking | Contemporain | Hip Hop | Jazz | Jazz duo | Jazz groupe | New Style | Poping | Ragga | Street Dance;Breaking | Ateliers de création | Contemporain | Danses hip-hop | Modern jazz | Jazz;https://www.ffdanse.fr/structures/6281-hype-dance-school-frejus;6281-hype-dance-school-frejus
I LOVE SBK.;affiliated;AFFILIATED_STRUCTURE;7 allée gustave Charpentier;54700;pont-à-mousson;ethandu54@outlook.fr;0649548508;;48.9187207;6.0677042;2026;Africaine | Afro-caribéennes | Afro-contemporaine | Bachata | Bachata Team Couple | Bachata Team Styling | Danse Show | Danse en solo Latine | Danse en solo Standard | Danses Solo | Dix Danses | Duo bachata Shines | Duo salsa Shines | Kizomba | Kizomba Chorégraphie | Latines | Latino Caraibes | Rock | Rock Acrobatique | Rock'n'Roll | Salsa | Salsa Team Couple | Salsa Team Styling | Show Dance Latine | Show Dance Standard | Show Latino Caraïbe | Solo Team Lat / Std | Standards | Teams SBK;Danses ethniques | Afro-jazz | Bachata | Disco | Danses latines | Danses standards | Kizomba | Danses latino-caraïbes | Rock'n'roll | Rock acrobatique | Salsa;https://www.ffdanse.fr/structures/4874-i-love-sbk;4874-i-love-sbk
IDEALE DANSE;affiliated;AFFILIATED_STRUCTURE;3 Rue de la liberté;38130;ECHIROLLES;idealedanse.echirolles@gmail.com;06 31 79 49 61;www.idéaledanse.com;45.1440679;5.7276009;2026;Barre au Sol | Boogie Formation | Boogie Juniors | Boogie Main Class | Boogie Rising Star | Boogie Seniors | Boogie Woogie | Boogie Woogie Fédéral | Classique | Dix Danses | Eveil à la Danse | Formation Rock Girls | Formation Rock Juniors | Formation Rock Ladies | Formation Rock Main Class | Formation Rock Main Class Quattro | Jazz | Latines | Lindy Hop | Lindy Hop Fédéral | Lindy Hop Junior | Lindy Hop Main Class | Lindy Hop Senior 1 | Lindy Hop Senior 2 | Lindy Hop Show case | Rock | Rock Acrobatique | Rock Acrobatique Fédéral | Rock Artistique Fédéral | Rock Children | Rock Couple Dance Show | Rock Formation | Rock Juniors | Rock Juveniles | Rock Main Class Contact Style | Rock Main Class Free Style | Rock Saute | Rock et DA | Rock'n Roll Fédéral | Rock'n'Roll | Salsa | Small Formation Rock Ladies | Small formation Rock Girls | Standards | West Coast Swing | Zumba;Barre au sol classique | Barre au sol contemporaine | Boogie-Woogie | Classique | Danses latines | Danses standards | Modern jazz | Jazz | Lindy hop | Rock'n'roll | Rock acrobatique | Rock sauté | Salsa | West Coast Swing | Zumba;https://www.ffdanse.fr/structures/2158-ideale-danse;2158-ideale-danse
Identita Dance;affiliated;AFFILIATED_STRUCTURE;99 RUE CARNOT;62950;NOYELLES;identitadance62@gmail.com;0786260666;;50.4319694;2.8730309;2026;Dix Danses | Latines | Standards;Danses latines | Danses standards;https://www.ffdanse.fr/structures/2841-identita-dance;2841-identita-dance
Idéal Dans'Eure;affiliated;AFFILIATED_STRUCTURE;5 Rue Auguste Renoir;81160;Saint-Juéry;idealdanseure@gmail.com;0643291698;;43.9452981;2.1927195;2026;Autres Danses;;https://www.ffdanse.fr/structures/522-ideal-dans-eure;522-ideal-dans-eure
il était une fois dans l'est;affiliated;AFFILIATED_STRUCTURE;13 rue de l'aya;52800;nogent;marieclaudefoissey@gmail.com;0781805288;;48.020646;5.3343248;2026;Country And Line | Societe;Country & line | Danses de salon;https://www.ffdanse.fr/structures/2845-il-etait-une-fois-dans-l-est;2845-il-etait-une-fois-dans-l-est
Ile de ré danse;affiliated;AFFILIATED_STRUCTURE;9 rue des Merles;17740;sainte marie de Ré;ilederedanse@gmail.com;0670106764;;46.1480576;-1.3059579;2026;Classique | Jazz;Classique | Modern jazz | Jazz;https://www.ffdanse.fr/structures/376-ile-de-re-danse;376-ile-de-re-danse
Illusionist;affiliated;AFFILIATED_STRUCTURE;1 rue des pierres plantées;69001;Lyon;equipe.illusionist@gmail.com;0623739466;;45.774117;4.8323756;2026;Danse Verticale | Danse aérienne | Parapole Artistique | Parapole sport | Pole Dance | Pole Sport;Danses aériennes | Pole dance | Pole sport;https://www.ffdanse.fr/structures/6058-illusionist;6058-illusionist
IMPULSE;affiliated;AFFILIATED_STRUCTURE;6 Cours des Alliés, Maison des associations;35000;Rennes;impulse.danse35@gmail.com;0671506244;;48.1050679;-1.6767622;2026;Afro-contemporaine | Autres Danses | Contemporain | Hip Hop | House | Kizomba | Standards | Street Dance;Afro-jazz | Ateliers de création | Contemporain | Danses hip-hop | Kizomba | Danses standards;https://www.ffdanse.fr/structures/4606-impulse;4606-impulse
Impulsion Danse;affiliated;AFFILIATED_STRUCTURE;283 chemin du moulin;04180;Villeneuve;impulsiondanse04@gmail.com;0608787957;;43.8949775;5.8640101;2026;Bollywood | Breaking | Eveil à la Danse | Jazz | Ragga | Street Dance;Danses ethniques | Breaking | Modern jazz | Jazz | Danses hip-hop;https://www.ffdanse.fr/structures/6014-impulsion-danse;6014-impulsion-danse
In Da House;affiliated;AFFILIATED_STRUCTURE;298 avenue Lou Gabian;83600;Fréjus;contact.indahouse@gmail.com;0752919605;www.indahousepoledancestudio.com;43.437991;6.7231636;2026;Pole Dance;Pole dance;https://www.ffdanse.fr/structures/4031-in-da-house;4031-in-da-house
IN'PULSE Modern Dance School;affiliated;AFFILIATED_STRUCTURE;2 rue Sans Debasses;34800;Clermont l'Hérault;inpulse.imds@gmail.com;0606659000;;43.6277924;3.4327396;2026;Autres Danses | Hip Hop | Jazz;Danses hip-hop | Modern jazz | Jazz;https://www.ffdanse.fr/structures/772-in-pulse-modern-dance-school;772-in-pulse-modern-dance-school
Indépen'danse;recently_disaffiliated;UNAFFILIATED_STRUCTURE;259 Boulevard de Reims;59100;ROUBAIX;orga.independanse@gmail.com;0616515319;;50.678094;3.186323;;;;https://www.ffdanse.fr/structures/5349-indepen-danse;5349-indepen-danse
INFINITY DANCE;affiliated;AFFILIATED_STRUCTURE;1013 Route du Panier;84860;CADEROUSSE;infinity.dance.association@gmail.com;0621224748;;44.124864;4.7203109;2026;Boogie Formation | Boogie Juniors | Boogie Main Class | Boogie Rising Star | Boogie Seniors | Boogie Woogie | Boogie Woogie Fédéral | Formation Rock Girls | Formation Rock Juniors | Formation Rock Ladies | Formation Rock Main Class | Formation Rock Main Class Quattro | Lindy Hop Fédéral | Rock | Rock Acrobatique | Rock Acrobatique Fédéral | Rock Artistique Fédéral | Rock Children | Rock Couple Dance Show | Rock Formation | Rock Juniors | Rock Juveniles | Rock Main Class Contact Style | Rock Main Class Free Style | Rock Saute | Rock et DA | Rock'n Roll Fédéral | Rock'n'Roll | Small Formation Rock Ladies | Small formation Rock Girls;Boogie-Woogie | Rock'n'roll | Rock acrobatique | Rock sauté;https://www.ffdanse.fr/structures/4634-infinity-dance;4634-infinity-dance
Influence 95;affiliated;AFFILIATED_STRUCTURE;200 CHAUSSEE JULES CESAR;95250;BEAUCHAMP;ecoleinfluence@gmail.com;0650399414;studio-influence.com;49.0166662;2.180402;2026;Bachata | Classique | Danses Solo | Jazz | Kizomba | Ragga | Salsa;Bachata | Classique | Modern jazz | Jazz | Kizomba | Danses hip-hop | Salsa;https://www.ffdanse.fr/structures/3969-influence-95;3969-influence-95
Inspiration Kizomba;affiliated;AFFILIATED_STRUCTURE;84 Rue du faubourg de Paris;59300;Valenciennes;inspirationkizomba@gmail.com;0766669836;https://www.inspirationkizomba.fr;50.3534067;3.5111978;2026;Africaine | Afro-caribéennes | Bachata | Danse Historique | Danse sacrée | Kizomba | Kizomba Chorégraphie | Latino Caraibes | Rock | Salsa;Danses ethniques | Bachata | Danse historique | Kizomba | Danses latino-caraïbes | Rock'n'roll | Salsa;https://www.ffdanse.fr/structures/4544-inspiration-kizomba;4544-inspiration-kizomba
Instant J'azz;affiliated;AFFILIATED_STRUCTURE;8 impasse de la source;57450;Farschviller;muller.jenni@gmail.com;0681483797;@instant J'azz;49.093158;6.896006;2026;Contemporain | Eveil à la Danse | Jazz | Regards chorégraphiques;Ateliers de création | Contemporain | Modern jazz | Jazz;https://www.ffdanse.fr/structures/4645-instant-j-azz;4645-instant-j-azz
Institut d'Art Chorégraphique;affiliated;AFFILIATED_STRUCTURE;46 Quai de La Regratterie, BP 60086;79000;NIORT;institutdartchoregraphique@sfr.fr;06.88.49.39.05;institutdartchoregraphique.com;46.3285088;-0.4628358;2026;Classique;Classique;https://www.ffdanse.fr/structures/5811-institut-d-art-choregraphique;5811-institut-d-art-choregraphique
Institut de Danse pour la Formation Professionnelle;recently_disaffiliated;UNAFFILIATED_STRUCTURE;64 rue orfila;75020;paris;idfpkimkan@me.com;0143669964;ecolededansekimkan.com;48.8668868;2.3977879;2026;Barre au Sol | Classique | Contemporain | Hip Hop | Jazz | Street Dance;Barre au sol classique | Barre au sol contemporaine | Classique | Ateliers de création | Contemporain | Danses hip-hop | Modern jazz | Jazz;https://www.ffdanse.fr/structures/1493-institut-de-danse-pour-la-formation-professionnelle;1493-institut-de-danse-pour-la-formation-professionnelle
INSTITUT DE DANSE PRISCILA FERRAZ - IDPF PARIS;affiliated;AFFILIATED_STRUCTURE;131 BOULEVARD DE CRETEIL;94100;SAINT-MAUR-DES-FOSSES;idpfparis@gmail.com;0769404406;https://www.helloasso.com/associations/idpf-paris;48.7983094;2.4914062;2026;Autres Danses Du Monde | Barre au Sol | Classique | Contemporain | Danse sacrée | Hip Hop | Jazz | Pilates;Danses ethniques | Barre au sol classique | Barre au sol contemporaine | Classique | Ateliers de création | Contemporain | Danses hip-hop | Modern jazz | Jazz;https://www.ffdanse.fr/structures/6393-institut-de-danse-priscila-ferraz-idpf-paris;6393-institut-de-danse-priscila-ferraz-idpf-paris
INTERDANCE;affiliated;AFFILIATED_STRUCTURE;58 RD 386, 69560;69560;Sainte-Colombe;interdance.office@gmail.com;0661789897;;45.5260972;4.8670017;2026;Africaine | Afro-contemporaine | Bachata | Boogie Woogie | Breaking | Classique | Contemporain | Danse Inclusive | Danse Show | Danse aérienne | Danse en solo Latine | Danse en solo Standard | Danses Solo | Dix Danses | Hip Hop | Jazz | Kizomba | Latines | Pole Dance | Ragga | Rock et DA | Salsa | Show Dance Latine | Show Dance Standard | Societe | Solo Team Lat / Std | Standards | Street Dance;Danses ethniques | Afro-jazz | Bachata | Boogie-Woogie | Breaking | Classique | Ateliers de création | Contemporain | Disco | Danses aériennes | Danses latines | Danses standards | Danses hip-hop | Modern jazz | Jazz | Kizomba | Pole dance | Rock sauté | Salsa | Danses de salon;https://www.ffdanse.fr/structures/4354-interdance;4354-interdance
Interface hip-hop;affiliated;AFFILIATED_STRUCTURE;97 rue des Cascavels;97436;Saint-Leu;interface-hiphop@laposte.net;0692 53 67 83;;-21.1723855;55.2914968;2026;Breaking | Eveil à la Danse | Hip Hop | House | Locking | New Style | Poping | Street Dance;Breaking | Danses hip-hop;https://www.ffdanse.fr/structures/4309-interface-hip-hop;4309-interface-hip-hop
Interpole - Doga Studio;recently_disaffiliated;UNAFFILIATED_STRUCTURE;338 route de cambarras;83440;Tourrettes;delphine.dauga@gmail.com;0662335461;https://www.delfdoga.com/;43.6050514;6.6979413;;;;https://www.ffdanse.fr/structures/5595-interpole-doga-studio;5595-interpole-doga-studio
IRON X BY LILY SHADOW & KLO JUNGLE;affiliated;AFFILIATED_STRUCTURE;7 rue des Mottes;62117;Brebieres;eyazici@orange.fr;0688852045;;50.3349364;3.016421;2026;Pole Dance;Pole dance;https://www.ffdanse.fr/structures/3636-iron-x-by-lily-shadow-klo-jungle;3636-iron-x-by-lily-shadow-klo-jungle
Issol'Danse;affiliated;AFFILIATED_STRUCTURE;13 rue Notre Dame;83136;Ste Anastasie sur Issole;issoldanse@hotmail.com;0661537726;https://www.issoldanse.fr;43.3412939;6.1242655;2026;Bachata | Bachata Team Couple | Bachata Team Styling | Danse en solo Latine | Danse en solo Standard | Dix Danses | Duo bachata Shines | Duo salsa Shines | Kizomba | Latines | Rock'n'Roll | Salsa | Salsa Team Couple | Salsa Team Styling | Show Dance Latine | Show Dance Standard | Societe | Solo Team Lat / Std | Standards | Zumba;Bachata | Danses latines | Danses standards | Kizomba | Rock'n'roll | Salsa | Danses de salon | Zumba;https://www.ffdanse.fr/structures/6293-issol-danse;6293-issol-danse
ISSY DANSE;affiliated;AFFILIATED_STRUCTURE;49 bis Rue du Général Leclerc, 78320;92130;Issy les Moulineaux;issydanse@gmail.com;0673964154;www.issydanse.fr;48.8245068;2.2747374;2026;Classique | Contemporain | Danse en solo Latine | Danse en solo Standard | Dix Danses | Flamenco | Hip Hop | Jazz | Latines | Societe | Standards;Classique | Ateliers de création | Contemporain | Danses latines | Danses standards | Flamenco | Danses hip-hop | Modern jazz | Jazz | Danses de salon;https://www.ffdanse.fr/structures/5346-issy-danse;5346-issy-danse
J 'Dance;affiliated;AFFILIATED_STRUCTURE;22 rue de l hermite;10400;Nogent sur seine;jdancenogent@gmail.com;0631833456;www.jdance.fr;48.4910927;3.5016633;2026;Hip Hop | New Style | Ragga | Street Dance;Danses hip-hop;https://www.ffdanse.fr/structures/5517-j-dance;5517-j-dance
J DANSE;affiliated;AFFILIATED_STRUCTURE;3 ROUTE DE LA PEYSSE;73000;BARBERAZ;alain.flandin@gmail.com;0781671473;www.mambo-rock.com;45.5608307;5.9476817;2026;Bachata | Bachata Team Couple | Bachata Team Styling | Bollywood | Boogie Woogie | Danses Solo | Duo bachata Shines | Duo salsa Shines | Eveil à la Danse | Hip Hop | Indienne | Jazz | Kizomba | Kizomba Chorégraphie | Kizomba Improvisation Traditionnelle | Kizomba Improvisation Urban | Lindy Hop | New Style | Orientale | Ragga | Rock | Rock'n'Roll | Salsa | Salsa Team Couple | Salsa Team Styling | Show Latino Caraïbe | Societe | Standards | Street Dance | Tango Argentin | Teams SBK | West Coast Swing | Zumba;Bachata | Danses ethniques | Boogie-Woogie | Danses hip-hop | Modern jazz | Jazz | Kizomba | Lindy hop | Rock'n'roll | Salsa | Danses latino-caraïbes | Danses de salon | Danses standards | Tango argentin | West Coast Swing | Zumba;https://www.ffdanse.fr/structures/5247-j-danse;5247-j-danse
J.S.R. Omnisports;affiliated;AFFILIATED_STRUCTURE;148 avenue Albert Poisson;40370;RION DES LANDES;dansesalonrion@gmail.com;0622301528;;43.9340542;-0.920736;2026;Societe;Danses de salon;https://www.ffdanse.fr/structures/898-j-s-r-omnisports;898-j-s-r-omnisports
Ja Danse - Jeanne d'Arc;affiliated;AFFILIATED_STRUCTURE;45 rue Saint Germain;27000;EVREUX;danse@jaevreux.fr;0232330514;;49.0189873;1.1365006;2026;Jazz;Modern jazz | Jazz;https://www.ffdanse.fr/structures/486-ja-danse-jeanne-d-arc;486-ja-danse-jeanne-d-arc
Jacadanse;affiliated;AFFILIATED_STRUCTURE;595, Chemin la GARDETE;83780;FLAYOSC;jacadanse@gmail.com;0623497065;www.jacadanse.fr;43.5416567;6.3872185;2026;Boogie Woogie | Country And Line | Danse Show | Danse en solo Latine | Dix Danses | Latines | Lindy Hop | Rock Formation | Rock Saute | Rock et DA | Rock'n'Roll | Societe | Standards | Tango Argentin | West Coast Swing;Boogie-Woogie | Country & line | Disco | Danses latines | Danses standards | Lindy hop | Rock'n'roll | Rock sauté | Danses de salon | Tango argentin | West Coast Swing;https://www.ffdanse.fr/structures/1691-jacadanse;1691-jacadanse
JACADANSE DRAGUIGNAN;affiliated;AFFILIATED_STRUCTURE;Résidence des Palmiers, 40 avenue du 15ème corps d’armée;83300;DRAGUIGNAN;jacadansedraguignan@gmail.com;0631084566;;43.5307516;6.4655094;2026;Bachata | Bachata Team Couple | Bachata Team Styling | Danse en solo Latine | Danse en solo Latine NON | Danse en solo Standard | Danse en solo Standard NON | Dix Danses | Duo bachata Shines | Duo salsa Shines | Kizomba | Kizomba Chorégraphie | Kizomba Improvisation Traditionnelle | Kizomba Improvisation Urban | Latines | Latino Caraibes | OLD : Salsa, Bachata, Kizomba | Salsa | Salsa Team Couple | Salsa Team Styling | Show Dance Latine | Show Dance Standard | Show Latino Caraïbe | Societe | Solo Team Lat / Std | Standards | Teams SBK;Bachata | Danses latines | Danses standards | Kizomba | Danses latino-caraïbes | Salsa | Danses de salon;https://www.ffdanse.fr/structures/5293-jacadanse-draguignan;5293-jacadanse-draguignan
Jad'Or Kizomba Harmonie;affiliated;AFFILIATED_STRUCTURE;appt 426, 4 avenue Mirabelle;64000;Pau;lebrasseurguy@gmail.com;0608837600;;43.2951;-0.370797;2026;Afro-caribéennes | Autres Danses | Kizomba | Kizomba Chorégraphie | Kizomba Improvisation Traditionnelle | Kizomba Improvisation Urban;Danses ethniques | Kizomba;https://www.ffdanse.fr/structures/6183-jad-or-kizomba-harmonie;6183-jad-or-kizomba-harmonie
Jambalaya Country Club;affiliated;AFFILIATED_STRUCTURE;MJC 1 Rue Pierre Sémard;66300;THUIR;karinecountry66@hotmail.fr;0618210243;https://jambalayacountryclub.sportsregions.fr/;42.634561;2.7575872;2026;Country And Line | Dix Danses | Latines | Standards | Country Danse en Couple - DC | Country Danse en Couple - DC Pro AM | Country Danse en Formation - DF Cabaret Team | Country Danse en Formation - DF Crea Team | Country Danse en Formation - DF Duo | Country Danse en Formation - DF Loisirs Team | Country Danse en Formation - DF Quad | Country Danse en Formation - DF Show Team | Country Danse en ligne - DL | Country Danse en Ligne - DL Pop Line | Country Danse Partner - DP | Country Ecriture Choregraphique - EC | DC Pro AM;Country & line | Danses latines | Danses standards;https://www.ffdanse.fr/structures/1318-jambalaya-country-club;1318-jambalaya-country-club
Jay Dance;affiliated;AFFILIATED_STRUCTURE;35 rue des alliés;55000;Longeville en barrois;jay-dance@orange.fr;0766458220;;48.7402684;5.2128632;2026;Autres Danses | Regards chorégraphiques | Street Dance;Ateliers de création | Contemporain | Danses hip-hop;https://www.ffdanse.fr/structures/3191-jay-dance;3191-jay-dance
JAY DANSE;affiliated;AFFILIATED_STRUCTURE;77 rue du mont aux prêtres, Chateauneuf sur Loire;45110;Chateauneuf sur Loire;jay.danse45000@gmail.com;0699783197;;47.8593237;2.2365149;2026;Cabaret | Contemporain | Jazz;Cabaret | Ateliers de création | Contemporain | Modern jazz | Jazz;https://www.ffdanse.fr/structures/4050-jay-danse;4050-jay-danse
JAZZ DANCE ACADEMY MONTREUX;affiliated;AFFILIATED_STRUCTURE;Rue de l'église catholique 14;1820;Montreux;contact@jdamontreux.ch;0041784031208;https://jdamontreux.ch;46.4309563;6.9124052;2026;Classique | Eveil à la Danse | Jazz | Contemporain | Hip Hop;Classique | Modern jazz | Jazz | Ateliers de création | Contemporain | Danses hip-hop;https://www.ffdanse.fr/structures/4502-jazz-dance-academy-montreux;4502-jazz-dance-academy-montreux
Jazz danse moderne;affiliated;AFFILIATED_STRUCTURE;12 rue Chopin;47480;PONT DU CASSE;amanein8@yahoo.fr;0688954323;;44.2245238;0.6755261;2026;Barre au Sol | Classique | Contemporain | Danse Show | Eveil à la Danse | Jazz | Pilates | Street Dance;Barre au sol classique | Barre au sol contemporaine | Classique | Ateliers de création | Contemporain | Disco | Modern jazz | Jazz | Danses hip-hop;https://www.ffdanse.fr/structures/1007-jazz-danse-moderne;1007-jazz-danse-moderne
Jazz fusion;affiliated;AFFILIATED_STRUCTURE;46 route des Choux;45500;GIEN;garnier.vero@live.fr;0670385012;;47.7219296;2.641076;2026;Jazz;Modern jazz | Jazz;https://www.ffdanse.fr/structures/983-jazz-fusion;983-jazz-fusion
Jazz Hip;affiliated;AFFILIATED_STRUCTURE;Mairie du Cannet Parc Henri Pellegrin;83340;LE CANNET DES MAURES;jazzhip83@yahoo.com;0667630058;;43.3909413;6.3414615;2026;Claquettes | Classique | Hip Hop | Jazz;Claquettes | Classique | Danses hip-hop | Modern jazz | Jazz;https://www.ffdanse.fr/structures/1694-jazz-hip;1694-jazz-hip
JAZZ PULSION;affiliated;AFFILIATED_STRUCTURE;9 RUE DU CLUJURY;29490;GUIPAVAS;christian.ptn@wanadoo.fr;0646007394;JAZZ PULSION.COM;48.4354889;-4.3877317;2026;Jazz;Modern jazz | Jazz;https://www.ffdanse.fr/structures/6285-jazz-pulsion;6285-jazz-pulsion
JAZZ WALK - ESPACE DANSE;affiliated;AFFILIATED_STRUCTURE;Mairie;33370;SALLEBOEUF;espacedansesalleboeuf@gmail.com;0670221536;;44.8435078;-0.396984;2026;Contemporain | Jazz;Ateliers de création | Contemporain | Modern jazz | Jazz;https://www.ffdanse.fr/structures/4868-jazz-walk-espace-danse;4868-jazz-walk-espace-danse
Jazz'n Co Studio;affiliated;AFFILIATED_STRUCTURE;20 BIS RUE HENRI IV;76370;MARTIN-EGLISE;helenebergounioux76@gmail.com;0677901477;;49.9007866;1.1416598;2026;Contemporain | Jazz | Street Dance;Ateliers de création | Contemporain | Modern jazz | Jazz | Danses hip-hop;https://www.ffdanse.fr/structures/6150-jazz-n-co-studio;6150-jazz-n-co-studio
Jazzdanse Vigneux Sur Seine;affiliated;AFFILIATED_STRUCTURE;3 square de rouvres;91270;vigneux sur seine;jazzdanse91@gmail.com;0612735742;;48.6930364;2.4316626;2026;Jazz;Modern jazz | Jazz;https://www.ffdanse.fr/structures/1887-jazzdanse-vigneux-sur-seine;1887-jazzdanse-vigneux-sur-seine
Jazzy Danse;affiliated;AFFILIATED_STRUCTURE;54 rue de la Maladrie;85210;sainte hermine;claudie.bordage@gmail.com;0771061009;;46.5585149;-1.0629617;2026;Jazz;Modern jazz | Jazz;https://www.ffdanse.fr/structures/1797-jazzy-danse;1797-jazzy-danse
JAZZYPOP DANSE DUNOISE;affiliated;AFFILIATED_STRUCTURE;5 ALLEE FRANCOIS VILLON;28200;CHATEAUDUN;jazzypopdunoise@outlook.fr;000000000;jazzypopdansedunoise.webnode.fr;48.0794824;1.3210098;2026;Jazz;Modern jazz | Jazz;https://www.ffdanse.fr/structures/2287-jazzypop-danse-dunoise;2287-jazzypop-danse-dunoise
Jc Salsa & Co;affiliated;AFFILIATED_STRUCTURE;14 Square Vauban Appartement 436;97400;Saint-Denis;jcsalsa.and.co@gmail.com;0692141432;;-20.8869073;55.4634375;2026;Bachata | Latines | Salsa;Bachata | Danses latines | Salsa;https://www.ffdanse.fr/structures/3748-jc-salsa-co;3748-jc-salsa-co
JESSI  JAZZ;recently_disaffiliated;UNAFFILIATED_STRUCTURE;695 RUE DES MAROSSES, 71500;71500;BRANGES;mireille.brenot@orange.fr;0787648857;;46.652063;5.1910174;2026;Jazz;Modern jazz | Jazz;https://www.ffdanse.fr/structures/4565-jessi-jazz;4565-jessi-jazz
Jeune Ballet Méditerranéen;affiliated;AFFILIATED_STRUCTURE;14 bd Maréchal Leclerc;06130;GRASSE;jeuneballetmedha1@gmail.com;0493090255;;43.6502344;6.9195811;2026;Classique | Contemporain | Flamenco | Jazz;Classique | Ateliers de création | Contemporain | Flamenco | Modern jazz | Jazz;https://www.ffdanse.fr/structures/154-jeune-ballet-mediterraneen;154-jeune-ballet-mediterraneen
Jeune Ballet Pontoisien;affiliated;AFFILIATED_STRUCTURE;7bis boulevard des Cordeliers;95300;Pontoise;richardlemeri@free.fr;06.59.86.04.03;https://jeuneballet95.wixsite.com/website;49.0577241;2.0958151;2026;Breaking | Contemporain | Hip Hop | House | Locking | New Style | Poping | Regards chorégraphiques | Comedie Musicale;Breaking | Ateliers de création | Contemporain | Danses hip-hop | Comédie musicale;https://www.ffdanse.fr/structures/3227-jeune-ballet-pontoisien;3227-jeune-ballet-pontoisien
JF danse;affiliated;AFFILIATED_STRUCTURE;133 avenue des fréres lumiéres;69008;lyon;jfdanse@orange.fr;0682038053;;45.7435202;4.874164;2026;Boogie Woogie | Claquettes | Latines | OLD : Salsa, Bachata, Kizomba | Rock Acrobatique | Rock Formation | Rock Saute | Rock et DA | Rock'n'Roll | Societe | Standards | Tango Argentin | West Coast Swing;Boogie-Woogie | Claquettes | Danses latines | Salsa | Bachata | Rock acrobatique | Rock'n'roll | Rock sauté | Danses de salon | Danses standards | Tango argentin | West Coast Swing;https://www.ffdanse.fr/structures/1387-jf-danse;1387-jf-danse
JMC Dance Attitude;affiliated;AFFILIATED_STRUCTURE;18 rue Edouard Vaillant;62430;Sallaumines;christellepatrick62@gmail.com;0670553218;;50.4196437;2.86636;2026;Autres Danses | Zumba;Zumba;https://www.ffdanse.fr/structures/3256-jmc-dance-attitude;3256-jmc-dance-attitude
JMI'magine;affiliated;AFFILIATED_STRUCTURE;5 Ter Rue Des Demoiselles De Beaumoreau;79500;MELLE;manon.cua@outlook.fr;0643266762;;46.148169;-0.125976;2026;Contemporain | Jazz;Ateliers de création | Contemporain | Modern jazz | Jazz;https://www.ffdanse.fr/structures/5246-jmi-magine;5246-jmi-magine
JOINVILLE ESPACE DANSES;affiliated;AFFILIATED_STRUCTURE;Hôtel de Ville, 23 rue de Paris;94340;Joinville le Pont;jed94.contact@gmail.com;0620601409;https://jed94contact.wixsite.com/jed94;48.8185226;2.4670132;2026;Rock'n'Roll | Societe;Rock'n'roll | Danses de salon;https://www.ffdanse.fr/structures/5327-joinville-espace-danses;5327-joinville-espace-danses
JSR Danse Chaussons et Compagnie;affiliated;AFFILIATED_STRUCTURE;Avenue Frédéric Bastiat, Rion des Landes;40370;Rion des Landes;jsrchaussonsetcompagnie@gmail.com;;;43.9293224;-0.9213762;2026;Classique | Jazz | Breaking;Classique | Modern jazz | Jazz | Breaking;https://www.ffdanse.fr/structures/4902-jsr-danse-chaussons-et-compagnie;4902-jsr-danse-chaussons-et-compagnie
Juine Association de Danse de Loisir et Sportive;affiliated;AFFILIATED_STRUCTURE;70 Grande Rue, Hôtel de Ville;91510;LARDY;contact@jadls.fr;0647577815;www.jadls.fr;48.520717;2.2683136;2026;Bachata | Danse en solo Latine | Danse en solo Standard | Danses Solo | Dix Danses | Kizomba | Latines | Rock Formation | Rock et DA | Rock'n'Roll | Salsa | Show Dance Latine | Show Dance Standard | Societe | Solo Team Lat / Std | Standards;Bachata | Danses latines | Danses standards | Kizomba | Rock'n'roll | Rock sauté | Salsa | Danses de salon;https://www.ffdanse.fr/structures/1864-juine-association-de-danse-de-loisir-et-sportive;1864-juine-association-de-danse-de-loisir-et-sportive
Juste Dance;affiliated;AFFILIATED_STRUCTURE;27 rue Voltaire;92140;Clamart;joceaaron@gmail.com;0680320165;;48.7808392;2.2365792;2026;Hip Hop | Street Dance | Zumba | Breaking;Danses hip-hop | Zumba | Breaking;https://www.ffdanse.fr/structures/1905-juste-dance;1905-juste-dance
Justi Dance;affiliated;AFFILIATED_STRUCTURE;11 rue de la vierge;15140;Saint Martin Valmeroux;justdance15stmartin@gmail.com;0632654687;http://justidance.fr/;45.1187226;2.422337;2026;Contemporain | Jazz groupe | Pilates | Zumba | Afro-contemporaine;Ateliers de création | Contemporain | Zumba | Afro-jazz;https://www.ffdanse.fr/structures/3543-justi-dance;3543-justi-dance
K DANCE;affiliated;AFFILIATED_STRUCTURE;404 ALLEE DES CHENES, 30650;30650;ROCHEFORT DU GARD;toujourwee@hotmail.com;0684229194;;43.9623957;4.6693565;2026;OLD : Salsa, Bachata, Kizomba | Rock et DA | Societe;Salsa | Bachata | Rock sauté | Danses de salon;https://www.ffdanse.fr/structures/3902-k-dance;3902-k-dance
K Danse;affiliated;AFFILIATED_STRUCTURE;Mairie Parc du Château;77140;MONCOURT FROMONVILLE;cedric.richard77@orange.fr;0698850550;;48.3000282;2.6976183;2026;Autres Danses | Classique | Hip Hop | Jazz | Salsa | Street Dance | Transversal;Classique | Danses hip-hop | Modern jazz | Jazz | Salsa;https://www.ffdanse.fr/structures/1555-k-danse;1555-k-danse
K Danse;affiliated;AFFILIATED_STRUCTURE;168 rue des Meuniers;59850;NIEPPE;kdanse.vicepresidente@gmail.com;0611617232;;50.7136635;2.8137794;2026;Danse Show | Societe;Disco | Danses de salon;https://www.ffdanse.fr/structures/1126-k-danse;1126-k-danse
K Danse 77;affiliated;AFFILIATED_STRUCTURE;45-53 rue gambetta;77500;chelles;opendanse@orange.fr;0651840986;;48.879899;2.5936932;2026;Afro-caribéennes | Bachata | Breaking | Classique | Contemporain | Hip Hop | Jazz | Kizomba | Latines | OLD : Salsa, Bachata, Kizomba | Pole Dance | Salsa | Street Dance;Danses ethniques | Bachata | Breaking | Classique | Ateliers de création | Contemporain | Danses hip-hop | Modern jazz | Jazz | Kizomba | Danses latines | Salsa | Pole dance;https://www.ffdanse.fr/structures/1599-k-danse-77;1599-k-danse-77
K DANSE ACBM;recently_disaffiliated;UNAFFILIATED_STRUCTURE;8 rue Léon Alègre, salle Laure Pailhon;30200;Bagnols Sur Cèze;sylvie_mathon@hotmail.fr;0621451901;;44.1629483;4.6216117;;;;https://www.ffdanse.fr/structures/4062-k-danse-acbm;4062-k-danse-acbm
K&Move;affiliated;AFFILIATED_STRUCTURE;51 rue Gabrielle Brunet;54510;Tomblaine;khirikarima@gmail.com;0670452907;;48.6764014;6.232051;2026;Autres Danses | Autres Danses Du Monde | Breaking | Danse Show | Disco | Eveil à la Danse | Hip Hop | New Style | OLD : Salsa, Bachata, Kizomba | Regards chorégraphiques | Street Dance | Transversal | Zumba;Danses ethniques | Breaking | Disco | Danses hip-hop | Salsa | Bachata | Ateliers de création | Contemporain | Zumba;https://www.ffdanse.fr/structures/2885-k-move;2885-k-move
K' Danse;affiliated;AFFILIATED_STRUCTURE;07 Avenue des Frères Voisin;18000;BOURGES;ombrelune.dan@orange.fr;0674378216;;47.0701279;2.3805553;2026;Danse Historique | Societe;Danse historique | Danses de salon;https://www.ffdanse.fr/structures/389-k-danse;389-k-danse
K'dance;affiliated;AFFILIATED_STRUCTURE;Place Charles Ourgaut, Mairie de Villemur-sur-tarn;31340;Villemur-sur-tarn;kdance31340@gmail.com;07.68.29.48.11;;43.8649284;1.5036659;2026;Africaine | Breaking | Classique | Contemporain | Eveil à la Danse | Jazz;Danses ethniques | Breaking | Classique | Ateliers de création | Contemporain | Modern jazz | Jazz;https://www.ffdanse.fr/structures/4954-k-dance;4954-k-dance
K'DANCES THIERS;affiliated;AFFILIATED_STRUCTURE;Maison des associations - Place Francisque Fay -;63300;THIERS;kdancesthiers@gmail.com;07 81 01 44 64;https://kdancesthiers.jimdofree.com;45.8559657;3.5465991;2026;Bachata | Eveil à la Danse | Kizomba | Rock Saute | Rock et DA | Rock'n Roll Fédéral | Rock'n'Roll | Salsa;Bachata | Kizomba | Rock sauté | Rock'n'roll | Salsa;https://www.ffdanse.fr/structures/3193-k-dances-thiers;3193-k-dances-thiers
K'Danse;affiliated;AFFILIATED_STRUCTURE;Complexe Sportif Mairie;65690;BARBAZAN DEBAT;contact@kdanse-barbazan.com;0683357629;;43.196455;0.1184846;2026;Contemporain;Ateliers de création | Contemporain;https://www.ffdanse.fr/structures/1294-k-danse;1294-k-danse
K'DANSE;affiliated;AFFILIATED_STRUCTURE;7 ALLEE CHARLES PERCIER;13500;MARTIGUES;k.kdanse3@gmail.com;0626831533;;43.395762;5.054302;2026;Barre au Sol | Classique | Contemporain | Jazz | Regards chorégraphiques | Street Dance | Tango Argentin;Barre au sol classique | Barre au sol contemporaine | Classique | Ateliers de création | Contemporain | Modern jazz | Jazz | Danses hip-hop | Tango argentin;https://www.ffdanse.fr/structures/4590-k-danse;4590-k-danse
K'danses;affiliated;AFFILIATED_STRUCTURE;8 hameau de la Quedon;95670;Marly la Ville;asso@k-danses.com;0781875984;;49.0806751;2.5057882;2026;Autres Danses | Country And Line | Danses Solo | Dix Danses | Hip Hop | Latines | Lindy Hop | OLD : Salsa, Bachata, Kizomba | Rock et DA | Rock'n'Roll | Societe | Standards | Zumba;Country & line | Danses latines | Danses standards | Danses hip-hop | Lindy hop | Salsa | Bachata | Rock sauté | Rock'n'roll | Danses de salon | Zumba;https://www.ffdanse.fr/structures/1980-k-danses;1980-k-danses
K.A.J.Y.N.;affiliated;AFFILIATED_STRUCTURE;13 rue Faidherbe;75011;PARIS;kajynlicences@gmail.com;0951100919;;48.8516709;2.3835939;2026;Barre au Sol | Claquettes | Classique | Contemporain | Danse Show | Danse Verticale | Danse aérienne | Eveil à la Danse | Hip Hop | House | Jazz | Latines | Orientale | Pilates | Pole Dance | Rock Acrobatique;Barre au sol classique | Barre au sol contemporaine | Claquettes | Classique | Ateliers de création | Contemporain | Disco | Danses aériennes | Danses hip-hop | Modern jazz | Jazz | Danses latines | Danses ethniques | Pole dance | Rock acrobatique | Rock'n'roll;https://www.ffdanse.fr/structures/1464-k-a-j-y-n;1464-k-a-j-y-n
K.Oaching BC;affiliated;AFFILIATED_STRUCTURE;11 ROUTE DE CAEN;50800;VILLEDIEU LES POELES - ROUFFIGNY;k.oaching@orange.fr;0743562775;www.instagram.com/koaching.bc;48.8423864;-1.21872;2026;Barre au Sol | Cabaret | Danse Show | Danse aérienne | Danses Solo | Eveil à la Danse | Pole Dance | Ragga | Regards chorégraphiques | Square Dance | Street Dance | K-Pop | Pilates | Zumba;Barre au sol classique | Barre au sol contemporaine | Cabaret | Disco | Danses aériennes | Pole dance | Danses hip-hop | Ateliers de création | Contemporain | Danses traditionnelles | Zumba;https://www.ffdanse.fr/structures/4152-k-oaching-bc;4152-k-oaching-bc
K.rismatik Company;affiliated;AFFILIATED_STRUCTURE;15 Avenue du Commandant Guilbaud;06100;Nice;k.rismatik.cie@gmail.com;0664248304;;43.7271996;7.2567939;2026;Africaine | Afro-caribéennes | Autres Danses Du Monde | Contemporain | Eveil à la Danse | Hip Hop | Jazz | Latines | Latino Caraibes | Pole Dance | Ragga | Street Dance | Zumba;Danses ethniques | Ateliers de création | Contemporain | Danses hip-hop | Modern jazz | Jazz | Danses latines | Danses latino-caraïbes | Pole dance | Zumba;https://www.ffdanse.fr/structures/2327-k-rismatik-company;2327-k-rismatik-company
KA RO;recently_disaffiliated;UNAFFILIATED_STRUCTURE;103,av de lattre de Tassigny;13009;MARSEILLE;amelie.rohail@gmail.com;0664170254;;43.2460333;5.4127952;2026;Bachata | Hip Hop | Kizomba | Salsa;Bachata | Danses hip-hop | Kizomba | Salsa;https://www.ffdanse.fr/structures/325-ka-ro;325-ka-ro
Ka'danse;affiliated;AFFILIATED_STRUCTURE;395 A route de Montmoirac;30380;SAINT CHRISTOL LEZ ALEZ;ka.danse@wanadoo.fr;0680810307;kadansejimdoweb.com;44.0858382;4.0818721;2026;Barre au Sol | Breaking | Classique | Comedie Musicale | Contemporain | Hip Hop | Jazz | Regards chorégraphiques | Danse Inclusive | Danses Solo | Eveil à la Danse | Jazz duo | Jazz groupe;Barre au sol classique | Barre au sol contemporaine | Breaking | Classique | Comédie musicale | Ateliers de création | Contemporain | Danses hip-hop | Modern jazz | Jazz;https://www.ffdanse.fr/structures/568-ka-danse;568-ka-danse
KABRIOLE;affiliated;AFFILIATED_STRUCTURE;22 rue du poirier de fromie;77690;MONTIGNY SUR LOING;kabriole77@gmail.com;0673459868;;48.3360502;2.7321756;2026;Barre au Sol | Jazz | Street Dance;Barre au sol classique | Barre au sol contemporaine | Modern jazz | Jazz | Danses hip-hop;https://www.ffdanse.fr/structures/3298-kabriole;3298-kabriole
KARADANSE-LINE;affiliated;AFFILIATED_STRUCTURE;9 RUE MAURICE RAVEL, LES GONDS, MAIRIE;17100;LES GONDS;catherine.curaudeau@outlook.fr;0676172243;;45.7154442;-0.6179888;2026;Societe;Danses de salon;https://www.ffdanse.fr/structures/4383-karadanse-line;4383-karadanse-line
Kdance;affiliated;AFFILIATED_STRUCTURE;85 route d'enco de botte;13012;marseille;kdance013@gmail.com;0491707138;;43.3178941;5.4694668;2026;Classique | Contemporain | Hip Hop | Jazz | Latines | Orientale;Classique | Ateliers de création | Contemporain | Danses hip-hop | Modern jazz | Jazz | Danses latines | Danses ethniques;https://www.ffdanse.fr/structures/297-kdance;297-kdance
Kdance;affiliated;AFFILIATED_STRUCTURE;2 place ferrand, 18;27110;Le neubourg;president.kdance@gmail.com;0617467369;www.k-dance27.fr;49.1504999;0.9060033;2026;Breaking | Danses Solo | Eveil à la Danse | Hip Hop | Zumba;Breaking | Danses hip-hop | Zumba;https://www.ffdanse.fr/structures/3957-kdance;3957-kdance
Kdanse;affiliated;AFFILIATED_STRUCTURE;Av de Paris, Mairie de La Crèche;79260;La créche;associationkdanse79@gmail.com;0638385208;;;;2026;Classique | Contemporain | Hip Hop | Jazz;Classique | Ateliers de création | Contemporain | Danses hip-hop | Modern jazz | Jazz;https://www.ffdanse.fr/structures/2091-kdanse;2091-kdanse
Kdanse et gym tonic;affiliated;AFFILIATED_STRUCTURE;kdanse et gym-tonic, rue des ecoles;54290;Bayon;marieruse@sfr.fr;0609528050;;48.47758;6.314147;2026;Classique | Country And Line | Eveil à la Danse | Hip Hop | Jazz | Zumba;Classique | Country & line | Danses hip-hop | Modern jazz | Jazz | Zumba;https://www.ffdanse.fr/structures/1057-kdanse-et-gym-tonic;1057-kdanse-et-gym-tonic
Kdanse'larche;recently_disaffiliated;UNAFFILIATED_STRUCTURE;MAIRIE DE LARCHE;19600;LARCHE;kdanselarche@gmail.com;0776693509;;45.1230583;1.4150553;;;;https://www.ffdanse.fr/structures/5476-kdanse-larche;5476-kdanse-larche
Kebola Dance;affiliated;AFFILIATED_STRUCTURE;5 bd marechal koenig, bâtiment B3;13009;marseille;assokbd@netcourrier.com;0679217673;;43.2442023;5.4106738;2026;Latines | OLD : Salsa, Bachata, Kizomba;Danses latines | Salsa | Bachata;https://www.ffdanse.fr/structures/355-kebola-dance;355-kebola-dance
KFDanse;affiliated;AFFILIATED_STRUCTURE;54 avenue des Primevères;93370;Montfermeil;sophiefernandes@hotmail.fr;+33650512569;;48.900974;2.552362;2026;Bachata | Bachata Team Styling;Bachata;https://www.ffdanse.fr/structures/5539-kfdanse;5539-kfdanse
Khoréïa danse;affiliated;AFFILIATED_STRUCTURE;Salle du Marais;85800;ST GILLES CROIX DE VIE;asso.khoreia@gmail.com;0617794484;;46.7015731;-1.9331834;2026;Claquettes | Classique | Contemporain | Hip Hop | Jazz;Claquettes | Classique | Ateliers de création | Contemporain | Danses hip-hop | Modern jazz | Jazz;https://www.ffdanse.fr/structures/1772-khoreia-danse;1772-khoreia-danse
KICK 95 VAUREAL;recently_disaffiliated;UNAFFILIATED_STRUCTURE;1 place du cœur battant;95490;VAUREAL;kick95vaureal@gmail.com;0626658581;kick95.com;49.0300489;2.0212511;;;;https://www.ffdanse.fr/structures/5195-kick-95-vaureal;5195-kick-95-vaureal
KIDS ARE THE FUTURE;affiliated;AFFILIATED_STRUCTURE;8 impasse Pierre desproges, siège social;82000;Montauban;contact@kidsarethefuture.fr;0666054740;;44.0325974;1.3592941;2026;Breaking;Breaking;https://www.ffdanse.fr/structures/4073-kids-are-the-future;4073-kids-are-the-future
KIDZ NEVER LIE;recently_disaffiliated;UNAFFILIATED_STRUCTURE;47 avenue des pays bas;35200;RENNES;lesratz35@gmail.com;0786066359;;48.087386;-1.660718;;;;https://www.ffdanse.fr/structures/5848-kidz-never-lie;5848-kidz-never-lie
Kinou danse club;affiliated;AFFILIATED_STRUCTURE;75 impasse Paul Cézanne;38460;OPTEVOZ;c.sauzet@me.com;0437061107;;45.7537794;5.3316424;2026;Danse en solo Latine | Hip Hop | Latines | Rock et DA | Rock'n'Roll | Societe | Solo Team Lat / Std | West Coast Swing | Danse en solo Standard;Danses hip-hop | Danses latines | Rock sauté | Rock'n'roll | Danses de salon | Danses standards | West Coast Swing;https://www.ffdanse.fr/structures/848-kinou-danse-club;848-kinou-danse-club
KIZ FAMILLY;recently_disaffiliated;UNAFFILIATED_STRUCTURE;45 chemin Mourgapamodely;97410;Saint Pierre;mglejoyeux@gmail.com;0692743111;;-21.3408775;55.4776663;;;;https://www.ffdanse.fr/structures/5797-kiz-familly;5797-kiz-familly
Kiznyou;affiliated;AFFILIATED_STRUCTURE;3 Rue Diderot;54510;Tomblaine;kizomba.evasao@gmail.com;0668532220;www.kiznyou.com;48.6888004;6.2116866;2026;Kizomba;Kizomba;https://www.ffdanse.fr/structures/6191-kiznyou;6191-kiznyou
KIZOMBALAKOUR;recently_disaffiliated;UNAFFILIATED_STRUCTURE;13 Allée Héraclite, ZAC II;97420;LE PORT;kizombalakour@gmail.com;0692550394;https://www.helloasso.com/associations/kizombalakour;-20.945707;55.299984;2026;Kizomba | Kizomba Chorégraphie | Kizomba Improvisation Traditionnelle | Kizomba Improvisation Urban;Kizomba;https://www.ffdanse.fr/structures/5602-kizombalakour;5602-kizombalakour
KLASS DANCE;affiliated;AFFILIATED_STRUCTURE;27 avenue lattre de Tassigny;11100;NARBONNE;klassdancenarbonne@gmail.com;0676391127;https://klass-dance-narbonne.com;43.1911158;3.0090797;2026;Contemporain | Jazz | Street Dance | Cabaret | Comedie Musicale | Danse en solo Latine | Latines;Ateliers de création | Contemporain | Modern jazz | Jazz | Danses hip-hop | Cabaret | Comédie musicale | Danses latines;https://www.ffdanse.fr/structures/5505-klass-dance;5505-klass-dance
KLÔDANSE;affiliated;AFFILIATED_STRUCTURE;125 Chemin de la Hermerie;27670;BOSROUMOIS;massol.lucien@orange.fr;0670029398;;49.2897632;0.9097864;2026;Latines | Societe | Standards;Danses latines | Danses de salon | Danses standards;https://www.ffdanse.fr/structures/4353-klodanse;4353-klodanse
KOD 02 (Keys of Dance 02);affiliated;AFFILIATED_STRUCTURE;38 RUE JEAN JAURES, 02000;02000;CHAMBRY;paquin.francoise@orange.fr;0681575061;;49.5923412;3.6558661;2026;Breaking | Eveil à la Danse | Hip Hop | Street Dance;Breaking | Danses hip-hop;https://www.ffdanse.fr/structures/5964-kod-02-keys-of-dance-02;5964-kod-02-keys-of-dance-02
KOESION;affiliated;AFFILIATED_STRUCTURE;2 rue Romuald Pruvost, 62300;62300;LENS;koesion@outlook.fr;0622982775;;50.4285528;2.8284937;2026;Hip Hop;Danses hip-hop;https://www.ffdanse.fr/structures/3138-koesion;3138-koesion
Konnected;affiliated;AFFILIATED_STRUCTURE;15 rue des saules janots;28630;Nogent-le-Phaye;cathy.141184@hotmail.fr;06.74.42.31.60;;48.4578913;1.5985683;2026;Danse Show | Danses Solo | Hip Hop | Latines | Ragga | Street Dance;Disco | Danses hip-hop | Danses latines;https://www.ffdanse.fr/structures/6217-konnected;6217-konnected
KOREGRAFIK;recently_disaffiliated;UNAFFILIATED_STRUCTURE;8 RUE GIRARDIN;78540;VERNOUILLET;vava_savean@hotmail.com;0610464119;;48.9710518;1.9895996;;;;https://www.ffdanse.fr/structures/6007-koregrafik;6007-koregrafik
Krisaor Danse Moderne Val d'Essonne;affiliated;AFFILIATED_STRUCTURE;54 chemin aux chèvres;91540;Mennecy;alicesebbag26@gmail.com;0695023692;krisaor.fr;48.5608282;2.4402147;2026;Contemporain | Jazz | Latines | Street Dance;Ateliers de création | Contemporain | Modern jazz | Jazz | Danses latines | Danses hip-hop;https://www.ffdanse.fr/structures/5017-krisaor-danse-moderne-val-d-essonne;5017-krisaor-danse-moderne-val-d-essonne
Kyrielle Danse;affiliated;AFFILIATED_STRUCTURE;2 Place du Maréchal Alexander;59235;Bersée;kyrielledanse.orchies@gmail.com;0699340800;www.kyrielledanse.fr;50.4804412;3.1439376;2026;Africaine | Afro-caribéennes | Breaking | Eveil à la Danse | Hip Hop | New Style | Ragga | Street Dance;Danses ethniques | Breaking | Danses hip-hop;https://www.ffdanse.fr/structures/3222-kyrielle-danse;3222-kyrielle-danse
K’Danse Lionnaise;affiliated;AFFILIATED_STRUCTURE;Place Charles de Gaulle, Mairie;49220;le Lion d'Angers;k.danse.lionnaise@gmail.com;0603862715;https://kdanselionnaise.wixsite.com/kdanse;47.6270889;-0.713317;2026;Bachata | Danse en solo Latine | Danses Solo | Latines | Latino Caraibes | Rock | Rock'n'Roll | Salsa | Societe | Standards | Tango Argentin;Bachata | Danses latines | Danses latino-caraïbes | Rock'n'roll | Salsa | Danses de salon | Danses standards | Tango argentin;https://www.ffdanse.fr/structures/2748-k-danse-lionnaise;2748-k-danse-lionnaise
l dance factory;affiliated;AFFILIATED_STRUCTURE;24 allée Ernest de Boissière, mairie;33980;Audenge;ldancefactory@free.fr;0663737530;;44.683833;-1.015548;2026;Barre au Sol | Classique | Contemporain | Eveil à la Danse | Jazz;Barre au sol classique | Barre au sol contemporaine | Classique | Ateliers de création | Contemporain | Modern jazz | Jazz;https://www.ffdanse.fr/structures/2691-l-dance-factory;2691-l-dance-factory
L&A STUDIO DANCE SLOO;affiliated;AFFILIATED_STRUCTURE;11 CHEMIN PILORES;31470;ST LYS;letastudiodance@gmail.com;0686278625;;43.510619;1.175713;2026;Eveil à la Danse | New Style | Street Dance;Danses hip-hop;https://www.ffdanse.fr/structures/5401-l-a-studio-dance-sloo;5401-l-a-studio-dance-sloo
L'abyssal;affiliated;AFFILIATED_STRUCTURE;26 avenue Léon Jouhaux;33210;LANGON;labyssal33@gmail.com;0761561975;http://rymoart.fr/;44.5471312;-0.263728;2026;Africaine | Bachata | Breaking | Hip Hop | Kizomba | Ragga;Danses ethniques | Bachata | Breaking | Danses hip-hop | Kizomba;https://www.ffdanse.fr/structures/717-l-abyssal;717-l-abyssal
L'Aca danse de Belley;affiliated;AFFILIATED_STRUCTURE;5 bis place de la Victoire;01300;BELLEY;rodriguevieux@hotmail.com;0682572037;;45.7614025;5.6868652;2026;Danse en solo Latine | Danse en solo Standard | Dix Danses | Latines | Standards;Danses latines | Danses standards;https://www.ffdanse.fr/structures/101-l-aca-danse-de-belley;101-l-aca-danse-de-belley
L'ACADEMY STUDIO;affiliated;AFFILIATED_STRUCTURE;401, Chemin des AGRIES;31860;LABARTHE SUR LEZE;academystudio31@orange.fr;0680062448;;43.463785;1.3920771;2026;Africaine | Afro-caribéennes | Afro-contemporaine | Autres Danses | Autres Danses Du Monde | Bachata | Barre au Sol | Bollywood | Boogie Woogie | Breaking | Cabaret | Classique | Comedie Musicale | Contemporain | Country And Line | Danse Show | Danse Verticale | Danse aérienne | Danses Solo | Dix Danses | Eveil à la Danse | Flamenco | Hip Hop | House | Jazz | Kizomba | Krump | Latines | Latino Caraibes | Lindy Hop | Locking | New Style | OLD : Salsa, Bachata, Kizomba | Orientale | Pole Dance | Poping | Ragga | Regards chorégraphiques | Rock et DA | Rock'n'Roll | Salsa | Show Dance Latine | Show Dance Standard | Show Latino Caraïbe | Societe | Solo Team Lat / Std | Standards | Street Dance | Tango Argentin | Transversal | West Coast Swing | Zumba;Danses ethniques | Afro-jazz | Bachata | Barre au sol classique | Barre au sol contemporaine | Boogie-Woogie | Breaking | Cabaret | Classique | Comédie musicale | Ateliers de création | Contemporain | Country & line | Disco | Danses aériennes | Danses latines | Danses standards | Flamenco | Danses hip-hop | Modern jazz | Jazz | Kizomba | Danses latino-caraïbes | Lindy hop | Salsa | Pole dance | Rock sauté | Rock'n'roll | Danses de salon | Tango argentin | West Coast Swing | Zumba;https://www.ffdanse.fr/structures/4417-l-academy-studio;4417-l-academy-studio
L'ambarock;affiliated;AFFILIATED_STRUCTURE;Z.A. en Point Buf;01500;AMBERIEU EN BUGEY;ambarock@free.fr;0474340442;;0;0;2026;Bachata | Boogie Formation | Boogie Juniors | Boogie Main Class | Boogie Rising Star | Boogie Seniors | Boogie Woogie | Boogie Woogie Fédéral | Contemporain | Eveil à la Danse | Formation Rock Girls | Formation Rock Juniors | Formation Rock Ladies | Formation Rock Main Class | Formation Rock Main Class Quattro | Hip Hop | Jazz | Lindy Hop | Lindy Hop Fédéral | Lindy Hop Junior | Lindy Hop Main Class | Lindy Hop Senior 1 | Lindy Hop Senior 2 | Lindy Hop Show case | Orientale | Pole Dance | Regards chorégraphiques | Rock | Rock Acrobatique | Rock Acrobatique Fédéral | Rock Artistique Fédéral | Rock Children | Rock Couple Dance Show | Rock Formation | Rock Juniors | Rock Juveniles | Rock Main Class Contact Style | Rock Main Class Free Style | Rock Saute | Rock et DA | Rock'n Roll Fédéral | Rock'n'Roll | Salsa | Small Formation Rock Ladies | Small formation Rock Girls | Societe | West Coast Swing;Bachata | Boogie-Woogie | Ateliers de création | Contemporain | Danses hip-hop | Modern jazz | Jazz | Lindy hop | Danses ethniques | Pole dance | Rock'n'roll | Rock acrobatique | Rock sauté | Salsa | Danses de salon | West Coast Swing;https://www.ffdanse.fr/structures/106-l-ambarock;106-l-ambarock
L'amicale de Villechetive;affiliated;AFFILIATED_STRUCTURE;1A rue de vaudeurs;89320;villechetive;mo-paris@wanadoo.fr;0676583602;;48.0957006;3.5141262;2026;Dix Danses | Latines | Standards;Danses latines | Danses standards;https://www.ffdanse.fr/structures/1843-l-amicale-de-villechetive;1843-l-amicale-de-villechetive
l'art du moovement;recently_disaffiliated;UNAFFILIATED_STRUCTURE;27 rue Charles Briand;10440;La Rivière de Corps;lartdumoovement@gmail.com;0645675133;;48.2880508;4.0144524;;;;https://www.ffdanse.fr/structures/4763-l-art-du-moovement;4763-l-art-du-moovement
L'Art En Vol;affiliated;AFFILIATED_STRUCTURE;150 rue Pierre et Marie Curie, studio L'Art En Vol;34430;Saint-Jean-de-Védas;contact@lartenvolpoledance.fr;0685379672;https://lartenvolpoledance.fr/;43.5819116;3.8439574;2026;Danse aérienne | Danse Verticale | Parapole Artistique | Parapole sport | Pole Dance | Pole Sport;Danses aériennes | Pole dance | Pole sport;https://www.ffdanse.fr/structures/6238-l-art-en-vol;6238-l-art-en-vol
L'Art et Fact Studio;affiliated;AFFILIATED_STRUCTURE;82 bis cours du médoc, 33300;33300;Bordeaux;lartetfact@gmail.com;0671745619;https://www.lartetfact-studio.com/;44.8587355;-0.56773;2026;Danse Verticale | Danse aérienne | Parapole Artistique | Parapole sport | Pole Dance | Pole Sport | Barre au Sol | Cabaret;Danses aériennes | Pole dance | Pole sport | Barre au sol classique | Barre au sol contemporaine | Cabaret;https://www.ffdanse.fr/structures/5543-l-art-et-fact-studio;5543-l-art-et-fact-studio
L'AS DANCE Asso;affiliated;AFFILIATED_STRUCTURE;15 rue Salvador Allende;41100;SAINT OUEN;lasdanceasso@gmail.com;06.60.19.21.73;www.danses-saint-ouen-vendome.jimdosite.com;48.9173211;2.3356994;2026;Bachata | Lindy Hop | Salsa | Danses Solo;Bachata | Lindy hop | Salsa;https://www.ffdanse.fr/structures/2141-l-as-dance-asso;2141-l-as-dance-asso
L'Ass' du rock;affiliated;AFFILIATED_STRUCTURE;10 Place du 14 Juillet;93100;MONTREUIL;assdurock@gmail.com;06 11 71 81 32;assdurock.free.fr;48.859315;2.441809;2026;Boogie Woogie | Lindy Hop | OLD : Salsa, Bachata, Kizomba | Rock et DA | Rock'n'Roll;Boogie-Woogie | Lindy hop | Salsa | Bachata | Rock sauté | Rock'n'roll;https://www.ffdanse.fr/structures/1928-l-ass-du-rock;1928-l-ass-du-rock
L'asso country 12;affiliated;AFFILIATED_STRUCTURE;21 Rue des Fasquets;12100;MILLAU;lesvernhes@wanadoo.fr;0645891052;www.lassocountry12.jimdo.com;44.098951;3.079519;2026;Country And Line | ancien nom à supprimer;Country & line;https://www.ffdanse.fr/structures/233-l-asso-country-12;233-l-asso-country-12
L'ASTRAGALE 63, ATELIERS DE DANSE ET DE PILATES;affiliated;AFFILIATED_STRUCTURE;5, chemin de la boissonnie,;63600;La Forie;nadine.bleuet@orange.fr;0666689848;;45.58717;3.759061;2026;Contemporain | Pole Dance;Ateliers de création | Contemporain | Pole dance;https://www.ffdanse.fr/structures/6368-l-astragale-63-ateliers-de-danse-et-de-pilates;6368-l-astragale-63-ateliers-de-danse-et-de-pilates
L'Atelier;affiliated;AFFILIATED_STRUCTURE;3 A rue du moulin;57400;BUHL LORRAINE;latelier_danse@yahoo.fr;0651240175;;48.7174953;7.0813491;2026;Barre au Sol | Cabaret | Classique | Contemporain | Eveil à la Danse | Hip Hop | Jazz | Orientale | Pole Dance | Pole Sport | Pilates | Street Dance | Zumba;Barre au sol classique | Barre au sol contemporaine | Cabaret | Classique | Ateliers de création | Contemporain | Danses hip-hop | Modern jazz | Jazz | Danses ethniques | Pole dance | Pole sport | Zumba;https://www.ffdanse.fr/structures/1113-l-atelier;1113-l-atelier
L'ATELIER ARTISTIQUE;affiliated;AFFILIATED_STRUCTURE;Allée Jacques Duclos, Zone Hyper U;24750;Boulazac isle manoire;l.atelier.artistique.boulazac@gmail.com;0607552982;https://atelier-artistique24.fr/;45.1848967;0.7774076;2026;Africaine | Afro-contemporaine | Barre au Sol | Breaking | Classique | Contemporain | Danse Inclusive | Eveil à la Danse | Hip Hop | Jazz | Regards chorégraphiques | Street Dance | Assouplissement | Pilates;Danses ethniques | Afro-jazz | Barre au sol classique | Barre au sol contemporaine | Breaking | Classique | Ateliers de création | Contemporain | Danses hip-hop | Modern jazz | Jazz;https://www.ffdanse.fr/structures/4188-l-atelier-artistique;4188-l-atelier-artistique
l'atelier cabaret STATUT;affiliated;AFFILIATED_STRUCTURE;BP 42040;29122;PONT L'ABBE;lateliercabaret.menguy@gmail.com;06.61.24.14.18;;47.866915;-4.222298;2026;Cabaret;Cabaret;https://www.ffdanse.fr/structures/6399-l-atelier-cabaret-statut;6399-l-atelier-cabaret-statut
L'atelier chorégraphique;affiliated;AFFILIATED_STRUCTURE;Mairie Le Bourg;71330;Saint Germain du Bois;atelierchoregraphique71@gmail.com;0676062499;;46.7533623;5.2429253;2026;Classique | Country And Line | Eveil à la Danse | Jazz | Transversal | Zumba;Classique | Country & line | Modern jazz | Jazz | Zumba;https://www.ffdanse.fr/structures/4034-l-atelier-choregraphique;4034-l-atelier-choregraphique
L'Atelier Chorégraphique L.A.C.;affiliated;AFFILIATED_STRUCTURE;17 bis cours Edouard Vaillant;33300;BORDEAUX;lacdanse33@gmail.com;0661315311;www.latelierchoregraphique.fr;44.8598184;-0.5573086;2026;Autres Danses | Classique | Contemporain | Hip Hop | Jazz | Regards chorégraphiques | Street Dance;Classique | Ateliers de création | Contemporain | Danses hip-hop | Modern jazz | Jazz;https://www.ffdanse.fr/structures/2767-l-atelier-choregraphique-l-a-c;2767-l-atelier-choregraphique-l-a-c
L'atelier chorégraphique-Ecole de danse;affiliated;AFFILIATED_STRUCTURE;Rue de la Mairie, Mairie;22200;Pabu;latelierchoregraphique@outlook.com;0647308786;;48.5865062;-3.1365739;2026;Breaking | Classique | Hip Hop | Jazz;Breaking | Classique | Danses hip-hop | Modern jazz | Jazz;https://www.ffdanse.fr/structures/3933-l-atelier-choregraphique-ecole-de-danse;3933-l-atelier-choregraphique-ecole-de-danse
L'Atelier Danse;affiliated;AFFILIATED_STRUCTURE;1 rue Mathurin Roger, 22490 Plouër sur Rance;22490;Plouër sur Rance;contact@latelier-danse.fr;06 52 55 88 03;https://www.latelier-danse.fr;48.5280486;-2.0036727;2026;Classique | Eveil à la Danse | Jazz | Zumba;Classique | Modern jazz | Jazz | Zumba;https://www.ffdanse.fr/structures/4124-l-atelier-danse;4124-l-atelier-danse
L'Atelier Danse & Gym;affiliated;AFFILIATED_STRUCTURE;27 Rue de Verdun;11200;Lézignan-Corbières;atelierdanseetgym@gmail.com;0627475629;https://atelierdanseetgym.wixsite.com/latelierdansegym;43.1996238;2.7573508;2026;Barre au Sol | Classique | Eveil à la Danse | Jazz;Barre au sol classique | Barre au sol contemporaine | Classique | Modern jazz | Jazz;https://www.ffdanse.fr/structures/3987-l-atelier-danse-gym;3987-l-atelier-danse-gym
L'Atelier Danse et Mouvement;affiliated;AFFILIATED_STRUCTURE;4 rue du Mont Vallier;31270;FROUZINS;atelierdanseetmouvement@gmail.com;0780958039;www.jala-danse.com;43.514527;1.316322;2026;Autres Danses Du Monde | Orientale;Danses ethniques;https://www.ffdanse.fr/structures/6214-l-atelier-danse-et-mouvement;6214-l-atelier-danse-et-mouvement
L'Atelier de Bousse;affiliated;AFFILIATED_STRUCTURE;12, rue Paul Cézanne, 57310;57310;BOUSSE;latelier.association.bousse@gmail.com;0660218482;;49.2765162;6.2022294;2026;Jazz;Modern jazz | Jazz;https://www.ffdanse.fr/structures/5727-l-atelier-de-bousse;5727-l-atelier-de-bousse
L'ATELIER DE LA DANSE;affiliated;AFFILIATED_STRUCTURE;37 BOULEVARD LOUIS MARTIN BRET;04100;MANOSQUE;latelierdeladanse04@gmail.com;0616959765;https://celinenakache.wixsite.com/atelierdeladanse;43.8374798;5.7807452;2026;Classique | Contemporain | Eveil à la Danse | Hip Hop | Jazz | Ragga;Classique | Ateliers de création | Contemporain | Danses hip-hop | Modern jazz | Jazz;https://www.ffdanse.fr/structures/3023-l-atelier-de-la-danse;3023-l-atelier-de-la-danse
L'Danse;affiliated;AFFILIATED_STRUCTURE;Maison des Associations 50 bd Saint Roch;06300;Nice;L.danse@live.fr;0680506050;www.Ldanse-nice.fr;;;2026;Autres Danses | Barre au Sol | Contemporain | Eveil à la Danse | Jazz | Societe | Zumba;Barre au sol classique | Barre au sol contemporaine | Ateliers de création | Contemporain | Modern jazz | Jazz | Danses de salon | Zumba;https://www.ffdanse.fr/structures/171-l-danse;171-l-danse
L'DANSE;affiliated;AFFILIATED_STRUCTURE;4 rue pasteur;60200;Compiègne;perraginlea@outlook.fr;0698424999;;49.4154809;2.8228753;2026;Barre au Sol | Jazz;Barre au sol classique | Barre au sol contemporaine | Modern jazz | Jazz;https://www.ffdanse.fr/structures/6199-l-danse;6199-l-danse
L'danse CR;affiliated;AFFILIATED_STRUCTURE;50 RUE DE LA PAIX;86170;CHAMPIGNY EN ROCHEREAU;l-dansecr@orange.fr;0630252358;;46.7102904;0.1544222;2026;Classique | Contemporain | Eveil à la Danse | Jazz | Regards chorégraphiques | Barre au Sol;Classique | Ateliers de création | Contemporain | Modern jazz | Jazz | Barre au sol classique | Barre au sol contemporaine;https://www.ffdanse.fr/structures/1817-l-danse-cr;1817-l-danse-cr
L'Ecole de Danse du Chesnay;affiliated;AFFILIATED_STRUCTURE;50 rue de Versailles;78150;LE CHESNAY;info@ecoledanselechesnay.org;0139433054;;48.8198451;2.1278411;2026;Barre au Sol | Breaking | Claquettes | Classique | Contemporain | Country And Line | Eveil à la Danse | Flamenco | Hip Hop | Jazz | Jazz duo | Jazz groupe | K-Pop | Pilates | Street Dance | West Coast Swing | Yoga danse;Barre au sol classique | Barre au sol contemporaine | Breaking | Claquettes | Classique | Ateliers de création | Contemporain | Country & line | Flamenco | Danses hip-hop | Modern jazz | Jazz | West Coast Swing;https://www.ffdanse.fr/structures/1609-l-ecole-de-danse-du-chesnay;1609-l-ecole-de-danse-du-chesnay
L'EDELWEISS DANSE;recently_disaffiliated;UNAFFILIATED_STRUCTURE;265 route de la Ciotat, 13400;13400;AUBAGNE;edelweissdanse@wanadoo.fr;0670468337;www.edelweissdanse.fr;43.286043;5.581382;;;;https://www.ffdanse.fr/structures/4426-l-edelweiss-danse;4426-l-edelweiss-danse
L'ELAN;affiliated;AFFILIATED_STRUCTURE;Place de la mairie;78610;LE PERRAY EN YVELINES;elan.leperray@gmail.com;0134841647;;48.6941148;1.8549108;2026;Classique | Jazz;Classique | Modern jazz | Jazz;https://www.ffdanse.fr/structures/2218-l-elan;2218-l-elan
L'entracte;affiliated;AFFILIATED_STRUCTURE;9005 rue roger thirode, ZI;39800;poligny;fbentracte39@gmail.com;0685340655;;46.845031;5.695209;2026;Barre au Sol | Cabaret | Classique | Pilates | Pole Dance | Pole Sport | Zumba | Jazz;Barre au sol classique | Barre au sol contemporaine | Cabaret | Classique | Pole dance | Pole sport | Zumba | Modern jazz | Jazz;https://www.ffdanse.fr/structures/5984-l-entracte;5984-l-entracte
L'entracte espace culturel;affiliated;AFFILIATED_STRUCTURE;1 rue de la Croix Vigneron;95160;MONTMORENCY;lentracte95@gmail.com;0134050196;;49.004435;2.3211858;2026;Barre au Sol | Breaking | Classique | Contemporain | Danse Inclusive | Eveil à la Danse | Hip Hop | Jazz | Regards chorégraphiques | Tango Argentin;Barre au sol classique | Barre au sol contemporaine | Breaking | Classique | Ateliers de création | Contemporain | Danses hip-hop | Modern jazz | Jazz | Tango argentin;https://www.ffdanse.fr/structures/1978-l-entracte-espace-culturel;1978-l-entracte-espace-culturel
L'entre deux danses;affiliated;AFFILIATED_STRUCTURE;2 rue des anciens combattants Mairie de Soussans;33460;Soussans;lentre.deux.danses@gmail.com;0615375507;;0;0;2026;Contemporain | Jazz;Ateliers de création | Contemporain | Modern jazz | Jazz;https://www.ffdanse.fr/structures/708-l-entre-deux-danses;708-l-entre-deux-danses
L'entrepôle Danses;affiliated;AFFILIATED_STRUCTURE;ZAC GRAND ANGLES  ALLEE DU COUCHANT;30133;LES ANGLES;lentrepoledanses@gmail.com;0628912200;lentrepoledanses.com;43.9624669;4.741934;2026;Pole Dance;Pole dance;https://www.ffdanse.fr/structures/3589-l-entrepole-danses;3589-l-entrepole-danses
L'Envol;affiliated;AFFILIATED_STRUCTURE;33 lotissement Soleil Levant, 97231;97240;LE FRANCOIS;elsa.cecilia@live.fr;+596 696 55 76 78;;14.619502;-60.895913;2026;Danse aérienne;Danses aériennes;https://www.ffdanse.fr/structures/6015-l-envol;6015-l-envol
L'ERE STUDIO;recently_disaffiliated;UNAFFILIATED_STRUCTURE;PLACE PIERRE SALVI, HOTEL DE VILLE DE VIARMES;95270;VIARMES;studiolere@gmail.com;0607566002;;49.1259813;2.369127;;;;https://www.ffdanse.fr/structures/3654-l-ere-studio;3654-l-ere-studio
L'instant aérien;affiliated;AFFILIATED_STRUCTURE;9B Route de Jean Petit;97480;Saint-Joseph;benard.marine13@gmail.com;0692172343;;-21.3675991;55.6259585;2026;Pole Dance;Pole dance;https://www.ffdanse.fr/structures/5458-l-instant-aerien;5458-l-instant-aerien
L'Océane;affiliated;AFFILIATED_STRUCTURE;1 place de l'Eglise;85270;SAINT HILAIRE DE RIEZ;danseoceane@yahoo.fr;0679849060;;46.720204;-1.945917;2026;Eveil à la Danse | Jazz;Modern jazz | Jazz;https://www.ffdanse.fr/structures/4876-l-oceane;4876-l-oceane
L'SM DANSER;affiliated;AFFILIATED_STRUCTURE;16 rue du stade;03350;LE BRETHON;melanie.lichti87@gmail.com;0658961117;;46.5779607;2.716606;2026;Classique | Contemporain | Danses Solo | Eveil à la Danse;Classique | Ateliers de création | Contemporain;https://www.ffdanse.fr/structures/4599-l-sm-danser;4599-l-sm-danser
L'univers de la danse;affiliated;AFFILIATED_STRUCTURE;9 IMPASSE DES ECUREUILS;56250;MONTERBLANC;association.luniversdeladanse@gmail.com;0297458121;;47.740825;-2.687106;2026;Classique | Jazz;Classique | Modern jazz | Jazz;https://www.ffdanse.fr/structures/1072-l-univers-de-la-danse;1072-l-univers-de-la-danse
La Clandestine;affiliated;AFFILIATED_STRUCTURE;Bâtiment les fonds;43340;Landos;associationlaclandestine@gmail.com;0622340527;https://www.ecolededanselaclandestine.fr/;0;0;2026;Boogie Formation | Boogie Juniors | Boogie Main Class | Boogie Rising Star | Boogie Seniors | Boogie Woogie | Boogie Woogie Fédéral | Formation Rock Girls | Formation Rock Juniors | Formation Rock Ladies | Formation Rock Main Class | Formation Rock Main Class Quattro | Rock | Rock Acrobatique | Rock Acrobatique Fédéral | Rock Artistique Fédéral | Rock Children | Rock Couple Dance Show | Rock Formation | Rock Juniors | Rock Juveniles | Rock Main Class Contact Style | Rock Main Class Free Style | Rock Saute | Rock et DA | Rock'n Roll Fédéral | Rock'n'Roll | Small Formation Rock Ladies | Small formation Rock Girls;Boogie-Woogie | Rock'n'roll | Rock acrobatique | Rock sauté;https://www.ffdanse.fr/structures/927-la-clandestine;927-la-clandestine
La compagnie dependanse;affiliated;AFFILIATED_STRUCTURE;118, rue de Normandie;59690;Vieux Condé;La.cie.dependanse@gmail.com;0631472141;;50.4805809;3.5774116;2026;Classique | Contemporain | Hip Hop | Jazz;Classique | Ateliers de création | Contemporain | Danses hip-hop | Modern jazz | Jazz;https://www.ffdanse.fr/structures/1167-la-compagnie-dependanse;1167-la-compagnie-dependanse
La danse un langage;affiliated;AFFILIATED_STRUCTURE;131 rue du tournier;62830;Samer;cathy.sart@wanadoo.fr;0650789605;;50.6380059;1.7347484;2026;Autres Danses | Eveil à la Danse;;https://www.ffdanse.fr/structures/4006-la-danse-un-langage;4006-la-danse-un-langage
La Danse une Passion;recently_disaffiliated;UNAFFILIATED_STRUCTURE;espace jean jaures, 1 rue justin agniel;30340;Rousson;dansepassionrousson@gmail.com;0682475994;dansepassionrousson.jimdo.com;44.1836914;4.1484574;;;;https://www.ffdanse.fr/structures/2211-la-danse-une-passion;2211-la-danse-une-passion
La FabriK;affiliated;AFFILIATED_STRUCTURE;14 rue Raymond Morin;57400;Sarrebourg;lafabriksarrebourg@gmail.com;0785339988;www.lafabrikstudio.com;48.7479119;7.0650612;2026;Barre au Sol | Classique | Contemporain | Eveil à la Danse | Hip Hop | Jazz | New Style | Regards chorégraphiques | Street Dance;Barre au sol classique | Barre au sol contemporaine | Classique | Ateliers de création | Contemporain | Danses hip-hop | Modern jazz | Jazz;https://www.ffdanse.fr/structures/1103-la-fabrik;1103-la-fabrik
LA FABRIQUE;affiliated;AFFILIATED_STRUCTURE;2 BIS RUE DE LA CLAVELLE;81600;GAILLAC;lafabriquedansegaillac@gmail.com;0616193244;lafabriquedanse.com;43.904278;1.896129;2026;Classique | Comedie Musicale | Contemporain | Eveil à la Danse | Jazz | Regards chorégraphiques | Street Dance;Classique | Comédie musicale | Ateliers de création | Contemporain | Modern jazz | Jazz | Danses hip-hop;https://www.ffdanse.fr/structures/4084-la-fabrique;4084-la-fabrique
La Fabrique a Danser;affiliated;AFFILIATED_STRUCTURE;1, rue des Bénards;92260;Fontenay-aux-Roses;lafabriqueadanser@gmail.com;0698850918;www.lafabriqueadanser.fr;;;2026;Barre au Sol | Classique | Eveil à la Danse | Folklorique | Jazz | Pilates;Barre au sol classique | Barre au sol contemporaine | Classique | Danses traditionnelles | Modern jazz | Jazz;https://www.ffdanse.fr/structures/1903-la-fabrique-a-danser;1903-la-fabrique-a-danser
LA FERTE-ALLEZ DANSE !;affiliated;AFFILIATED_STRUCTURE;5 avenue du Général Leclerc;91590;La Ferté-Alais;lfadanse@gmail.com;0682002128;https://lfadanse.wordpress.com;48.4832074;2.3500351;2026;Country And Line | Folklorique | Latines | OLD : Salsa, Bachata, Kizomba | Rock'n'Roll | Societe | Standards | West Coast Swing;Country & line | Danses traditionnelles | Danses latines | Salsa | Bachata | Rock'n'roll | Danses de salon | Danses standards | West Coast Swing;https://www.ffdanse.fr/structures/3655-la-ferte-allez-danse;3655-la-ferte-allez-danse
La Gaudriole;affiliated;AFFILIATED_STRUCTURE;41 GRANDE RUE;71620;SAINT MAURICE EN RIVIERE;lagaudriole@wanadoo.fr;0385475825;;46.8545448;5.0157225;2026;Bachata | Danse en solo Standard | Dix Danses | Hip Hop | Jazz | Latines | Rock et DA | Rock'n'Roll | Societe | Standards | Street Dance;Bachata | Danses latines | Danses standards | Danses hip-hop | Modern jazz | Jazz | Rock sauté | Rock'n'roll | Danses de salon;https://www.ffdanse.fr/structures/1423-la-gaudriole;1423-la-gaudriole
LA GRIN DANCE;affiliated;AFFILIATED_STRUCTURE;23 Place Henri Cadot, Hôtel de ville, 62700;62700;bruay la buissiere;lagrindance-bruaylabuissiere@outlook.fr;0609625095;;50.4821515;2.5457436;2026;Danse Inclusive | Eveil à la Danse | Zumba;Zumba;https://www.ffdanse.fr/structures/6176-la-grin-dance;6176-la-grin-dance
LA JOLIPHÉE;affiliated;AFFILIATED_STRUCTURE;89 Rue Jean Jaurès, Maison des Associations, BAL 4;63700;SAINT ELOY LES MINES;lajoliphee@gmail.com;0683127088;;46.1649233;2.8328969;2026;Autres Danses | Jazz;Modern jazz | Jazz;https://www.ffdanse.fr/structures/4585-la-joliphee;4585-la-joliphee
La Kaz Polefit;affiliated;AFFILIATED_STRUCTURE;126 ancienne rn3, local 2;97432;Ravine des cabris;lakazpolefit@gmail.com;0693066151;;-21.2795302;55.474856;2026;Pole Dance;Pole dance;https://www.ffdanse.fr/structures/3505-la-kaz-polefit;3505-la-kaz-polefit
La Loge;recently_disaffiliated;UNAFFILIATED_STRUCTURE;7b rue Edouard Branly;34120;Pezenas;asso.laloge@gmail.com;0678777604;laloge-danse.fr;43.4518432;3.4148349;;;;https://www.ffdanse.fr/structures/3218-la-loge;3218-la-loge
La maison danse;affiliated;AFFILIATED_STRUCTURE;310 route des caves;84660;Maubec;carolebegard@hotmail.fr;0620366176;lamaisondanse.fr;43.866502;5.1449336;2026;Jazz;Modern jazz | Jazz;https://www.ffdanse.fr/structures/3363-la-maison-danse;3363-la-maison-danse
La Maison Rouge : Maison des Arts;recently_disaffiliated;UNAFFILIATED_STRUCTURE;1, rue Amédée Knight - Terres Sainville;97200;Fort-de-France;lamaisonrouge97200@gmail.com;0596714596;https://maisonrouge.art;14.6133355;-61.0717009;2026;Africaine | Afro-caribéennes | Afro-contemporaine | Barre au Sol | Breaking | Classique | Contemporain | Danse sacrée | Eveil à la Danse | Hip Hop | Indienne | Jazz;Danses ethniques | Afro-jazz | Barre au sol classique | Barre au sol contemporaine | Breaking | Classique | Ateliers de création | Contemporain | Danses hip-hop | Modern jazz | Jazz;https://www.ffdanse.fr/structures/4393-la-maison-rouge-maison-des-arts;4393-la-maison-rouge-maison-des-arts
La Maquina Contigo;affiliated;AFFILIATED_STRUCTURE;110 chemin de la Flambere, appartement, 31300;31300;TOULOUSE;lamaquinacontigo@gmail.com;0781333481;mariabelengiachello.com;43.6098667;1.3911191;2026;Tango Argentin;Tango argentin;https://www.ffdanse.fr/structures/6413-la-maquina-contigo;6413-la-maquina-contigo
LA MESON;recently_disaffiliated;UNAFFILIATED_STRUCTURE;52 rue Consolat;13001;Marseille;contact@lameson.com;0491501161;www.lameson.com;43.3002878;5.3878625;;;;https://www.ffdanse.fr/structures/5824-la-meson;5824-la-meson
La nostalgie ça se danse;recently_disaffiliated;UNAFFILIATED_STRUCTURE;2 place Léo Bouyssou, mairie;40110;Morcenx;lanostalgiecasedanse@gmail.com;0641928642;;44.0334956;-0.9112764;2026;Autres Danses | Contemporain | Jazz | Regards chorégraphiques | Rock | Salsa | Standards | Street Dance;Ateliers de création | Contemporain | Modern jazz | Jazz | Rock'n'roll | Salsa | Danses standards | Danses hip-hop;https://www.ffdanse.fr/structures/4984-la-nostalgie-ca-se-danse;4984-la-nostalgie-ca-se-danse
La Postillonne Omnisports de Longjumeau;affiliated;AFFILIATED_STRUCTURE;138 RUE PIERRE ET MARIE CURIE;91160;LONGJUMEAU;blanche.paquet@orange.fr;0672854664;;48.6882226;2.2963054;2026;Societe;Danses de salon;https://www.ffdanse.fr/structures/1860-la-postillonne-omnisports-de-longjumeau;1860-la-postillonne-omnisports-de-longjumeau
La rochelle Swing;affiliated;AFFILIATED_STRUCTURE;5 rue Alcide d’Orbigny;17000;La Rochelle;larochelleswing@gmail.com;0637162786;www.larochelleswing.com;46.1645084;-1.1496872;2026;Lindy Hop;Lindy hop;https://www.ffdanse.fr/structures/3134-la-rochelle-swing;3134-la-rochelle-swing
La Rythmique Courcelloise;affiliated;AFFILIATED_STRUCTURE;11 rue de l'Abbaye;62970;COURCELLES LES LENS;rythmique.courcelloise@hotmail.fr;0682325803;;50.420832;3.0221969;2026;Autres Danses | Hip Hop;Danses hip-hop;https://www.ffdanse.fr/structures/1210-la-rythmique-courcelloise;1210-la-rythmique-courcelloise
La rythmo;affiliated;AFFILIATED_STRUCTURE;PLACE LEON MICHAUD;13310;SAINT MARTIN DE CRAU;masneufchantal@gmail.com;0603090637;;43.637043;4.806238;2026;Autres Danses | Contemporain | Country And Line | Eveil à la Danse | Jazz;Ateliers de création | Contemporain | Country & line | Modern jazz | Jazz;https://www.ffdanse.fr/structures/252-la-rythmo;252-la-rythmo
la squadra crew;recently_disaffiliated;UNAFFILIATED_STRUCTURE;3 RUE GEORGES DUHAMEL;33140;VILLENAVE D'ORNON;LASQUADRACREW@GMAIL.COM;0618886456;;44.771055;-0.5404248;;;;https://www.ffdanse.fr/structures/4540-la-squadra-crew;4540-la-squadra-crew
La vie en mouvements;affiliated;AFFILIATED_STRUCTURE;6 rue de l'italienne;60650;SAINT PAUL;mpuynege@free.fr;0682085246;lavieenmouvements.free.fr;49.4295181;2.0139596;2026;Contemporain;Ateliers de création | Contemporain;https://www.ffdanse.fr/structures/278-la-vie-en-mouvements;278-la-vie-en-mouvements
La Zone à Danser;affiliated;AFFILIATED_STRUCTURE;12 RUE DE MÉLAUDIE;81990;LE SEQUESTRE;elodie@lazoneadanser.fr;0672150368;www.lazoneadanser.fr;43.9165035;2.111797;2026;Claquettes | Classique | Contemporain | Hip Hop | Jazz | Regards chorégraphiques;Claquettes | Classique | Ateliers de création | Contemporain | Danses hip-hop | Modern jazz | Jazz;https://www.ffdanse.fr/structures/2820-la-zone-a-danser;2820-la-zone-a-danser
LaCaDanses;affiliated;AFFILIATED_STRUCTURE;15 Avenue du Port au Fouarre;94100;Saint Maur des Fossés;lacadanses94@gmail.com;06.79.60.82.56;www.lacadanses.fr;48.7912308;2.4759146;2026;Autres Danses | Autres Danses Du Monde | Claquettes;Danses ethniques | Claquettes;https://www.ffdanse.fr/structures/1929-lacadanses;1929-lacadanses
LAD LOISIRS AMITIE DANSE;recently_disaffiliated;UNAFFILIATED_STRUCTURE;524 Route de Mirecourt;88270;Dompaire;loisirsamitiedanse@gmail.com;0678915210;www.danselad.com;48.2286472;6.2190085;;;;https://www.ffdanse.fr/structures/3967-lad-loisirs-amitie-danse;3967-lad-loisirs-amitie-danse
Ladainha;recently_disaffiliated;UNAFFILIATED_STRUCTURE;16A Rue Chateaubriand;35190;Saint Domineuc;cieladainha@gmail.com;06 30 40 51 58;;48.3728087;-1.8719189;;;;https://www.ffdanse.fr/structures/4263-ladainha;4263-ladainha
LADY'JAM;affiliated;AFFILIATED_STRUCTURE;33 rue du colonel romans petit;01590;DORTAN;elocozette1601@gmail.com;0761049732;;46.3141865;5.6591911;2026;Hip Hop | Street Dance;Danses hip-hop;https://www.ffdanse.fr/structures/2398-lady-jam;2398-lady-jam
Lambres en K'Danse;affiliated;AFFILIATED_STRUCTURE;29 rue du Fort Gassion, Pauline Roland;62120;Aire sur la lys;lambresenkdanse@gmail.com;0749217644;;50.6430898;2.4010544;2026;Contemporain | Eveil à la Danse | Hip Hop | Jazz | Latines | Standards | Africaine | Bollywood | Cabaret | Orientale;Ateliers de création | Contemporain | Danses hip-hop | Modern jazz | Jazz | Danses latines | Danses standards | Danses ethniques | Cabaret;https://www.ffdanse.fr/structures/4690-lambres-en-k-danse;4690-lambres-en-k-danse
Lapouge Wyllia;affiliated;AFFILIATED_STRUCTURE;route de peyrehorade, 1715, 40300;40300;SORDE-L'ABBAYE;wyllia@hotmail.fr;0680539155;;43.535774;-1.072683;2026;Contemporain;Ateliers de création | Contemporain;https://www.ffdanse.fr/structures/3099-lapouge-wyllia;3099-lapouge-wyllia
Largo Vince Event;affiliated;AFFILIATED_STRUCTURE;11, Rue du Cercle;68200;Mulhouse;largovince@icloud.com;0621355775;;47.7414072;7.3100443;2026;Bachata | Danse Show | Kizomba | Latines | Lindy Hop | Rock | Salsa | West Coast Swing;Bachata | Disco | Kizomba | Danses latines | Lindy hop | Rock'n'roll | Salsa | West Coast Swing;https://www.ffdanse.fr/structures/5614-largo-vince-event;5614-largo-vince-event
Laroddanse en Dôme Sancy Artense;affiliated;AFFILIATED_STRUCTURE;Mairie de Larodde, le Bourg;63690;Larodde;Laroddanse@gmail.com;0642867783;;45.5266589;2.5489637;2026;Country And Line | Danse Historique | Rock | Rock'n'Roll | Societe | Standards;Country & line | Danse historique | Rock'n'roll | Danses de salon | Danses standards;https://www.ffdanse.fr/structures/5312-laroddanse-en-dome-sancy-artense;5312-laroddanse-en-dome-sancy-artense
Lasso Dancer's;affiliated;AFFILIATED_STRUCTURE;4 place du Foirail;47140;PENNE D'AGENAIS;lassodancers@gmail.com;0637507295;www.ldancers.fr;44.3925092;0.8069939;2026;Country And Line | Rock'n'Roll | West Coast Swing | ancien nom à supprimer;Country & line | Rock'n'roll | West Coast Swing;https://www.ffdanse.fr/structures/1010-lasso-dancer-s;1010-lasso-dancer-s
Lassègues Hélène;affiliated;AFFILIATED_STRUCTURE;1 rue du pont;65240;cadéac;lnfred65@hotmail.fr;0683600713;;42.8885861;0.3500222;2026;Contemporain;Ateliers de création | Contemporain;https://www.ffdanse.fr/structures/1296-lassegues-helene;1296-lassegues-helene
LAST DANCE ASSOCIATION QUIBERON;affiliated;AFFILIATED_STRUCTURE;6 RUE JULES FERRY, 56170;56170;QUIBERON;lastdance.associationquiberon@gmail.com;0637156982;;47.484698;-3.1204627;2026;Autres Danses | Autres Danses Du Monde | Bachata | Boogie Woogie | Breaking | Country And Line | Danse en solo Latine | Danse en solo Standard | Danse Show | Danses Solo | Eveil à la Danse | Hip Hop | Orientale | Ragga | Rock | Rock'n'Roll | Salsa | Show Dance Latine | Street Dance;Danses ethniques | Bachata | Boogie-Woogie | Breaking | Country & line | Disco | Danses hip-hop | Rock'n'roll | Salsa | Danses latines;https://www.ffdanse.fr/structures/6180-last-dance-association-quiberon;6180-last-dance-association-quiberon
Latelier de la danse;affiliated;AFFILIATED_STRUCTURE;Place d'armes;62140;Hesdin-la-forêt;Latelierdeladanse@hotmail.com;0673515509;;50.3730066;2.0367147;2026;Classique | Contemporain | Eveil à la Danse | Hip Hop | Jazz;Classique | Ateliers de création | Contemporain | Danses hip-hop | Modern jazz | Jazz;https://www.ffdanse.fr/structures/5906-latelier-de-la-danse;5906-latelier-de-la-danse
LATHAN DANCE;affiliated;AFFILIATED_STRUCTURE;PLACE DU BELLAY, MAIRIE;37340;SAVIGNE SUR LATHAN;lathandance37340@gmail.com;0623830072;;47.444713;0.3225711;2026;Country And Line;Country & line;https://www.ffdanse.fr/structures/3278-lathan-dance;3278-lathan-dance
LATIN PULSE;affiliated;AFFILIATED_STRUCTURE;14 rue de St Avold;57800;FREYMING-MERLEBACH;latinpulsedanse@gmail.com;0660179943;;49.1423897;6.7942415;2026;Bachata | Kizomba | Salsa;Bachata | Kizomba | Salsa;https://www.ffdanse.fr/structures/6309-latin-pulse;6309-latin-pulse
LATIN'ACADEMIA;affiliated;AFFILIATED_STRUCTURE;7 Impasse de l'écorcherie;64300;Orthez;latinacademia.danse@gmail.com;0661326003;;43.4849809;-0.7765474;2026;Bachata | Salsa;Bachata | Salsa;https://www.ffdanse.fr/structures/3626-latin-academia;3626-latin-academia
Latin'addiction danses & fitness;affiliated;AFFILIATED_STRUCTURE;15 rue Henri Rey;26000;Valence;latin.addiction26000@gmail.com;0668304411;;44.9179788;4.9341167;2026;Bachata | Kizomba | Salsa | Show Latino Caraïbe;Bachata | Kizomba | Salsa | Danses latino-caraïbes;https://www.ffdanse.fr/structures/3476-latin-addiction-danses-fitness;3476-latin-addiction-danses-fitness
Latina Danse;affiliated;AFFILIATED_STRUCTURE;5 impasse des fauvettes;30320;Marguerittes;latinadanse30@yahoo.com;0665238913;;43.8536785;4.4340661;2026;Bachata | Kizomba | Salsa;Bachata | Kizomba | Salsa;https://www.ffdanse.fr/structures/5264-latina-danse;5264-latina-danse
LatinOsmose;affiliated;AFFILIATED_STRUCTURE;26 bis avenue Bouloc Torcatis, c/o Maison de la citoyenneté;81400;Carmaux;latinosmose@gmail.com;0660824237;;44.0532966;2.1549903;2026;Bachata | Danse sacrée | Danses Solo | Kizomba | Pilates | Rock | Salsa;Bachata | Danses ethniques | Kizomba | Rock'n'roll | Salsa;https://www.ffdanse.fr/structures/5610-latinosmose;5610-latinosmose
Latinoswing;affiliated;AFFILIATED_STRUCTURE;3 square la fontaine;69410;champagne au mont d'or;latinoswing69@gmail.com;0675536100;;45.800568;4.783486;2026;Boogie Woogie | Rock Formation | Rock Saute | Rock et DA | West Coast Swing;Boogie-Woogie | Rock'n'roll | Rock sauté | West Coast Swing;https://www.ffdanse.fr/structures/1394-latinoswing;1394-latinoswing
Lau'danse;affiliated;AFFILIATED_STRUCTURE;23 rue des quarterons;44640;cheix en retz;laudanse@free.fr;0240332472;;47.1829196;-1.808616;2026;Jazz;Modern jazz | Jazz;https://www.ffdanse.fr/structures/939-lau-danse;939-lau-danse
LC·DANCE;affiliated;AFFILIATED_STRUCTURE;21 Rue Marcel Cottereau;41110;SEIGY;asso.lcdance@gmail.com;0782253846;;47.2548145;1.3978881;2026;Contemporain | Jazz | Jazz groupe | Street Dance;Ateliers de création | Contemporain | Modern jazz | Jazz | Danses hip-hop;https://www.ffdanse.fr/structures/6400-lc-dance;6400-lc-dance
LDANSE;affiliated;AFFILIATED_STRUCTURE;LOT SAINT FRANCOIS;20620;BIGUGLIA;contact@ecoleldanse.com;0615497882;www.ecoleldanse.com;42.6003105;9.4321323;2026;Classique | Contemporain | Danse Inclusive | Danses Solo | Eveil à la Danse | Hip Hop | Jazz | Regards chorégraphiques;Classique | Ateliers de création | Contemporain | Danses hip-hop | Modern jazz | Jazz;https://www.ffdanse.fr/structures/5345-ldanse;5345-ldanse
Ldanse;affiliated;AFFILIATED_STRUCTURE;2 Boulevard Pélissac;43140;Saint-Didier-en-Velay;ldanse.association@gmail.com;0685535838;;45.3019924;4.274135;2026;Bachata | Bachata Team Couple | Bachata Team Styling | Breaking | Cabaret | Classique | Comedie Musicale | Contemporain | Danse en solo Latine | Danse en solo Standard | Danses Solo | Dix Danses | Eveil à la Danse | Hip Hop | Jazz | Latines | Regards chorégraphiques | Rock | Rock Saute | Rock'n'Roll | Street Dance;Bachata | Breaking | Cabaret | Classique | Comédie musicale | Ateliers de création | Contemporain | Danses latines | Danses standards | Danses hip-hop | Modern jazz | Jazz | Rock'n'roll | Rock sauté;https://www.ffdanse.fr/structures/3568-ldanse;3568-ldanse
LDR DANCESPORT CONCEPT;affiliated;AFFILIATED_STRUCTURE;10, rue des Bons Amis;69100;Villeurbanne;ldrdancesportconcept@gmail.com;0603903576;;45.7860102;4.9025903;2026;Dix Danses | Latines | Standards;Danses latines | Danses standards;https://www.ffdanse.fr/structures/2918-ldr-dancesport-concept;2918-ldr-dancesport-concept
LE 26 BIS;affiliated;AFFILIATED_STRUCTURE;26 bis rue du Légué;22000;SAINT BRIEUC;vero.rag77@gmail.com;0643752892;;48.5184705;-2.7648297;2026;Africaine | Classique | Contemporain | Hip Hop | Jazz | Regards chorégraphiques;Danses ethniques | Classique | Ateliers de création | Contemporain | Danses hip-hop | Modern jazz | Jazz;https://www.ffdanse.fr/structures/2493-le-26-bis;2493-le-26-bis
LE BATIMENT GRIS;affiliated;AFFILIATED_STRUCTURE;9 ROUTE DE LALONQUETTE, 9 route de lalonquette;64450;THEZE;lestudiogris64@gmail.com;0781797457;;43.473217;-0.339029;2026;Autres Danses | Danse aérienne | New Style | Pilates | Pole Dance;Danses aériennes | Danses hip-hop | Pole dance;https://www.ffdanse.fr/structures/5963-le-batiment-gris;5963-le-batiment-gris
Le Centre de Comedie Musicale et de Danse de Marseille  - ASSOCIATION ARTISTE;affiliated;AFFILIATED_STRUCTURE;201-203, avenue de mazargues;13008;Marseille;katygreco@gmail.com;0611982360;;43.264995;5.3919808;2026;Barre au Sol | Claquettes | Classique | Comedie Musicale | Contemporain | Eveil à la Danse | Jazz | Regards chorégraphiques | Street Dance;Barre au sol classique | Barre au sol contemporaine | Claquettes | Classique | Comédie musicale | Ateliers de création | Contemporain | Modern jazz | Jazz | Danses hip-hop;https://www.ffdanse.fr/structures/3844-le-centre-de-comedie-musicale-et-de-danse-de-marseille-association-artiste;3844-le-centre-de-comedie-musicale-et-de-danse-de-marseille-association-artiste
Le centre Isadora;affiliated;AFFILIATED_STRUCTURE;33 Avenue du Général de Gaulle, Chez Madame BETHERMAT Orlane;08110;CARIGNAN;centre-isadora@hotmail.fr;0687277625;;49.6345459;5.1622012;2026;Jazz;Modern jazz | Jazz;https://www.ffdanse.fr/structures/198-le-centre-isadora;198-le-centre-isadora
LE CLUB DES CYGNES;affiliated;AFFILIATED_STRUCTURE;Mairie;23240;LE GRAND BOURG;cdcgrandbourg@gmail.com;0619214453;;46.1601536;1.6463567;2026;Hip Hop | Jazz;Danses hip-hop | Modern jazz | Jazz;https://www.ffdanse.fr/structures/4363-le-club-des-cygnes;4363-le-club-des-cygnes
Le Cocoon Studio;affiliated;AFFILIATED_STRUCTURE;3 rue Suzanne yvinec;29520;Châteauneuf du faou;lecocoonstudio@gmail.com;0643364461;https://www.instagram.com/lecocoon_studio?igsh=Y2E1aTYyZ29wbjNx;48.1891474;-3.8302634;2026;Barre au Sol | Cabaret | Contemporain | Danse aérienne | Danse Verticale | Jazz | Jazz duo | Jazz groupe | Parapole Artistique | Parapole sport | Pilates | Pole Dance | Pole Sport | Street Dance;Barre au sol classique | Barre au sol contemporaine | Cabaret | Ateliers de création | Contemporain | Danses aériennes | Modern jazz | Jazz | Pole dance | Pole sport | Danses hip-hop;https://www.ffdanse.fr/structures/6313-le-cocoon-studio;6313-le-cocoon-studio
Le Complexe;affiliated;AFFILIATED_STRUCTURE;204 Avenue du Midi;30600;Vauvert;lecomplexe.contact@gmail.com;+33606762835;https://www.lecomplexe-vauvert.fr/;43.7054639;4.2701257;2026;Barre au Sol | Classique | Contemporain | Danse aérienne | Jazz | New Style | Pole Dance | Pole Sport | Rock | Rock Acrobatique | Rock Formation | Rock Saute | Street Dance;Barre au sol classique | Barre au sol contemporaine | Classique | Ateliers de création | Contemporain | Danses aériennes | Modern jazz | Jazz | Danses hip-hop | Pole dance | Pole sport | Rock'n'roll | Rock acrobatique | Rock sauté;https://www.ffdanse.fr/structures/3911-le-complexe;3911-le-complexe
Le Creuset de la Danse;affiliated;AFFILIATED_STRUCTURE;Maison de LA Vie Associative, 179, rue des charmilles;50000;SAINT-LÔ;lecreusetdeladanse@gmail.com;0771150272;le-creuset-danse.com;49.111494598114476;-1.0732946227539086;2026;Autres Danses | Classique | Contemporain | Jazz | Transversal;Classique | Ateliers de création | Contemporain | Modern jazz | Jazz;https://www.ffdanse.fr/structures/1036-le-creuset-de-la-danse;1036-le-creuset-de-la-danse
LE DÔME DES ARTS;affiliated;AFFILIATED_STRUCTURE;25 RUE DES VERGERS;81600;RIVIERES;contact@domedesarts.fr;0671725260;;43.9101713;1.9848208;2026;Classique | Contemporain | Hip Hop | Jazz;Classique | Ateliers de création | Contemporain | Danses hip-hop | Modern jazz | Jazz;https://www.ffdanse.fr/structures/1666-le-dome-des-arts;1666-le-dome-des-arts
Le Girofard;affiliated;AFFILIATED_STRUCTURE;21 rue du Loup;33000;Bordeaux;contact@le-girofard.org;0564721494;le-girofard.org;44.8380586;-0.5726588;2026;Bachata | Danse Inclusive | Latines | Rock | Rock'n'Roll | Salsa | Societe | West Coast Swing;Bachata | Danses latines | Rock'n'roll | Salsa | Danses de salon | West Coast Swing;https://www.ffdanse.fr/structures/5996-le-girofard;5996-le-girofard
LE GRENIER AUX ENTRECHATS;affiliated;AFFILIATED_STRUCTURE;PLACE BAUDUIN, 59121;59220;DENAIN;legrenierauxentrechats@gmail.com;0683544205;https://legrenierauxentrechats.wordpress.com/;50.3222635;3.3788396;2026;Barre au Sol | Claquettes | Classique | Eveil à la Danse | Hip Hop | Jazz;Barre au sol classique | Barre au sol contemporaine | Claquettes | Classique | Danses hip-hop | Modern jazz | Jazz;https://www.ffdanse.fr/structures/4241-le-grenier-aux-entrechats;4241-le-grenier-aux-entrechats
Le grenier du corps;affiliated;AFFILIATED_STRUCTURE;2 rue des tyrans;13007;marseille;contact@legrenierducorps.com;0972357610;www.legrenierducorps.com;43.2918096;5.3697936;2026;Africaine | Claquettes | Classique | Comedie Musicale | Contemporain | Hip Hop | Jazz | Regards chorégraphiques;Danses ethniques | Claquettes | Classique | Comédie musicale | Ateliers de création | Contemporain | Danses hip-hop | Modern jazz | Jazz;https://www.ffdanse.fr/structures/303-le-grenier-du-corps;303-le-grenier-du-corps
Le Labo Dklé;affiliated;AFFILIATED_STRUCTURE;32 rue des gouttes d'or;77410;Claye-Souilly;lelabodkle@yahoo.com;07-53-11-19-70;;48.9427257;2.6806408;2026;Contemporain | Jazz | Regards chorégraphiques | Street Dance | Transversal;Ateliers de création | Contemporain | Modern jazz | Jazz | Danses hip-hop;https://www.ffdanse.fr/structures/3692-le-labo-dkle;3692-le-labo-dkle
Le Lieu, centre de danse & de création;affiliated;AFFILIATED_STRUCTURE;bd du grand Terme;30133;Les Angles;danse-lelieu@orange.fr;06 20 661 657;www.lelieudanse.fr;43.9640412;4.7603033;2026;Classique | Contemporain | Eveil à la Danse | Hip Hop | Jazz | Street Dance;Classique | Ateliers de création | Contemporain | Danses hip-hop | Modern jazz | Jazz;https://www.ffdanse.fr/structures/3415-le-lieu-centre-de-danse-de-creation;3415-le-lieu-centre-de-danse-de-creation
LE MOULIN VERGT;affiliated;AFFILIATED_STRUCTURE;22 ROUTE DE SALON;24380;VERGT;info@moulinvergt.fr;0769701729;www.moulinvergt.fr;45.0289857;0.7367928;2026;Cabaret | Claquettes | Comedie Musicale | Country And Line | Danse Show | Danse en solo Latine | Eveil à la Danse | Formation Rock Girls | Formation Rock Juniors | Formation Rock Ladies | Formation Rock Main Class | Formation Rock Main Class Quattro | Kizomba | Lindy Hop | Lindy Hop Fédéral | Lindy Hop Junior | Lindy Hop Main Class | Lindy Hop Senior 1 | Lindy Hop Senior 2 | Lindy Hop Show case | Rock | Rock Acrobatique | Rock Acrobatique Fédéral | Rock Artistique Fédéral | Rock Children | Rock Couple Dance Show | Rock Formation | Rock Juniors | Rock Juveniles | Rock Main Class Contact Style | Rock Main Class Free Style | Rock Saute | Rock et DA | Rock'n Roll Fédéral | Rock'n'Roll | Salsa | Small Formation Rock Ladies | Small formation Rock Girls | Societe | Standards | Tango Argentin;Cabaret | Claquettes | Comédie musicale | Country & line | Disco | Kizomba | Lindy hop | Rock'n'roll | Rock acrobatique | Rock sauté | Salsa | Danses de salon | Danses standards | Tango argentin;https://www.ffdanse.fr/structures/5834-le-moulin-vergt;5834-le-moulin-vergt
Le Papillon Pole Dance Studio;affiliated;AFFILIATED_STRUCTURE;1 Chemin du Canal au Pont de Tuile;31320;Castanet-Tolosan;lepapillon.poledance@gmail.com;0675796606;https://lepapillonpoledance.wixsite.com/lepapillon;43.5141537;1.521076;2026;Pole Dance | Pole Sport;Pole dance | Pole sport;https://www.ffdanse.fr/structures/5012-le-papillon-pole-dance-studio;5012-le-papillon-pole-dance-studio
Le Patio;affiliated;AFFILIATED_STRUCTURE;29 B RUE CAMILLE LANGEVIN;29600;MORLAIX;lepatio.admin@orange.fr;0298882695;;48.5904791;-3.8304541;2026;Contemporain | Jazz;Ateliers de création | Contemporain | Modern jazz | Jazz;https://www.ffdanse.fr/structures/6175-le-patio;6175-le-patio
Le quart d'heure Américain;affiliated;AFFILIATED_STRUCTURE;45 Rue de l'Hôtel de Ville Mairie;60240;CHAUMONT EN VEXIN;lequartdheureamericain@orange.fr;0344490254;;49.2621619;1.8823241;2026;Country And Line | ancien nom à supprimer;Country & line;https://www.ffdanse.fr/structures/1189-le-quart-d-heure-americain;1189-le-quart-d-heure-americain
Le ResSourc'Eure;recently_disaffiliated;UNAFFILIATED_STRUCTURE;13 route de Dreux;27710;Saint Georges Motel;leressourceure@gmail.com;0611779839;www.leressourceure.com;48.7850672;1.3620247;;;;https://www.ffdanse.fr/structures/5577-le-ressourc-eure;5577-le-ressourc-eure
Le Rock des Alpilles;affiliated;AFFILIATED_STRUCTURE;Maison des Associations, Espace de la Libération;13210;ST REMY DE PROVENCE;contact@rock-des-alpilles-st-remy.fr;0609903020;www.rock-des-alpilles-st-remy.fr;43.788652;4.831343;2026;Bachata | Bachata Team Couple | Bachata Team Styling | Boogie Formation | Boogie Juniors | Boogie Main Class | Boogie Rising Star | Boogie Seniors | Boogie Woogie | Boogie Woogie Fédéral | Danse Inclusive | Danse Show | Danses Solo | Duo bachata Shines | Duo salsa Shines | Eveil à la Danse | Formation Rock Girls | Formation Rock Juniors | Formation Rock Ladies | Formation Rock Main Class | Formation Rock Main Class Quattro | Kizomba | Kizomba Chorégraphie | Latino Caraibes | Lindy Hop | Lindy Hop Fédéral | Lindy Hop Junior | Lindy Hop Main Class | Lindy Hop Senior 1 | Lindy Hop Senior 2 | Lindy Hop Show case | Regards chorégraphiques | Rock Acrobatique | Rock Acrobatique Fédéral | Rock Artistique Fédéral | Rock Children | Rock Couple Dance Show | Rock Formation | Rock Juniors | Rock Juveniles | Rock Main Class Contact Style | Rock Main Class Free Style | Rock Saute | Rock et DA | Rock'n Roll Fédéral | Rock'n'Roll | Salsa | Salsa Team Couple | Salsa Team Styling | Show Latino Caraïbe | Small Formation Rock Ladies | Small formation Rock Girls | Teams SBK;Bachata | Boogie-Woogie | Disco | Kizomba | Danses latino-caraïbes | Lindy hop | Ateliers de création | Contemporain | Rock acrobatique | Rock'n'roll | Rock sauté | Salsa;https://www.ffdanse.fr/structures/320-le-rock-des-alpilles;320-le-rock-des-alpilles
LE SEL DE VALPARAISO, ARTS ET SAVOIRS;recently_disaffiliated;UNAFFILIATED_STRUCTURE;La belle croix;85390;Bazoges-en-Pareds (85390);leseldevalparaiso@gmail.com;0641311058;;46.65267;-0.901757;;;;https://www.ffdanse.fr/structures/5721-le-sel-de-valparaiso-arts-et-savoirs;5721-le-sel-de-valparaiso-arts-et-savoirs
Le Studio;affiliated;AFFILIATED_STRUCTURE;6 allée du Pressoir, ZAE de Martenex;74150;Rumilly;contact@danse-lestudio.fr;0601290316;www.danse-lestudio.fr;45.8397007;5.9522743;2026;Bachata | Bachata Team Couple | Bachata Team Styling | Boogie Formation | Boogie Juniors | Boogie Main Class | Boogie Rising Star | Boogie Seniors | Boogie Woogie | Boogie Woogie Fédéral | Dix Danses | Duo bachata Shines | Duo salsa Shines | Formation Rock Girls | Formation Rock Juniors | Formation Rock Ladies | Formation Rock Main Class | Formation Rock Main Class Quattro | Kizomba | Kizomba Chorégraphie | Latines | Latino Caraibes | Lindy Hop | Lindy Hop Fédéral | Lindy Hop Junior | Lindy Hop Main Class | Lindy Hop Senior 1 | Lindy Hop Senior 2 | Lindy Hop Show case | Rock | Rock Acrobatique | Rock Acrobatique Fédéral | Rock Artistique Fédéral | Rock Children | Rock Couple Dance Show | Rock Formation | Rock Juniors | Rock Juveniles | Rock Main Class Contact Style | Rock Main Class Free Style | Rock Saute | Rock et DA | Rock'n Roll Fédéral | Rock'n'Roll | Salsa | Salsa Team Couple | Salsa Team Styling | Show Latino Caraïbe | Small Formation Rock Ladies | Small formation Rock Girls | Standards | Street Dance | Teams SBK | West Coast Swing;Bachata | Boogie-Woogie | Danses latines | Danses standards | Kizomba | Danses latino-caraïbes | Lindy hop | Rock'n'roll | Rock acrobatique | Rock sauté | Salsa | Danses hip-hop | West Coast Swing;https://www.ffdanse.fr/structures/2482-le-studio;2482-le-studio
LE STUDIO 8;recently_disaffiliated;UNAFFILIATED_STRUCTURE;4 RUE DU BUSSIN;17170;COURCON;section.danse.courcon@gmail.com;06 26 69 09 31;;46.242885;-0.807196;;;;https://www.ffdanse.fr/structures/5406-le-studio-8;5406-le-studio-8
LE STUDIO PRIVE;affiliated;AFFILIATED_STRUCTURE;43 AVENUE DE L'EUROPE;95330;DOMONT;hello@lestudioprive.com;0629500027;https://lestudioprive.com;49.0269527;2.3442156;2026;Danse Verticale | Danse aérienne | Pole Dance | Pole Sport | Ragga;Danses aériennes | Pole dance | Pole sport | Danses hip-hop;https://www.ffdanse.fr/structures/5267-le-studio-prive;5267-le-studio-prive
Le tango des pictons;recently_disaffiliated;UNAFFILIATED_STRUCTURE;13 rue du champ de la plaine;86190;Béruges;philippe.brillant@orange.fr;0685242759;https://www.pictontango.fr/;46.55059;0.197076;;;;https://www.ffdanse.fr/structures/3886-le-tango-des-pictons;3886-le-tango-des-pictons
LE TRAIT BLEU;recently_disaffiliated;UNAFFILIATED_STRUCTURE;1, rue Joutx-Aigues;31 000;TOULOUSE;letraitbleu@gmail.com;0561257842;https://letraitbleu.com;43.5985428;1.4429076;;;;https://www.ffdanse.fr/structures/3776-le-trait-bleu;3776-le-trait-bleu
Le Voyage des Saharans;affiliated;AFFILIATED_STRUCTURE;5 bis place du 8 mai 1945;33340;GAILLAN EN MEDOC;anaisdeco33@orange.fr;0608607759;;45.3077278;-0.9380033;2026;Autres Danses | Autres Danses Du Monde | Latines | OLD : Salsa, Bachata, Kizomba | Orientale;Danses ethniques | Danses latines | Salsa | Bachata;https://www.ffdanse.fr/structures/721-le-voyage-des-saharans;721-le-voyage-des-saharans
Ledo Danse;affiliated;AFFILIATED_STRUCTURE;2 RUE DE PAVIGNY, CENTRE SOCIAL RENE FEIT;39000;LONS LE SAUNIER;ledodanse@gmail.com;0606418755;www.ledodanse.fr;46.6732854;5.5600408;2026;Contemporain | Bachata | Claquettes | Danse Inclusive | Eveil à la Danse | Jazz | Kizomba | Lindy Hop | Rock | Salsa | Societe | Tango Argentin | West Coast Swing | Zumba;Ateliers de création | Contemporain | Bachata | Claquettes | Modern jazz | Jazz | Kizomba | Lindy hop | Rock'n'roll | Salsa | Danses de salon | Tango argentin | West Coast Swing | Zumba;https://www.ffdanse.fr/structures/882-ledo-danse;882-ledo-danse
LEGASWING;affiliated;AFFILIATED_STRUCTURE;5 impasse La rouge;31780;Castelginest;legaswing@gmail.com;0662096194;;43.6898871;1.4367366;2026;Boogie Woogie | Lindy Hop | Rock | West Coast Swing;Boogie-Woogie | Lindy hop | Rock'n'roll | West Coast Swing;https://www.ffdanse.fr/structures/5624-legaswing;5624-legaswing
legion dance academy;affiliated;AFFILIATED_STRUCTURE;33 rue etienne chevalier;95100;argenteuil;legionastherock@gmail.com;0761473073;https://www.legiondanceacademy.com/;48.9495366;2.2463542;2026;Hip Hop | House | Locking | New Style | Poping | Street Dance;Danses hip-hop;https://www.ffdanse.fr/structures/5374-legion-dance-academy;5374-legion-dance-academy
Lempdes diverti danses;affiliated;AFFILIATED_STRUCTURE;Maison des Associations place Roger Cournil;63370;LEMPDES;lempdes.divertidanses2024@gmail.com;0685077823;http://lempdesdiverti63.online.fr;45.7701491;3.1978687;2026;Bachata | Country And Line | Dix Danses | Latines | Rock'n'Roll | Salsa | Societe | Standards;Bachata | Country & line | Danses latines | Danses standards | Rock'n'roll | Salsa | Danses de salon;https://www.ffdanse.fr/structures/1258-lempdes-diverti-danses;1258-lempdes-diverti-danses
Leon Bachateam AURA;affiliated;AFFILIATED_STRUCTURE;164 rue Anatole France;38420;Le Versoud;hourtane.anais@gmail.com;0671048507;;45.216172;5.8646329;2026;Bachata | Bachata Team Couple | Bachata Team Styling | Duo bachata Shines | Duo salsa Shines | Eveil à la Danse | Kizomba | OLD : Salsa, Bachata, Kizomba | Salsa | Salsa Team Couple | Salsa Team Styling | Teams SBK;Bachata | Kizomba | Salsa;https://www.ffdanse.fr/structures/6364-leon-bachateam-aura;6364-leon-bachateam-aura
LEPERLIER MARTINE;affiliated;AFFILIATED_STRUCTURE;5 ALLEE DES SONGES;97441;SAINTE-SUZANNE;martineleperlier@gmail.com;0692065000;https://adpolesportstudio.fr/;48.097456;-0.349277;2026;Pole Dance;Pole dance;https://www.ffdanse.fr/structures/2636-leperlier-martine;2636-leperlier-martine
Les accros de la danse 77;affiliated;AFFILIATED_STRUCTURE;28 Square Normandie-Niemen;77350;LE MEE SUR SEINE;rigault_sylvie@orange.fr;0632932731;lesaccrosdeladanse77.fr;;;2026;Autres Danses | Country And Line | Latines | OLD : Salsa, Bachata, Kizomba | Rock Formation | Rock et DA | Rock'n'Roll | Societe | Standards | West Coast Swing | ancien nom à supprimer;Country & line | Danses latines | Salsa | Bachata | Rock'n'roll | Rock sauté | Danses de salon | Danses standards | West Coast Swing;https://www.ffdanse.fr/structures/1564-les-accros-de-la-danse-77;1564-les-accros-de-la-danse-77
Les acros du rock;affiliated;AFFILIATED_STRUCTURE;zac petit verger, 6 rue marie durand;30190;LA CALMETTE;clubladr@gmail.com;0627400526;;43.9229274;4.2575536;2026;Boogie Woogie | Rock Acrobatique | Rock Acrobatique Fédéral | Rock Artistique Fédéral | Rock Formation | Rock Main Class Contact Style | Rock Main Class Free Style | Rock Saute | Rock et DA | Rock'n Roll Fédéral | Rock'n'Roll | Small Formation Rock Ladies | Small formation Rock Girls;Boogie-Woogie | Rock acrobatique | Rock'n'roll | Rock sauté;https://www.ffdanse.fr/structures/577-les-acros-du-rock;577-les-acros-du-rock
les Amis de l'Enseignement Public;recently_disaffiliated;UNAFFILIATED_STRUCTURE;41 vieille route de Poëzat;03800;GANNAT;assodanse03@laposte.net;04 70 90 37 44;amis-enseignement-public.planet-allier.com;46.0950118;3.1999823;;;;https://www.ffdanse.fr/structures/4216-les-amis-de-l-enseignement-public;4216-les-amis-de-l-enseignement-public
Les amis de la danse;affiliated;AFFILIATED_STRUCTURE;Mairie d'Appoigny 24 rue Chatel Bourgeois;89380;APPOIGNY;lesamisdeladanse89@hotmail.fr;0672935658;;47.8769422;3.5261211;2026;OLD : Salsa, Bachata, Kizomba | Societe;Salsa | Bachata | Danses de salon;https://www.ffdanse.fr/structures/1840-les-amis-de-la-danse;1840-les-amis-de-la-danse
Les amis de la danse;affiliated;AFFILIATED_STRUCTURE;26 CHEMIN DU PLAN;04200;PEIPIN;phil3.imbert@free.fr;0647950932;phildanse.com;44.1430789;5.9629033;2026;Dix Danses | Latines | OLD : Salsa, Bachata, Kizomba | Rock et DA | Societe | Standards;Danses latines | Danses standards | Salsa | Bachata | Rock sauté | Danses de salon;https://www.ffdanse.fr/structures/137-les-amis-de-la-danse;137-les-amis-de-la-danse
Les Amis de la Danse;affiliated;AFFILIATED_STRUCTURE;Gymnase du REsseguin, PIerrelatte Salle des Fetes, 2 adresses pierrelatte et st paul 3 chateaux;26130;Saint Paul trois chateaux;amisdeladanse26@orange.fr;0610057885;www.lesamisdeladanse.com;;;2026;Classique | Danse aérienne | Eveil à la Danse | Jazz | Street Dance;Classique | Danses aériennes | Modern jazz | Jazz | Danses hip-hop;https://www.ffdanse.fr/structures/467-les-amis-de-la-danse;467-les-amis-de-la-danse
Les Amis de la Danse;affiliated;AFFILIATED_STRUCTURE;7 impasse de la Prise Bouée, LE CHATEAU D'OLONNE;85180;LES SABLES D'OLONNE;sylvie.praud62@gmail.com;0620143451;;46.482197;-1.724787;2026;Classique | Contemporain | Hip Hop | Jazz;Classique | Ateliers de création | Contemporain | Danses hip-hop | Modern jazz | Jazz;https://www.ffdanse.fr/structures/1773-les-amis-de-la-danse;1773-les-amis-de-la-danse
Les Amis Du Far West;affiliated;AFFILIATED_STRUCTURE;20 bis rue Sibuet  C/O Flammier Isabelle;75012;Paris;lesamisdufarwest@yahoo.fr;0662221997;;48.8424086;2.4023959;2026;Country And Line | ancien nom à supprimer;Country & line;https://www.ffdanse.fr/structures/1482-les-amis-du-far-west;1482-les-amis-du-far-west
Les Arcadies;affiliated;AFFILIATED_STRUCTURE;23 rue de l'orme;89270;arcy sur cure;lesarcadies.arcy@outlook.fr;0685316197;;47.6033282;3.7608113;2026;Jazz | ancien nom à supprimer;Modern jazz | Jazz;https://www.ffdanse.fr/structures/1847-les-arcadies;1847-les-arcadies
Les Ateliers Chorégraphiques;affiliated;AFFILIATED_STRUCTURE;le champ hervé;35270;combourg;ateliers-choregraphiques@hotmail.fr;0662239742;;48.3880151;-1.7535837;2026;Contemporain | Jazz;Ateliers de création | Contemporain | Modern jazz | Jazz;https://www.ffdanse.fr/structures/818-les-ateliers-choregraphiques;818-les-ateliers-choregraphiques
Les ateliers chorégraphiques de Laillé;affiliated;AFFILIATED_STRUCTURE;21 rue du Point du Jour;35890;Laillé;atelierschoregraphiqueslaille@gmail.com;0607953005;;47.9785211;-1.7167526;2026;Breaking | Classique | Hip Hop | Jazz;Breaking | Classique | Danses hip-hop | Modern jazz | Jazz;https://www.ffdanse.fr/structures/807-les-ateliers-choregraphiques-de-laille;807-les-ateliers-choregraphiques-de-laille
Les ateliers chorégraphiques Houdanais;affiliated;AFFILIATED_STRUCTURE;20 bis rue de PARIS;28410;GOUSSAINVILLE;cchach7828@gmail.com;0673467680;;48.7765061;1.5574127;2026;Classique | Contemporain | Jazz;Classique | Ateliers de création | Contemporain | Modern jazz | Jazz;https://www.ffdanse.fr/structures/532-les-ateliers-choregraphiques-houdanais;532-les-ateliers-choregraphiques-houdanais
Les ateliers de danse Hélène VERMEIRE;recently_disaffiliated;UNAFFILIATED_STRUCTURE;6, rue, des alouettes;59254;GHYVELDE ( 59254 );sevvdb@yahoo.fr;0683353038;;51.0504036;2.5294808;;;;https://www.ffdanse.fr/structures/5951-les-ateliers-de-danse-helene-vermeire;5951-les-ateliers-de-danse-helene-vermeire
Les Ateliers de la Danse;affiliated;AFFILIATED_STRUCTURE;3 rue de la liberté;38130;Echirolles;lesateliersdeladanse@hotmail.com;0641462505;;45.1449805;5.7275973;2026;Classique | Jazz;Classique | Modern jazz | Jazz;https://www.ffdanse.fr/structures/873-les-ateliers-de-la-danse;873-les-ateliers-de-la-danse
Les ateliers de la danse de Misson;affiliated;AFFILIATED_STRUCTURE;32 place de la Mairie;40290;MISSON;lesateliersdeladanse.misson@yahoo.fr;;;43.5860455;-0.9610693;2026;Classique | Jazz;Classique | Modern jazz | Jazz;https://www.ffdanse.fr/structures/894-les-ateliers-de-la-danse-de-misson;894-les-ateliers-de-la-danse-de-misson
Les ateliers des arts;affiliated;AFFILIATED_STRUCTURE;le clos, 2 lieu dit;61410;tessé froulay;lesateliersdesarts@outlook.fr;0660574315;;48.535917;-0.4331385;2026;Africaine | Autres Danses | Barre au Sol | Classique | Contemporain | Country And Line | Eveil à la Danse | Flamenco | Hip Hop | Jazz | Orientale | Societe | Street Dance;Danses ethniques | Barre au sol classique | Barre au sol contemporaine | Classique | Ateliers de création | Contemporain | Country & line | Flamenco | Danses hip-hop | Modern jazz | Jazz | Danses de salon;https://www.ffdanse.fr/structures/3974-les-ateliers-des-arts;3974-les-ateliers-des-arts
LES ATELIERS DS;affiliated;AFFILIATED_STRUCTURE;5 impasse de la forêt, 40100;40100;DAX;chantal.brick@orange.fr;0672968744;;43.703477;-1.070345;2026;Danses Solo | Country And Line;Country & line;https://www.ffdanse.fr/structures/4916-les-ateliers-ds;4916-les-ateliers-ds
Les ballets machinois;affiliated;AFFILIATED_STRUCTURE;place de la victoire;58260;la machine;lesballetsmachinois58@gmail.com;0358060335;;46.8896506;3.4668207;2026;Autres Danses;;https://www.ffdanse.fr/structures/1123-les-ballets-machinois;1123-les-ballets-machinois
LES BELLES BRUTES;affiliated;AFFILIATED_STRUCTURE;18 rue Espagne;32000;AUCH;fievet.audrey@free.fr;0786265155;;43.6455258;0.5845696;2026;Autres Danses | Autres Danses Du Monde | Danse Inclusive | Eveil à la Danse;Danses ethniques;https://www.ffdanse.fr/structures/5474-les-belles-brutes;5474-les-belles-brutes
Les Cercistes;affiliated;AFFILIATED_STRUCTURE;6 rue Chabot Didon;57000;Metz;lescercistes@gmail.com;0658198763;www.lescercistes.fr;49.0959168;6.1814757;2026;Danse aérienne;Danses aériennes;https://www.ffdanse.fr/structures/6379-les-cercistes;6379-les-cercistes
Les Chaussons roses Lézatois;affiliated;AFFILIATED_STRUCTURE;Mairie;09210;LEZAT SUR LEZE;leschaussonsroseslezatois@gmail.com;0612462115;;43.2762329;1.3463456;2026;Classique | Contemporain | Dix Danses | Hip Hop | Jazz | Latines | Standards;Classique | Ateliers de création | Contemporain | Danses latines | Danses standards | Danses hip-hop | Modern jazz | Jazz;https://www.ffdanse.fr/structures/202-les-chaussons-roses-lezatois;202-les-chaussons-roses-lezatois
Les cheyennes de l'ouest;affiliated;AFFILIATED_STRUCTURE;28 rue des cormorans;97460;Plateau Caillou ST Paul;cheyennes.ouest@gmail.com;06 92 70 28 00;;0;0;2026;Country And Line | Country Danse en Couple - DC | Country Danse en Couple - DC Pro AM | Country Danse en Formation - DF Cabaret Team | Country Danse en Formation - DF Crea Team | Country Danse en Formation - DF Loisirs Team | Country Danse en Formation - DF Quad | Country Danse en Formation - DF Show Team | Country Danse en ligne - DL | Country Danse en Ligne - DL Pop Line | Country Danse Partner - DP | Country Ecriture Choregraphique - EC | DC Pro AM;Country & line;https://www.ffdanse.fr/structures/2018-les-cheyennes-de-l-ouest;2018-les-cheyennes-de-l-ouest
Les Coulisses;affiliated;AFFILIATED_STRUCTURE;35bis boulevard Jean Mathon, Le Hang'ART Studio;07200;Aubenas;lescoulisses.aubenas@gmail.com;0780799948;www.lescoulisses-aubenas.com;44.6180903;4.3863479;2026;Barre au Sol | Classique | Jazz | Street Dance;Barre au sol classique | Barre au sol contemporaine | Classique | Modern jazz | Jazz | Danses hip-hop;https://www.ffdanse.fr/structures/5243-les-coulisses;5243-les-coulisses
Les cowboys de Coursan;recently_disaffiliated;UNAFFILIATED_STRUCTURE;domaine de lastours;11110;COURSAN;berjomart@gmail.com;0667947658;www.countrycoursan.wixsite.com/roro;43.26409;3.06862;;;;https://www.ffdanse.fr/structures/232-les-cowboys-de-coursan;232-les-cowboys-de-coursan
Les Dansaïres;affiliated;AFFILIATED_STRUCTURE;22 Rue Jean Renoir;34130;Saint-Aunès;dansaires@free.fr;0670163541;;43.6417229;3.9584525;2026;Bachata | Breaking | Country And Line | Regards chorégraphiques | Rock et DA | Salsa | West Coast Swing;Bachata | Breaking | Country & line | Ateliers de création | Contemporain | Rock sauté | Salsa | West Coast Swing;https://www.ffdanse.fr/structures/769-les-dansaires;769-les-dansaires
Les danseurs du farwest;affiliated;AFFILIATED_STRUCTURE;24 BIS CHEMIN DES ALIZES;97419;LA POSSESSION;danseursdufarwest@gmail.com;0692343257;;;;2026;Country And Line | Country Danse en Couple - DC | Country Danse en Couple - DC Pro AM | Country Danse en Formation - DF Cabaret Team | Country Danse en Formation - DF Crea Team | Country Danse en Formation - DF Loisirs Team | Country Danse en Formation - DF Quad | Country Danse en Formation - DF Show Team | Country Danse en ligne - DL | Country Danse en Ligne - DL Pop Line | Country Danse Partner - DP | Country Ecriture Choregraphique - EC | DC Pro AM;Country & line;https://www.ffdanse.fr/structures/2043-les-danseurs-du-farwest;2043-les-danseurs-du-farwest
les doliphines;affiliated;AFFILIATED_STRUCTURE;12/6 PARC DU BON SECOURS, wimille, 62126;62126;wimille;ludosu@hotmail.fr;0699282529;;50.7425916;1.6272764;2026;Classique | Comedie Musicale | Contemporain | Danses Solo | Hip Hop | Orientale | Zumba;Classique | Comédie musicale | Ateliers de création | Contemporain | Danses hip-hop | Danses ethniques | Zumba;https://www.ffdanse.fr/structures/4063-les-doliphines;4063-les-doliphines
Les Enfants de Guer;recently_disaffiliated;UNAFFILIATED_STRUCTURE;Complexe sportif St Gurval, Rue du Manoir;56380;Guer;enfantsdeguerdanse@gmail.com;0771045754;;47.9045865;-2.1211635;;;;https://www.ffdanse.fr/structures/5809-les-enfants-de-guer;5809-les-enfants-de-guer
les espoirs de la danse;affiliated;AFFILIATED_STRUCTURE;300 rue roland garros, le 300;34130;mauguio;francoise.beraut@hotmail.fr;0467875949;;43.590111;3.9387817;2026;Barre au Sol | Classique | Contemporain | Hip Hop | Jazz;Barre au sol classique | Barre au sol contemporaine | Classique | Ateliers de création | Contemporain | Danses hip-hop | Modern jazz | Jazz;https://www.ffdanse.fr/structures/5483-les-espoirs-de-la-danse;5483-les-espoirs-de-la-danse
Les etoiles d'ornon;affiliated;AFFILIATED_STRUCTURE;15 rue marechal gallieni;33140;villenave d'ornon;lesetoilesdornon@gmail.com;0628016125;https://lesetoilesdornon.fr/;44.7727018;-0.5570949;2026;Country Danse Partner - DP | Country Danse en Couple - DC | Country Danse en Couple - DC Pro AM | Country Danse en Formation - DF Cabaret Team | Country Danse en Formation - DF Crea Team | Country Danse en Formation - DF Loisirs Team | Country Danse en Formation - DF Quad | Country Danse en Formation - DF Show Team | Country Danse en Ligne - DL Pop Line | Country Danse en ligne - DL | Country Ecriture Choregraphique - EC | DC Pro AM;;https://www.ffdanse.fr/structures/3430-les-etoiles-d-ornon;3430-les-etoiles-d-ornon
LES EVERYOUNGCOUNTRY;affiliated;AFFILIATED_STRUCTURE;1 rue de la Tine;34260;LE BOUSQUET D'ORB;leseveryoungcountry@gmail.com;0633250318;https://leseveryoung.wordpress.com/;43.6942173;3.1647915;2026;Country And Line;Country & line;https://www.ffdanse.fr/structures/2958-les-everyoungcountry;2958-les-everyoungcountry
Les Fanas du Dancing;affiliated;AFFILIATED_STRUCTURE;Mairie de Saint André des Eaux;44117;Saint André des Eaux;severine.fraudin@wanadoo.fr;0667801568;http://lesfanasdudancing.e-monsite.com;47.3136214;-2.3106295;2026;Bachata | Danse en solo Latine | Danses Solo | Dix Danses | Eveil à la Danse | Folklorique | Jazz | Kizomba | Latines | Rock | Salsa | Societe | Solo Team Lat / Std | Standards;Bachata | Danses latines | Danses standards | Danses traditionnelles | Modern jazz | Jazz | Kizomba | Rock'n'roll | Salsa | Danses de salon;https://www.ffdanse.fr/structures/950-les-fanas-du-dancing;950-les-fanas-du-dancing
LES FLAMBOYANTS DE SOULA;affiliated;AFFILIATED_STRUCTURE;9 Allee des Alamandas Lot Buis;97355;MACOURIA;lesflamboyants97355@gmail.com;+594694288778;;5.014431;-52.4742362;2026;Folklorique;Danses traditionnelles;https://www.ffdanse.fr/structures/5318-les-flamboyants-de-soula;5318-les-flamboyants-de-soula
Les fondues de la pole;affiliated;AFFILIATED_STRUCTURE;99 rue Pasteur;73000;CHAMBERY;lesfonduesdelapole@gmail.com;0766335842;lesfonduesdelapole.com;45.5651714;5.9268991;2026;Pole Dance;Pole dance;https://www.ffdanse.fr/structures/2110-les-fondues-de-la-pole;2110-les-fondues-de-la-pole
LES FOUS 2 DANSE;affiliated;AFFILIATED_STRUCTURE;102, rue de Paris;77200;torcy;lesfous2danse@gmail.com;0688980262;;48.8502218;2.6452132;2026;Boogie Woogie | Dix Danses | Latines | Lindy Hop | OLD : Salsa, Bachata, Kizomba | Rock Formation | Rock et DA | Standards | West Coast Swing;Boogie-Woogie | Danses latines | Danses standards | Lindy hop | Salsa | Bachata | Rock'n'roll | Rock sauté | West Coast Swing;https://www.ffdanse.fr/structures/2888-les-fous-2-danse;2888-les-fous-2-danse
Les Gazelles;affiliated;AFFILIATED_STRUCTURE;47 Avenue de la république;15400;Riom-ès-Montagnes;lesgazelles15@gmail.com;0665091659;;45.2829765;2.6541915;2026;Jazz;Modern jazz | Jazz;https://www.ffdanse.fr/structures/365-les-gazelles;365-les-gazelles
les gribouilles;affiliated;AFFILIATED_STRUCTURE;1009 avenue frederic mistral;83630;regusse;excoffieraudrey@hotmail.fr;0650686143;;43.6527062;6.1415346;2026;Eveil à la Danse | Latines | New Style | Regards chorégraphiques;Danses latines | Danses hip-hop | Ateliers de création | Contemporain;https://www.ffdanse.fr/structures/4204-les-gribouilles;4204-les-gribouilles
LES INSEPARABLES;recently_disaffiliated;UNAFFILIATED_STRUCTURE;Rue des écoles;62240;Menneville;assolesinseparables@orange.fr;0785851968;;46.227638;2.213749;2026;Contemporain;Ateliers de création | Contemporain;https://www.ffdanse.fr/structures/5362-les-inseparables;5362-les-inseparables
LES JEUNES AMIS DE LA DANSE;recently_disaffiliated;UNAFFILIATED_STRUCTURE;1, avenue du Champ de la Caille, LA HUNE;86280;SAINT BENOIT;jad.saintbenoit.infos@gmail.com;06 59 11 48 44;https://www.jadanse.fr/;46.557567;0.343553;;;;https://www.ffdanse.fr/structures/5341-les-jeunes-amis-de-la-danse;5341-les-jeunes-amis-de-la-danse
Les Maixicanos Ondulations;affiliated;AFFILIATED_STRUCTURE;18 rue du château;54370;MAIXE;maixicanos@gmail.com;0675130603;;49.1558583;5.7909688;2026;Danse en solo Latine | Latines;Danses latines;https://www.ffdanse.fr/structures/2162-les-maixicanos-ondulations;2162-les-maixicanos-ondulations
Les Mordus de la Piste;affiliated;AFFILIATED_STRUCTURE;13, chemin d'Amance;54130;Dommartemont;mordus.de.la.piste@free.fr;0616931995;www.mordusdelapiste.fr;48.7134333;6.2106419;2026;Bachata | Claquettes | Classique | Contemporain | Country And Line | Danse en solo Latine | Danse en solo Standard | Dix Danses | Hip Hop | Latines | Orientale | Rock | Salsa | Show Dance Latine | Show Dance Standard | Societe | Solo Team Lat / Std | Standards | Street Dance | Zumba;Bachata | Claquettes | Classique | Ateliers de création | Contemporain | Country & line | Danses latines | Danses standards | Danses hip-hop | Danses ethniques | Rock'n'roll | Salsa | Danses de salon | Zumba;https://www.ffdanse.fr/structures/5411-les-mordus-de-la-piste;5411-les-mordus-de-la-piste
Les Mustangs;affiliated;AFFILIATED_STRUCTURE;35 RUE DE SAVOIE, Chez FLAUJAT Nathalie;01510;Artemare;artemarecountry@hotmail.fr;0612283366;lesmustangsartemare01.e-monsite.com;45.8736189;5.6987633;2026;Country And Line | Zumba;Country & line | Zumba;https://www.ffdanse.fr/structures/108-les-mustangs;108-les-mustangs
LES NOISETINES DE CABANAC ET VILLAGRAINS;affiliated;AFFILIATED_STRUCTURE;9;33650;Cabanac-Et-Villagrains - (33650);lionel.coubra@orange.fr;0601795733;;44.6053634;-0.5446912;2026;Breaking | Classique | Contemporain | Eveil à la Danse | Hip Hop | Jazz | New Style | Ragga | Street Dance;Breaking | Classique | Ateliers de création | Contemporain | Danses hip-hop | Modern jazz | Jazz;https://www.ffdanse.fr/structures/5913-les-noisetines-de-cabanac-et-villagrains;5913-les-noisetines-de-cabanac-et-villagrains
Les Oceannes de Sennecey le Grand;recently_disaffiliated;UNAFFILIATED_STRUCTURE;Mairie Sennecey le Grand;71240;Sennecey le grand;paulinehyvrier@yahoo.fr;0619983353;;46.638739;4.86918;;;;https://www.ffdanse.fr/structures/1434-les-oceannes-de-sennecey-le-grand;1434-les-oceannes-de-sennecey-le-grand
Les P'tits Rats des Corbières;affiliated;AFFILIATED_STRUCTURE;DOMAINE DE COUIZE;11330;PALAIRAC;lesptitsratsdescorbieres@gmail.com;06 30 04 55 03;;42.9572829;2.660644;2026;Classique;Classique;https://www.ffdanse.fr/structures/4635-les-p-tits-rats-des-corbieres;4635-les-p-tits-rats-des-corbieres
Les Pas Dansants;affiliated;AFFILIATED_STRUCTURE;place jollan de clerville, mairie de saint-viaud;44320;Saint-Viaud;lespasdansants@gmail.com;0684292212;www.lespasdansants.com;47.256301;-2.018918;2026;Jazz;Modern jazz | Jazz;https://www.ffdanse.fr/structures/4654-les-pas-dansants;4654-les-pas-dansants
Les pas rythmés;affiliated;AFFILIATED_STRUCTURE;147 A rue Freyfeld;57820;Saint-Louis;lespasrythmes@yahoo.fr;0387079441;;48.7170855;7.1882065;2026;Societe;Danses de salon;https://www.ffdanse.fr/structures/1104-les-pas-rythmes;1104-les-pas-rythmes
Les Petites Fées;affiliated;AFFILIATED_STRUCTURE;119 impasse des Acacias;47200;Virazeil;lespetitesfeesvirazeil@gmail.com;0608724502;;44.505866;0.218871;2026;Eveil à la Danse | Pilates | Ragga;Danses hip-hop;https://www.ffdanse.fr/structures/3976-les-petites-fees;3976-les-petites-fees
les petits chaussons d'or;recently_disaffiliated;UNAFFILIATED_STRUCTURE;mairie de chavrieres;60710;CHEVRIERES;helene.rebelo@gmail.com;0665571988;;49.3472419;2.6812595;;;;https://www.ffdanse.fr/structures/4212-les-petits-chaussons-d-or;4212-les-petits-chaussons-d-or
Les Pieds Nus;affiliated;AFFILIATED_STRUCTURE;27 rue Joseph Le Brix;29200;Brest;asso.lespiedsnus@gmail.com;0688305771;www.lespiedsnus.net;48.3939043;-4.4667971;2026;Contemporain;Ateliers de création | Contemporain;https://www.ffdanse.fr/structures/4264-les-pieds-nus;4264-les-pieds-nus
Les Pointes de L'Avenir;affiliated;AFFILIATED_STRUCTURE;82 rue Victor Hugo;29200;Brest;lespointesdelavenir@orange.fr;0298434686;www.ecolededanse-lespointesdelavenir.fr;48.3896777;-4.4759389;2026;Classique | Contemporain | Jazz;Classique | Ateliers de création | Contemporain | Modern jazz | Jazz;https://www.ffdanse.fr/structures/2527-les-pointes-de-l-avenir;2527-les-pointes-de-l-avenir
Les premiers pas danse;affiliated;AFFILIATED_STRUCTURE;30 rue Eliard Laude Cité Jacques Duclos;97419;LA POSSESSION;d.cascade@orange.fr;0692025957;;0;0;2026;Autres Danses | Dix Danses | Latines | OLD : Salsa, Bachata, Kizomba | Societe | Standards | Tango Argentin;Danses latines | Danses standards | Salsa | Bachata | Danses de salon | Tango argentin;https://www.ffdanse.fr/structures/2002-les-premiers-pas-danse;2002-les-premiers-pas-danse
Les Rolling Tiags 66;affiliated;AFFILIATED_STRUCTURE;7 Rue du Jinjulé;66200;ELNE;karinemoya662@gmail.com;0670285791;;42.6035449;2.9717024;2026;Country And Line;Country & line;https://www.ffdanse.fr/structures/1321-les-rolling-tiags-66;1321-les-rolling-tiags-66
Les Sables Danse;affiliated;AFFILIATED_STRUCTURE;6 Allée du Vermenou, LE CHATEAU D'OLONNE;85180;LES SABLES D'OLONNE;fnomballais@gmail.com;0613573361;;46.4765818;-1.7471456;2026;Classique | Contemporain | Hip Hop | Jazz | Transversal;Classique | Ateliers de création | Contemporain | Danses hip-hop | Modern jazz | Jazz;https://www.ffdanse.fr/structures/1775-les-sables-danse;1775-les-sables-danse
Les Santiags Cleonnaises;affiliated;AFFILIATED_STRUCTURE;SALLE DE L'ONDINE, route de tourville;76410;Cléon;helene.ruedolf@gmail.com;0619904261;;49.315798;1.032768;2026;Country And Line | ancien nom à supprimer;Country & line;https://www.ffdanse.fr/structures/1544-les-santiags-cleonnaises;1544-les-santiags-cleonnaises
Les Studios 2 C;affiliated;AFFILIATED_STRUCTURE;1645 route de la légion, Camp Major - le Galaxie;13400;AUBAGNE;lesstudios2c@gmail.com;0650430843;www.studios2c.fr;43.2878835;5.5410169;2026;Barre au Sol | Classique | Contemporain | Hip Hop | Jazz | Cabaret | Eveil à la Danse | Pilates | Regards chorégraphiques;Barre au sol classique | Barre au sol contemporaine | Classique | Ateliers de création | Contemporain | Danses hip-hop | Modern jazz | Jazz | Cabaret;https://www.ffdanse.fr/structures/344-les-studios-2-c;344-les-studios-2-c
Les studios MZ;affiliated;AFFILIATED_STRUCTURE;2A, rue des romains;08000;Charleville Mézières;contact@studiomz.fr;0686672700;;49.7766344;4.7271248;2026;Classique | Hip Hop | Jazz;Classique | Danses hip-hop | Modern jazz | Jazz;https://www.ffdanse.fr/structures/4936-les-studios-mz;4936-les-studios-mz
Les Talons Sauvages;affiliated;AFFILIATED_STRUCTURE;2 bis Place de Touraine;78000;VERSAILLES;contact@talons-sauvages.com;0650917378;;48.8041395;2.1623263;2026;Country And Line | ancien nom à supprimer;Country & line;https://www.ffdanse.fr/structures/1633-les-talons-sauvages;1633-les-talons-sauvages
LES TAXIS ZOUKEURS;affiliated;AFFILIATED_STRUCTURE;2 rue Pierre SEMARD;92220;BAGNEUX;team.taxiszoukeurs@gmail.com;06 40 24 83 83;https://admin.helloasso.com/les-taxis-zoukeurs/;48.7978799;2.2953277;2026;Zouk;;https://www.ffdanse.fr/structures/6351-les-taxis-zoukeurs;6351-les-taxis-zoukeurs
Les Temps Dan'C;affiliated;AFFILIATED_STRUCTURE;16 BIS RUE DU GAZONNET;77540;LUMIGNY NESLES ORMEAUX;lestempsdanc@gmail.com;0669006854;;48.7386283;2.9499085;2026;Autres Danses | Comedie Musicale | Eveil à la Danse | Regards chorégraphiques;Comédie musicale | Ateliers de création | Contemporain;https://www.ffdanse.fr/structures/4175-les-temps-dan-c;4175-les-temps-dan-c
LES TROUBADAOURS;affiliated;AFFILIATED_STRUCTURE;22 RUE D'AMIENS;80800;DAOURS;troubadaours80@gmail.com;0688224759;;49.9002833;2.442399;2026;Zumba;Zumba;https://www.ffdanse.fr/structures/5260-les-troubadaours;5260-les-troubadaours
Les Vies dansent - Bachat'Academy;affiliated;AFFILIATED_STRUCTURE;Vallée de la Piata, LD CINALE;20167;tavaco;lvd.bachatacademy@gmail.com;0609954201;;42.034855;8.899247;2026;Bachata | Bachata Team Couple | Bachata Team Styling | Danse Inclusive | Danse Show | Danses Solo | Duo bachata Shines | Eveil à la Danse | Kizomba | Kizomba Chorégraphie | Latino Caraibes | Show Latino Caraïbe | Teams SBK | Breaking | Hip Hop | New Style | Street Dance;Bachata | Disco | Kizomba | Danses latino-caraïbes | Salsa | Breaking | Danses hip-hop;https://www.ffdanse.fr/structures/2616-les-vies-dansent-bachat-academy;2616-les-vies-dansent-bachat-academy
les vies dansent 64;affiliated;AFFILIATED_STRUCTURE;26 avenue Pierre Larramendy, résidence mendian, 64500;64500;Saint jean de luz;lvdansent64@gmail.com;0638939733;;43.3832366;-1.6543505;2026;Barre au Sol | Contemporain | Danse Inclusive | Jazz;Barre au sol classique | Barre au sol contemporaine | Ateliers de création | Contemporain | Modern jazz | Jazz;https://www.ffdanse.fr/structures/5303-les-vies-dansent-64;5303-les-vies-dansent-64
LES VOIES DE LA NOUVELLE RUE (V.N.R);affiliated;AFFILIATED_STRUCTURE;19 Rue de Tourville, immeuble, 93600;93600;Aulnay sous bois;asso.vnr@gmail.com;0620125429;https://www.facebook.com/assoVNR;48.9586035;2.4963148;2026;Africaine | Breaking | Hip Hop | House | Jazz | Krump | Locking | New Style | Orientale | Poping | Ragga | Street Dance | Zumba;Danses ethniques | Breaking | Danses hip-hop | Modern jazz | Jazz | Zumba;https://www.ffdanse.fr/structures/3299-les-voies-de-la-nouvelle-rue-v-n-r;3299-les-voies-de-la-nouvelle-rue-v-n-r
Les Z'Envolées;affiliated;AFFILIATED_STRUCTURE;10 avenue de la Guerche;44250;Saint-Brevin-les-Pins;leszenvolees@gmail.com;0689344418;Leszenvolees.fr;47.2416839;-2.1619755;2026;Danse aérienne;Danses aériennes;https://www.ffdanse.fr/structures/3340-les-z-envolees;3340-les-z-envolees
Les Écorchés;affiliated;AFFILIATED_STRUCTURE;17 Rue de l'Engoulevent, 42800;42800;Rive-de-Gier;lesecorches.danse@gmail.com;0682606397;www.lesecorches.fr;45.5171979;4.609136;2026;Contemporain | Danse Inclusive | Danses Solo | Eveil à la Danse | Jazz | Regards chorégraphiques | Transversal;Ateliers de création | Contemporain | Modern jazz | Jazz;https://www.ffdanse.fr/structures/6239-les-ecorches;6239-les-ecorches
Lesdixquidansent;affiliated;AFFILIATED_STRUCTURE;18, rue Voulot;25250;ISLE-SUR-LE-DOUBS;chauvin.j.luc@wanadoo.fr;06 24 99 69 26;lesdixquidansent.e-monsite.com;47.4488876;6.5884925;2026;Bachata | Boogie Woogie | Country And Line | Latines | Lindy Hop | Rock et DA | Societe | Standards | Rock'n'Roll | West Coast Swing;Bachata | Boogie-Woogie | Country & line | Danses latines | Lindy hop | Rock sauté | Danses de salon | Danses standards | Rock'n'roll | West Coast Swing;https://www.ffdanse.fr/structures/2411-lesdixquidansent;2411-lesdixquidansent
LESPI'POP DANSE;affiliated;AFFILIATED_STRUCTURE;1 RUE DE L'ARAMON, BAT B APPARTEMENT 18;34710;LESPIGNAN;eric.lamelyn@orange.fr;06.14.30.32.44;;43.268442;3.168618;2026;Country And Line | Country Danse Partner - DP | Country Danse en Couple - DC | Country Danse en Couple - DC Pro AM | Country Danse en Formation - DF Cabaret Team | Country Danse en Formation - DF Crea Team | Country Danse en Formation - DF Loisirs Team | Country Danse en Formation - DF Quad | Country Danse en Formation - DF Show Team | Country Danse en Ligne - DL Pop Line | Country Danse en ligne - DL | Country Ecriture Choregraphique - EC | DC Pro AM;Country & line;https://www.ffdanse.fr/structures/5985-lespi-pop-danse;5985-lespi-pop-danse
Let's dance;affiliated;AFFILIATED_STRUCTURE;Salle veltin, rue Mademoiselle Veltin;02700;Quessy-Cité;maryse.gladieux@sfr.fr;0608493141;;49.664752;3.286993;2026;Autres Danses | Classique | Jazz;Classique | Modern jazz | Jazz;https://www.ffdanse.fr/structures/117-let-s-dance;117-let-s-dance
Let's dance;affiliated;AFFILIATED_STRUCTURE;1658 Route de Saint Chamas;13140;Miramas;letsdance13@outlook.fr;0608747911;;43.5610004;5.0154764;2026;Bachata | OLD : Salsa, Bachata, Kizomba | Salsa;Bachata | Salsa;https://www.ffdanse.fr/structures/3528-let-s-dance;3528-let-s-dance
Let's Dance;recently_disaffiliated;UNAFFILIATED_STRUCTURE;21 ALLEE DES ORMES, 78480;78480;VERNEUIL SUR SEINE;sylviemauraisin@gmail.com;0139289582;;48.972796;1.969759;;;;https://www.ffdanse.fr/structures/2898-let-s-dance;2898-let-s-dance
let's dance;recently_disaffiliated;UNAFFILIATED_STRUCTURE;6 rue du trefond;62860;sauchy lestrée;aliciabriez15@gmail.com;0645291024;;50.2274327;3.1025539;;;;https://www.ffdanse.fr/structures/5756-let-s-dance;5756-let-s-dance
Let's Dance;recently_disaffiliated;UNAFFILIATED_STRUCTURE;6 Rue de verdun, 06340;06340;Drap;letsdancedrap@gmail.com;0786719310;;43.7547216;7.3207866;;;;https://www.ffdanse.fr/structures/4060-let-s-dance;4060-let-s-dance
Let's dance Carrel;affiliated;AFFILIATED_STRUCTURE;14 rue de l'europe;14460;Colombelles;c.carrel@wanadoo.fr;0678216304;;49.1958221;-0.2883136;2026;Dix Danses | Latines | OLD : Salsa, Bachata, Kizomba | Rock et DA | Rock'n'Roll | Societe | Standards | ancien nom à supprimer;Danses latines | Danses standards | Salsa | Bachata | Rock sauté | Rock'n'roll | Danses de salon;https://www.ffdanse.fr/structures/363-let-s-dance-carrel;363-let-s-dance-carrel
let's dance company;affiliated;AFFILIATED_STRUCTURE;108 E CHEMIN RECHERCHANT, residence les banbous 2 Appt 7;97432;ravine des cabris  saint pierre;letsdance974@gmail.com;0692299379;;-21.2881857;55.4833643;2026;Country And Line;Country & line;https://www.ffdanse.fr/structures/4814-let-s-dance-company;4814-let-s-dance-company
LET'S DANCE MAUBEUGE;affiliated;AFFILIATED_STRUCTURE;4 RUE GIPPUS, APPARTEMENT 42;59600;MAUBEUGE;romain.wespsier@outlook.com;0611140393;https://www.letsdancemaubeuge.fr/page/3724900-accueil;50.2770613;3.9770905;2026;Bachata | Bachata Team Couple | Bachata Team Styling | Breaking | Contemporain | Danse Inclusive | Danse Verticale | Danse aérienne | Duo bachata Shines | Duo salsa Shines | Eveil à la Danse | Hip Hop | House | Kizomba | Kizomba Chorégraphie | Krump | Latino Caraibes | Locking | New Style | Parapole Artistique | Parapole sport | Pole Dance | Pole Sport | Poping | Ragga | Salsa | Salsa Team Couple | Salsa Team Styling | Show Latino Caraïbe | Societe | Street Dance | Teams SBK | Yoga danse | Assouplissement | Danse en solo Latine | Danse en solo Standard | Dix Danses | Latines | Show Dance Latine | Show Dance Standard | Solo Team Lat / Std | Standards | Zouk | Zumba;Bachata | Breaking | Ateliers de création | Contemporain | Danses aériennes | Danses hip-hop | Kizomba | Danses latino-caraïbes | Pole dance | Pole sport | Salsa | Danses de salon | Danses latines | Danses standards | Zumba;https://www.ffdanse.fr/structures/6145-let-s-dance-maubeuge;6145-let-s-dance-maubeuge
Levallois Sporting Club Danse 2000;affiliated;AFFILIATED_STRUCTURE;24 rue Louise Michel;92300;Levallois-Perret;Danses@levallois-sporting-club.fr;+33 6 62 93 54 74;https://levallois-sporting-club.com/danses/;48.8885137;2.2873419;2026;Bachata | Bollywood | Cabaret | Country And Line | Danse en solo Latine | Danse en solo Standard | Dix Danses | Eveil à la Danse | Jazz | Kizomba | Latines | Lindy Hop | Orientale | Rock'n'Roll | Salsa | Solo Team Lat / Std | Standards | Street Dance;Bachata | Danses ethniques | Cabaret | Country & line | Danses latines | Danses standards | Modern jazz | Jazz | Kizomba | Lindy hop | Rock'n'roll | Salsa | Danses hip-hop;https://www.ffdanse.fr/structures/1899-levallois-sporting-club-danse-2000;1899-levallois-sporting-club-danse-2000
Level'Up;affiliated;AFFILIATED_STRUCTURE;11 rue des hironvalles;60100;CREIL;asso.levelup@hotmail.com;0787477320;;49.2539832;2.4691596;2026;Africaine | Eveil à la Danse;Danses ethniques;https://www.ffdanse.fr/structures/5265-level-up;5265-level-up
LEVI'DANSE;affiliated;AFFILIATED_STRUCTURE;23 rue Sicard Alaman;81150;CASTELNAU-DE-LEVIS;family72@wanadoo.fr;0671443905;;43.9381046;2.0840814;2026;Eveil à la Danse | Jazz;Modern jazz | Jazz;https://www.ffdanse.fr/structures/4369-levi-danse;4369-levi-danse
LFJAZZ;affiliated;AFFILIATED_STRUCTURE;18 rue du Général de Monsabert;33500;LIBOURNE;lf.jazz@yahoo.fr;06 63 65 63 34;www.lfjazz.fr;44.9153715;-0.224084;2026;Barre au Sol | Eveil à la Danse | Jazz | Regards chorégraphiques | Street Dance;Barre au sol classique | Barre au sol contemporaine | Modern jazz | Jazz | Ateliers de création | Contemporain | Danses hip-hop;https://www.ffdanse.fr/structures/3935-lfjazz;3935-lfjazz
LH DANCE COMPAGNY;recently_disaffiliated;UNAFFILIATED_STRUCTURE;34 BOULEVARD DES ITALIENS;75009;PARIS;com.salsalianza@gmail.com;06 50 95 36 95;www.salsalianza.fr;48.8713879;2.3351094;;;;https://www.ffdanse.fr/structures/5892-lh-dance-compagny;5892-lh-dance-compagny
LIBER' DANSE;affiliated;AFFILIATED_STRUCTURE;1 rue des Auvannes;37210;Parçay-Meslay;liberdanse@gmail.com;+33666944588;;47.4364255;0.7438699;2026;Dix Danses | Latines | Standards;Danses latines | Danses standards;https://www.ffdanse.fr/structures/3005-liber-danse;3005-liber-danse
Liberty's dancers Bauvin Provin;affiliated;AFFILIATED_STRUCTURE;20 bis chemin d'Epinoy;59221;BAUVIN;elisa5962@hotmail.fr;0669911683;;50.5087654;2.8995773;2026;Country And Line;Country & line;https://www.ffdanse.fr/structures/2938-liberty-s-dancers-bauvin-provin;2938-liberty-s-dancers-bauvin-provin
Libi na weli;affiliated;AFFILIATED_STRUCTURE;1531 Av Christophe Colomb;97320;Saint Laurent du Maroni;libindansi@gmail.com;+33642715015;;5.5036634;-54.0294336;2026;Afro-contemporaine | Breaking | Contemporain | Danse Inclusive | Danses Solo | Eveil à la Danse | Hip Hop | Regards chorégraphiques | Street Dance;Afro-jazz | Breaking | Ateliers de création | Contemporain | Danses hip-hop;https://www.ffdanse.fr/structures/5943-libi-na-weli;5943-libi-na-weli
LIBR'ACTION DANSES CHATEL-NOMEXY;affiliated;AFFILIATED_STRUCTURE;4 ROUTE DE LA VERRERIE;88330;CHATEL SUR MOSELLE;libraction88@gmail.com;0626994523;;48.3150443;6.3951908;2026;Contemporain | Danse Show | Danses Solo | Disco | Formation Rock Girls | Formation Rock Juniors | Jazz | Regards chorégraphiques | Rock | Rock Artistique Fédéral | Rock Formation | Rock Juniors | Rock Saute | Rock et DA | Rock'n Roll Fédéral | Rock'n'Roll | Show Dance Standard;Ateliers de création | Contemporain | Disco | Modern jazz | Jazz | Rock'n'roll | Rock sauté | Danses standards;https://www.ffdanse.fr/structures/5288-libr-action-danses-chatel-nomexy;5288-libr-action-danses-chatel-nomexy
Ligne de danse de Paris;affiliated;AFFILIATED_STRUCTURE;9, rue Guenot;75011;PARIS;lignededanse@gmail.com;0621624892;https://www.facebook.com/LignededansedeParis/;48.8514522;2.3921146;2026;Rock | Rock Acrobatique | Rock Acrobatique Fédéral | Rock Artistique Fédéral | Rock Formation | Rock Main Class Contact Style | Rock Main Class Free Style | Rock Saute | Rock et DA | Rock'n Roll Fédéral | Rock'n'Roll | Small Formation Rock Ladies;Rock'n'roll | Rock acrobatique | Rock sauté;https://www.ffdanse.fr/structures/1479-ligne-de-danse-de-paris;1479-ligne-de-danse-de-paris
LIGN’DANCE;affiliated;AFFILIATED_STRUCTURE;27 rue Louise Dollez;59191;Ligny en Cambrésis;cindy.boquillon1258@outlook.fr;0769601997;;50.1000701;3.3754896;2026;Contemporain;Ateliers de création | Contemporain;https://www.ffdanse.fr/structures/5299-lign-dance;5299-lign-dance
Limoges Club de Danse;affiliated;AFFILIATED_STRUCTURE;11 allée Louis Daubenton;87280;LIMOGES;larochepaul@hotmail.com;0555322737;www.danselaroche.fr;45.8756402;1.2898775;2026;Dix Danses | Latines | OLD : Salsa, Bachata, Kizomba | Standards;Danses latines | Danses standards | Salsa | Bachata;https://www.ffdanse.fr/structures/1820-limoges-club-de-danse;1820-limoges-club-de-danse
Line dance and co;affiliated;AFFILIATED_STRUCTURE;Maire de Jussac AV des pavillons;15250;JUSSAC;corinnedely@gmail.com;0619134327;;44.9881678;2.4213575;2026;Country And Line | ancien nom à supprimer;Country & line;https://www.ffdanse.fr/structures/368-line-dance-and-co;368-line-dance-and-co
LINE DANCE FEVER;affiliated;AFFILIATED_STRUCTURE;27 rue Gabriel PERI;78440;Gargenville;linedance.fever@outlook.fr;0612530973;https://linedancefever78.my.canva.site/;48.9806453;1.810245;2026;Country And Line | Country Danse en Couple - DC | Country Danse en Couple - DC Pro AM | Country Danse en Formation - DF Cabaret Team | Country Danse en Formation - DF Crea Team | Country Danse en Formation - DF Loisirs Team | Country Danse en Formation - DF Quad | Country Danse en Formation - DF Show Team | Country Danse en ligne - DL | Country Danse en Ligne - DL Pop Line | Country Danse Partner - DP | Country Ecriture Choregraphique - EC | DC Pro AM;Country & line;https://www.ffdanse.fr/structures/3207-line-dance-fever;3207-line-dance-fever
Line dance river;affiliated;AFFILIATED_STRUCTURE;Mairie;24220;coux et bigaroque;descamp.fanny@gmail.com;0683066899;;44.834995;0.972768;2026;Country And Line;Country & line;https://www.ffdanse.fr/structures/447-line-dance-river;447-line-dance-river
Line Dance à Valence;affiliated;AFFILIATED_STRUCTURE;80 Grand' Rue, COUHE;86700;VALENCE EN POITOU;linedanceavalence@gmail.com;0610176963;;46.2988417;0.1812978;2026;Country And Line;Country & line;https://www.ffdanse.fr/structures/5298-line-dance-a-valence;5298-line-dance-a-valence
Line Danse du Sully;affiliated;AFFILIATED_STRUCTURE;6 place de l'église;15130;Saint-Simon;linedansedusully@gmail.com;0626509579;;44.9630212;2.4901245;2026;Country And Line;Country & line;https://www.ffdanse.fr/structures/5274-line-danse-du-sully;5274-line-danse-du-sully
Little Moon festival country;affiliated;AFFILIATED_STRUCTURE;4 AVENUE GEORGES LEYGUES;47500;FUMEL;littlemoon46@aol.com;0687743327;;44.5004659;0.9634712;2026;Country And Line | Country Danse en Couple - DC | Country Danse en Couple - DC Pro AM | Country Danse en Formation - DF Cabaret Team | Country Danse en Formation - DF Crea Team | Country Danse en Formation - DF Duo | Country Danse en Formation - DF Loisirs Team | Country Danse en Formation - DF Quad | Country Danse en Formation - DF Show Team | Country Danse en ligne - DL | Country Danse en Ligne - DL Pop Line | Country Danse Partner - DP | Country Ecriture Choregraphique - EC | DC Pro AM;Country & line;https://www.ffdanse.fr/structures/1014-little-moon-festival-country;1014-little-moon-festival-country
LIV U POLE;affiliated;AFFILIATED_STRUCTURE;7  rue du commerce, Chez NRB CROSSFIT;11100;Narbonne;livupole@gmail.com;0698393878;https://www.livupole.com/;43.1877454;2.9988294;2026;Pole Dance | Danse aérienne | Pole Sport;Pole dance | Danses aériennes | Pole sport;https://www.ffdanse.fr/structures/4631-liv-u-pole;4631-liv-u-pole
LLeli dance;affiliated;AFFILIATED_STRUCTURE;52 les hauts de la couaste;83510;lorgues;Llelidance83@gmail.com;0769793536;https://www.facebook.com/profile.php?id=61550093014646;43.494859;6.37522;2026;Autres Danses | Breaking | Contemporain | Hip Hop | House | Krump | Locking | New Style | Poping | Ragga | Street Dance;Breaking | Ateliers de création | Contemporain | Danses hip-hop;https://www.ffdanse.fr/structures/5396-lleli-dance;5396-lleli-dance
Lmdanse et Fitness;affiliated;AFFILIATED_STRUCTURE;la mairie, Place Roussel;09110;Ax les Thermes;contact@lmdanseetfitness.com;0670344555;www.lmdanseetfitness.com;42.720067;1.8374339;2026;Autres Danses | Claquettes | Classique | Jazz;Claquettes | Classique | Modern jazz | Jazz;https://www.ffdanse.fr/structures/4770-lmdanse-et-fitness;4770-lmdanse-et-fitness
LOLADANCE;affiliated;AFFILIATED_STRUCTURE;2 ROUTE DE PAULMERY, 36600;36600;LA VERNELLE;loladance.asso@gmail.com;0647385037;;47.2449486;1.5586798;2026;Breaking | Cabaret | Comedie Musicale | Disco | Hip Hop | Jazz | Standards | Street Dance;Breaking | Cabaret | Comédie musicale | Disco | Danses hip-hop | Modern jazz | Jazz | Danses standards;https://www.ffdanse.fr/structures/6081-loladance;6081-loladance
Lolie Danse;affiliated;AFFILIATED_STRUCTURE;76 rue Lecourbe, Batiment C;75015;Paris;loliedanse@yahoo.fr;0663914928;;48.8437337;2.3056955;2026;Orientale;Danses ethniques;https://www.ffdanse.fr/structures/5529-lolie-danse;5529-lolie-danse
LOR & Line Dances;affiliated;AFFILIATED_STRUCTURE;1 rue henriette lenternier, 57100;57100;THIONVILLE;lor.line.dances;0781227901;;49.3686596;6.1529496;2026;Country And Line;Country & line;https://www.ffdanse.fr/structures/4293-lor-line-dances;4293-lor-line-dances
Lou Recantou;affiliated;AFFILIATED_STRUCTURE;Route de la Clairette, Espace Associatif Louis Sert;34230;PAULHAN;asso.lourecantou@gmail.com;06.38.04.78.91;www.lourecantoudepaulhan.fr;43.5355324;3.456224;2026;Classique | Jazz | Street Dance;Classique | Modern jazz | Jazz | Danses hip-hop;https://www.ffdanse.fr/structures/754-lou-recantou;754-lou-recantou
LOUISIANA COUNTRY DANCERS;recently_disaffiliated;UNAFFILIATED_STRUCTURE;ROUTE DE SAINT GEORGES;18100;SAINT HILAIRE DE COURT;louisiana.country.dancer@hotmail.com;0676375663;;47.206903;2.0065739;;;;https://www.ffdanse.fr/structures/4886-louisiana-country-dancers;4886-louisiana-country-dancers
LR Dancesport;affiliated;AFFILIATED_STRUCTURE;40 avenue Barthélémy Buyer;69009;Lyon;anthonylacroix80@gmail.com;0608761339;;45.7593659;4.8090182;2026;Dix Danses | Latines | Standards;Danses latines | Danses standards;https://www.ffdanse.fr/structures/2718-lr-dancesport;2718-lr-dancesport
LS Dance Company;affiliated;AFFILIATED_STRUCTURE;10-11 avenue centrale;07380;lalevade;lsdancecompany@gmail.com;0631486650;www.assolsdancecompany.fr;44.650052;4.3222616;2026;Autres Danses | Contemporain | Eveil à la Danse | Jazz | New Style | Street Dance;Ateliers de création | Contemporain | Modern jazz | Jazz | Danses hip-hop;https://www.ffdanse.fr/structures/3733-ls-dance-company;3733-ls-dance-company
LudoLindy;affiliated;AFFILIATED_STRUCTURE;10, rue Georges PRIETO;38400;Saint Martin d'Hères;ludolindy@gmail.com;0633989470;http://ludolindy.fr;45.1784491;5.7580676;2026;Claquettes | Comedie Musicale | Danses Solo | Disco | Eveil à la Danse | Folklorique | Lindy Hop | Rock et DA | Rock'n'Roll | Societe | Tango Argentin;Claquettes | Comédie musicale | Disco | Danses traditionnelles | Lindy hop | Rock sauté | Rock'n'roll | Danses de salon | Tango argentin;https://www.ffdanse.fr/structures/3506-ludolindy;3506-ludolindy
LUMINANDANCE ARTS;affiliated;AFFILIATED_STRUCTURE;101 impasse la source, Zi les Consacs;83170;brignoles;luminandancearts@gmail.com;0619622116;https://luminandancearts.wixsite.com/website;43.3998493;6.0514674;2026;Classique | Contemporain | Hip Hop | Jazz | Orientale | Street Dance | Zumba;Classique | Ateliers de création | Contemporain | Danses hip-hop | Modern jazz | Jazz | Danses ethniques | Zumba;https://www.ffdanse.fr/structures/2531-luminandance-arts;2531-luminandance-arts
LUN'ART PÔLE DANSE;affiliated;AFFILIATED_STRUCTURE;15 rue des phocéens;34340;Marseillan;natachasikora@live.fr;0634193047;;43.3490418;3.5286812;2026;Barre au Sol | Breaking | Classique | Contemporain | Hip Hop | Jazz | Jazz groupe | Street Dance;Barre au sol classique | Barre au sol contemporaine | Breaking | Classique | Ateliers de création | Contemporain | Danses hip-hop | Modern jazz | Jazz;https://www.ffdanse.fr/structures/6284-lun-art-pole-danse;6284-lun-art-pole-danse
LVD Les Volontaires Dionysiens;affiliated;AFFILIATED_STRUCTURE;26 Avenue Desbassyns;97490;Sainte Clotilde;association.lvd@gmail.com;0692693916;;-20.8955374;55.4955309;2026;Country And Line;Country & line;https://www.ffdanse.fr/structures/5493-lvd-les-volontaires-dionysiens;5493-lvd-les-volontaires-dionysiens
Lyon Métropole Danse Sportive;affiliated;AFFILIATED_STRUCTURE;1 ancienne route d' Heyrieux;69200;VENISSIEUX;christopherey69@gmail.com;0630929069;http://www.lmdsvenissieux.com;45.6826308;4.9524646;2026;Danse en solo Latine | Danse en solo Standard | Dix Danses | Latines | Show Dance Latine | Show Dance Standard | Solo Team Lat / Std | Standards;Danses latines | Danses standards;https://www.ffdanse.fr/structures/1378-lyon-metropole-danse-sportive;1378-lyon-metropole-danse-sportive
Lyritopia;affiliated;AFFILIATED_STRUCTURE;10 B RUE DE GAILLON, 27930;27930;GRAVIGNY;mdenaismelanie@gmail.com;0670504578;;49.051053;1.1680044;2026;Hip Hop;Danses hip-hop;https://www.ffdanse.fr/structures/6398-lyritopia;6398-lyritopia
L² compagnie;recently_disaffiliated;UNAFFILIATED_STRUCTURE;8 avenue de l'europe;60200;compiègne;l2compagnie@gmail.com;0621791126;www.l2compagnie.com;49.40499;2.8065972;;;;https://www.ffdanse.fr/structures/5968-l2-compagnie;5968-l2-compagnie
L’ART-ALLIER BODY POSITIVE;affiliated;AFFILIATED_STRUCTURE;20 rue suffren;97460;Saint-paul;noelemi@live.fr;0693467241;;46.227638;2.213749;2026;Africaine | Afro-caribéennes | Autres Danses | Autres Danses Du Monde | Bollywood | Danse Verticale | Danse aérienne | Orientale | Parapole Artistique | Parapole sport | Pilates | Pole Dance | Pole Sport | Zumba | Eveil à la Danse;Danses ethniques | Danses aériennes | Pole dance | Pole sport | Zumba;https://www.ffdanse.fr/structures/6242-l-art-allier-body-positive;6242-l-art-allier-body-positive
L’Atelier Danse d’Ambérieu-en-Bugey;affiliated;AFFILIATED_STRUCTURE;65 avenue de la Libération;01500;AMBERIEU EN BUGEY;atelier-danse@orange.fr;0676831057;www.latelierdansedesandra.com;45.9635754;5.3360468;2026;Africaine | Bollywood | Danses Solo | Eveil à la Danse | Hip Hop | Orientale | Ragga | Zumba | Cabaret | Comedie Musicale;Danses ethniques | Danses hip-hop | Zumba | Cabaret | Comédie musicale;https://www.ffdanse.fr/structures/6188-l-atelier-danse-d-amberieu-en-bugey;6188-l-atelier-danse-d-amberieu-en-bugey
L’envolée Pole Dance Studio;affiliated;AFFILIATED_STRUCTURE;7 RUE DU PRÉ CORNU;38610;GIERES;contact@lenvoleepoledancestudio.fr;0637433565;https://lenvoleepoledancestudio.fr/;45.1883884;5.7758909;2026;Pole Dance;Pole dance;https://www.ffdanse.fr/structures/4572-l-envolee-pole-dance-studio;4572-l-envolee-pole-dance-studio
M DANSE;affiliated;AFFILIATED_STRUCTURE;12 rue littré;01000;Bourg en Bresse;paimard@wanadoo.fr;04 74 23 58 62;;46.2028823;5.229104;2026;Bollywood | Breaking | Eveil à la Danse | Hip Hop | Latino Caraibes | New Style | OLD : Salsa, Bachata, Kizomba | Orientale | Ragga | Rock'n'Roll | Street Dance | Zumba;Danses ethniques | Breaking | Danses hip-hop | Danses latino-caraïbes | Salsa | Bachata | Rock'n'roll | Zumba;https://www.ffdanse.fr/structures/2574-m-danse;2574-m-danse
M la Scène Poyanne;affiliated;AFFILIATED_STRUCTURE;100 place de la mairie;40380;Poyanne;mlascenepoyanne@gmail.com;0672191498;;43.755303;-0.814562;2026;Comedie Musicale | Jazz;Comédie musicale | Modern jazz | Jazz;https://www.ffdanse.fr/structures/6203-m-la-scene-poyanne;6203-m-la-scene-poyanne
M&S Dansent;affiliated;AFFILIATED_STRUCTURE;10 rue de Necvin;02220;SERCHES;m.sdansent@gmail.com;0687141451;;49.3433524;3.4492356;2026;Societe;Danses de salon;https://www.ffdanse.fr/structures/4899-m-s-dansent;4899-m-s-dansent
M'Danse;affiliated;AFFILIATED_STRUCTURE;1 place René Medernach;57330;Hettange-Grande;MDanse@orange.fr;0783302509;;49.4054632;6.1583698;2026;Autres Danses | Classique | Contemporain | Hip Hop | Jazz;Classique | Ateliers de création | Contemporain | Danses hip-hop | Modern jazz | Jazz;https://www.ffdanse.fr/structures/1114-m-danse;1114-m-danse
M'OxyDance;recently_disaffiliated;UNAFFILIATED_STRUCTURE;8 impasse des Cigognes;57150;CREUTZWALD;Camag@live.fr;0626450284;https://www.facebook.com/M-OxyDance-825573014260689/;49.213247;6.7083063;;;;https://www.ffdanse.fr/structures/2827-m-oxydance;2827-m-oxydance
M-vidanse;affiliated;AFFILIATED_STRUCTURE;9 rue sorbier des oiseleurs;95570;moisselles;mvidanse@gmail.com;0660934728;;49.046527;2.338126;2026;Cabaret | Claquettes | Country And Line | Jazz;Cabaret | Claquettes | Country & line | Modern jazz | Jazz;https://www.ffdanse.fr/structures/5790-m-vidanse;5790-m-vidanse
M.A.D. EAGLES;affiliated;AFFILIATED_STRUCTURE;2 Bis rue du Faubourg;11100;Montredon-des-Corbières;m.a.d.eagles11@gmail.com;0663436253;;43.1916478;2.9262365;2026;Country And Line;Country & line;https://www.ffdanse.fr/structures/2766-m-a-d-eagles;2766-m-a-d-eagles
M.J.C. d'Amanvillers;affiliated;AFFILIATED_STRUCTURE;9 rue de champagne;57865;AMANVILLERS;lamotteagnes57865@gmail.com;0677491945;;49.1672;6.0480465;2026;Contemporain | Jazz;Ateliers de création | Contemporain | Modern jazz | Jazz;https://www.ffdanse.fr/structures/1094-m-j-c-d-amanvillers;1094-m-j-c-d-amanvillers
M.J.C. de Damville;affiliated;AFFILIATED_STRUCTURE;28 rue des Remparts Damville;27240;Mesnils sur Iton;m.j.c.damville@orange.fr;0232348262;;0;0;2026;Classique | Hip Hop | Jazz;Classique | Danses hip-hop | Modern jazz | Jazz;https://www.ffdanse.fr/structures/494-m-j-c-de-damville;494-m-j-c-de-damville
Madi danse;affiliated;AFFILIATED_STRUCTURE;281 rue de l'union, Marielle Nectoux EI;42155;St Jean St Maurice sur Loire;madidanse42@gmail.com;0649708039;;45.9656512;4.0068044;2026;Country And Line;Country & line;https://www.ffdanse.fr/structures/5658-madi-danse;5658-madi-danse
MadinHiphop;affiliated;AFFILIATED_STRUCTURE;19 Rue des Caraibes;97233;SCHOELCHER;madinhiphop972@gmail.com;0696978580;;46.227638;2.213749;2026;Danse Show | Hip Hop | House | New Style | Regards chorégraphiques | Street Dance | Afro-caribéennes | Cabaret;Disco | Danses hip-hop | Ateliers de création | Contemporain | Danses ethniques | Cabaret;https://www.ffdanse.fr/structures/5033-madinhiphop;5033-madinhiphop
Madinina Danse Tradition;affiliated;AFFILIATED_STRUCTURE;Quartier Petit Coton;97211;RIVIERE PILOTE;contact@madinina-danse-tradition.fr;0696604588;http://www.madinina-danse-tradition.fr/#Accueil.H;14.490871240059;-60.897292020966;2026;Societe;Danses de salon;https://www.ffdanse.fr/structures/1998-madinina-danse-tradition;1998-madinina-danse-tradition
Mady'n Line - Country & Line Dance 86;affiliated;AFFILIATED_STRUCTURE;73, Res les Hameaux de la Forêt;86100;Châtellerault;infos.madynline86@gmail.com;06 17 61 65 86;www.madynline.org;46.7992684;0.531129;2026;Country And Line | Danses Solo;Country & line;https://www.ffdanse.fr/structures/1805-mady-n-line-country-line-dance-86;1805-mady-n-line-country-line-dance-86
Mae Piga Dance Project;recently_disaffiliated;UNAFFILIATED_STRUCTURE;6 allée de l’orangerie, Château de Valbois;42580;L’Etrat;maepiga@icloud.com;0630746492;;45.488682;4.365478;;;;https://www.ffdanse.fr/structures/4660-mae-piga-dance-project;4660-mae-piga-dance-project
Majestic Pole Dance Cournon;affiliated;AFFILIATED_STRUCTURE;27 rue du commerce;63800;cournon d' auvergne;majesticstudio.cournon@gmail.com;0664221796;;45.739756;3.1993987;2026;Pole Dance;Pole dance;https://www.ffdanse.fr/structures/2395-majestic-pole-dance-cournon;2395-majestic-pole-dance-cournon
MAKE A MOVE;recently_disaffiliated;UNAFFILIATED_STRUCTURE;147 route de sainte luce;44300;Nantes;makeamovenantes@gmail.com;0675165461;www.makeonemove.com;47.2362012;-1.5191938;;;;https://www.ffdanse.fr/structures/4512-make-a-move;4512-make-a-move
Malemort loisirs;affiliated;AFFILIATED_STRUCTURE;chez Mme PILLET 19 avenue Léonce Bourliaguet;19360;MALEMORT;pillet-francoise@wanadoo.fr;0555920377;;45.1794886;1.59035;2026;Country And Line | ancien nom à supprimer;Country & line;https://www.ffdanse.fr/structures/400-malemort-loisirs;400-malemort-loisirs
Mandihy;affiliated;AFFILIATED_STRUCTURE;43 avenue des Tremblays;95280;Jouy-le-Moutier;mandihy@outlook.com;0767157591;;49.0141181;2.0292818;2026;Orientale;Danses ethniques;https://www.ffdanse.fr/structures/4399-mandihy;4399-mandihy
MANON KIZOMBA DANCE (MKD);recently_disaffiliated;UNAFFILIATED_STRUCTURE;35 rue Jélu, Appt 101;17400;Saint-Jean-d'Angély;manonkizombadance@gmail.com;0677552052;;45.941406;-0.5205789;;;;https://www.ffdanse.fr/structures/5967-manon-kizomba-dance-mkd;5967-manon-kizomba-dance-mkd
Manuella danse;recently_disaffiliated;UNAFFILIATED_STRUCTURE;8 RUE DE BERNE;30000;NIMES;manuelladanse71@gmail.com;0603441357;;43.8324565;4.3707447;;;;https://www.ffdanse.fr/structures/1426-manuella-danse;1426-manuella-danse
Marenda's dancers 66;affiliated;AFFILIATED_STRUCTURE;14 carrer del Pardal;66650;Banyuls sur mer;marendas.dancers@gmail.com;0671199178;;42.473916;3.1133885;2026;Country And Line | ancien nom à supprimer;Country & line;https://www.ffdanse.fr/structures/1322-marenda-s-dancers-66;1322-marenda-s-dancers-66
Marines Line Dance;affiliated;AFFILIATED_STRUCTURE;MAIRIE DE MARINES  PLACE DU MARECHAL LECLERC;95640;MARINES;linedance.marines@gmail.com;0680833216;;49.1451316;1.983113;2026;Country And Line | Country Danse en Couple - DC | Country Danse en Couple - DC Pro AM | Country Danse en Formation - DF Cabaret Team | Country Danse en Formation - DF Crea Team | Country Danse en Formation - DF Loisirs Team | Country Danse en Formation - DF Quad | Country Danse en Formation - DF Show Team | Country Danse en ligne - DL | Country Danse en Ligne - DL Pop Line | Country Danse Partner - DP | Country Ecriture Choregraphique - EC | DC Pro AM;Country & line;https://www.ffdanse.fr/structures/1983-marines-line-dance;1983-marines-line-dance
Marion Caranobe;affiliated;AFFILIATED_STRUCTURE;42 rue du jeu de mail;34820;Teyran;contact.poleinart@gmail.com;0615477987;;43.6832481;3.926109;2026;Pole Dance;Pole dance;https://www.ffdanse.fr/structures/1584-marion-caranobe;1584-marion-caranobe
MARIUS PETIPA;recently_disaffiliated;UNAFFILIATED_STRUCTURE;5 rue du Dr Gustave Couaillac;33810;Ambes ▾;mariuspetipaambes@gmail.com;0610109530;;45.0118027;-0.5327356;;;;https://www.ffdanse.fr/structures/5792-marius-petipa;5792-marius-petipa
Markadas Bron Club;affiliated;AFFILIATED_STRUCTURE;12, Avenue de Verdun;69500;BRON;yoan.markadas@gmail.com;0642472277;https://www.markadas-danse.com;45.7349785;4.9091453;2026;Boogie Formation | Boogie Juniors | Boogie Main Class | Boogie Rising Star | Boogie Seniors | Boogie Woogie | Boogie Woogie Fédéral | Breaking | Classique | Contemporain | Formation Rock Girls | Formation Rock Juniors | Formation Rock Ladies | Formation Rock Main Class | Formation Rock Main Class Quattro | Hip Hop | Lindy Hop Fédéral | Lindy Hop Junior | Lindy Hop Main Class | Lindy Hop Senior 1 | Lindy Hop Senior 2 | Lindy Hop Show case | New Style | Ragga | Rock Acrobatique | Rock Acrobatique Fédéral | Rock Artistique Fédéral | Rock Children | Rock Couple Dance Show | Rock Juniors | Rock Juveniles | Rock Main Class Contact Style | Rock Main Class Free Style | Rock Saute | Rock et DA | Rock'n Roll Fédéral | Small Formation Rock Ladies | Small formation Rock Girls | Street Dance | Zumba;Boogie-Woogie | Breaking | Classique | Ateliers de création | Contemporain | Danses hip-hop | Rock acrobatique | Rock'n'roll | Rock sauté | Zumba;https://www.ffdanse.fr/structures/4280-markadas-bron-club;4280-markadas-bron-club
MARSEILLE DANSE ACADEMY;affiliated;AFFILIATED_STRUCTURE;277 av de la Capelette;13010;Marseille;salsakirt@gmail.com;0663647979;;43.279245;5.4128014;2026;Afro-contemporaine | Autres Danses Du Monde | Bachata | Bachata Team Couple | Bachata Team Styling | Breaking | Cabaret | Classique | Contemporain | Danse Show | Danses Solo | Duo bachata Shines | Duo salsa Shines | Eveil à la Danse | Hip Hop | Jazz | Kizomba | Latino Caraibes | New Style | OLD : Salsa, Bachata, Kizomba | Ragga | Rock Couple Dance Show | Salsa | Salsa Team Couple | Salsa Team Styling | Show Latino Caraïbe | Street Dance | Teams SBK;Afro-jazz | Danses ethniques | Bachata | Breaking | Cabaret | Classique | Ateliers de création | Contemporain | Disco | Danses hip-hop | Modern jazz | Jazz | Kizomba | Danses latino-caraïbes | Salsa;https://www.ffdanse.fr/structures/5337-marseille-danse-academy;5337-marseille-danse-academy
Marsy danse;affiliated;AFFILIATED_STRUCTURE;10 rue gustave flaubert;29600;Saint martin des champs;marsydanse@gmail.com;06 24 15 46 58;www.marsydanse.fr;48.5775727;-3.8417783;2026;Danses Solo | Societe | Danse en solo Latine | Danse en solo Standard | Latines | Standards;Danses de salon | Danses latines | Danses standards;https://www.ffdanse.fr/structures/552-marsy-danse;552-marsy-danse
MASREYA;affiliated;AFFILIATED_STRUCTURE;31 rue Saint Just;95190;GOUSSSAINVILLE;masreyadanse@gmail.com;0744827480;www.masreya.fr;49.0338451;2.4670142;2026;Orientale;Danses ethniques;https://www.ffdanse.fr/structures/6060-masreya;6060-masreya
MASTER CLASS DANSE;affiliated;AFFILIATED_STRUCTURE;Avenue du docteur Jullien Lefèbvre, 331, zI;06870;Villeneuve - loubet;vanessatognetti06130@gmail.com;0667422041;www.masterclassdanse.fr;43.6327915;7.1310421;2026;Classique;Classique;https://www.ffdanse.fr/structures/6232-master-class-danse;6232-master-class-danse
Mave Mai;affiliated;AFFILIATED_STRUCTURE;6 La Renelière;85150;Saint Georges de Pointindoux;association.mavemai@yahoo.fr;0770480435;;46.6322065;-1.6026078;2026;Autres Danses | Autres Danses Du Monde;Danses ethniques;https://www.ffdanse.fr/structures/1786-mave-mai;1786-mave-mai
Mayadhara;affiliated;AFFILIATED_STRUCTURE;Centre  Georges Brassens rue Sévigné;63000;Clermont-Ferrand;mayadhara.fr@outlook.com;0663470574;;45.7664892;3.0922581;2026;Africaine | Bollywood | Comedie Musicale | Contemporain | Danse Historique | Danse Show | Indienne;Danses ethniques | Comédie musicale | Ateliers de création | Contemporain | Danse historique | Disco;https://www.ffdanse.fr/structures/1263-mayadhara;1263-mayadhara
MAZET BREAK DANSE CREW;recently_disaffiliated;UNAFFILIATED_STRUCTURE;968 route de la pierre plantée;43520;mazet saint voy;mazetbreakdansecrew@gmail.com;0658552798;;45.0662318;4.2373239;;;;https://www.ffdanse.fr/structures/5765-mazet-break-danse-crew;5765-mazet-break-danse-crew
MB Club;affiliated;AFFILIATED_STRUCTURE;136, route d'heyrieux;69780;MIONS;contact@mbdance.fr;;https://mbdance.fr;45.6820647;4.9541302;2026;Boogie Formation | Boogie Juniors | Boogie Main Class | Boogie Rising Star | Boogie Seniors | Boogie Woogie | Boogie Woogie Fédéral | Formation Rock Girls | Formation Rock Juniors | Formation Rock Ladies | Formation Rock Main Class | Formation Rock Main Class Quattro | Lindy Hop | Lindy Hop Fédéral | Lindy Hop Junior | Lindy Hop Main Class | Lindy Hop Senior 1 | Lindy Hop Senior 2 | Lindy Hop Show case | Rock | Rock Acrobatique | Rock Acrobatique Fédéral | Rock Artistique Fédéral | Rock Children | Rock Couple Dance Show | Rock Formation | Rock Juniors | Rock Juveniles | Rock Main Class Contact Style | Rock Main Class Free Style | Rock Saute | Rock et DA | Rock'n Roll Fédéral | Rock'n'Roll | Small Formation Rock Ladies | Small formation Rock Girls | West Coast Swing;Boogie-Woogie | Lindy hop | Rock'n'roll | Rock acrobatique | Rock sauté | West Coast Swing;https://www.ffdanse.fr/structures/1377-mb-club;1377-mb-club
MC Dance;affiliated;AFFILIATED_STRUCTURE;26 rue Marcel Pagnol;66430;BOMPAS;mcdance66@gmail.com;0649407786;;42.732425;2.934218;2026;Bachata | Cabaret | Eveil à la Danse | Hip Hop | Ragga | Salsa | Zumba;Bachata | Cabaret | Danses hip-hop | Salsa | Zumba;https://www.ffdanse.fr/structures/3452-mc-dance;3452-mc-dance
MC danse;affiliated;AFFILIATED_STRUCTURE;11 Rue Pasteur;11700;Pépieux;chantal.pujol@orange.fr;0626661925;;43.298679;2.672968;2026;Country And Line | Country Danse Partner - DP | Country Danse en Couple - DC | Country Danse en Couple - DC Pro AM | Country Danse en Formation - DF Cabaret Team | Country Danse en Formation - DF Crea Team | Country Danse en Formation - DF Loisirs Team | Country Danse en Formation - DF Quad | Country Danse en Formation - DF Show Team | Country Danse en Ligne - DL Pop Line | Country Danse en ligne - DL | Country Ecriture Choregraphique - EC | DC Pro AM;Country & line;https://www.ffdanse.fr/structures/211-mc-danse;211-mc-danse
MCS FITNESS DANCE;recently_disaffiliated;UNAFFILIATED_STRUCTURE;4 rue des Affrontailles;77700;MAGNY LE HONGRE;mcsfkj@outlook.com;0613315395;www.mcsfitnessdance.com;48.8621783;2.8156213;;;;https://www.ffdanse.fr/structures/1574-mcs-fitness-dance;1574-mcs-fitness-dance
MD DANSE COMPAGNIE;affiliated;AFFILIATED_STRUCTURE;BOURG;76113;SAINT PIERRE DE MANNEVILLE;MDDANSECOMPAGNIE@GMAIL.COM;0672743075;;49.392199;0.938617;2026;Cabaret | Eveil à la Danse | Jazz | Autres Danses;Cabaret | Modern jazz | Jazz;https://www.ffdanse.fr/structures/6255-md-danse-compagnie;6255-md-danse-compagnie
MDdanse;affiliated;AFFILIATED_STRUCTURE;99, rue Marcel Pagnol;30310;Vergèze;contact@md-danse.com;0466888291;www.md-danse.com;43.7382527;4.2206249;2026;Bachata | Latines | Lindy Hop | Rock'n'Roll | Salsa | Societe | Standards;Bachata | Danses latines | Lindy hop | Rock'n'roll | Salsa | Danses de salon | Danses standards;https://www.ffdanse.fr/structures/587-mddanse;587-mddanse
MEDICULTURE;affiliated;AFFILIATED_STRUCTURE;46 chemin du ruisseau mirabeau;13015;Marseille;iklef.salima@orange.fr;0613580365;;43.3506403;5.3511071;2026;Autres Danses Du Monde | Classique | Contemporain;Danses ethniques | Classique | Ateliers de création | Contemporain;https://www.ffdanse.fr/structures/6348-mediculture;6348-mediculture
MEDLEY'DIES;affiliated;AFFILIATED_STRUCTURE;116 route de Bellon;18100;Vierzon;medleydies@gmail.com;0645268103;;47.2018211;2.0812521;2026;Autres Danses | Danse Show;Disco;https://www.ffdanse.fr/structures/4812-medley-dies;4812-medley-dies
Melting Force Pro Dancers;affiliated;AFFILIATED_STRUCTURE;15 Rue Henri Gonnard;42000;Saint-Etienne;mfprodancers@gmail.com;0624816277;;45.4345047;4.3864687;2026;Breaking | Hip Hop;Breaking | Danses hip-hop;https://www.ffdanse.fr/structures/3261-melting-force-pro-dancers;3261-melting-force-pro-dancers
MELTING POP;affiliated;AFFILIATED_STRUCTURE;59 Rue Pierre Vienot, 0, 60600;60600;CLERMONT;meltingpopclermont2005@gmail.com;0617811298;;49.3738892;2.407752;2026;Breaking | Hip Hop;Breaking | Danses hip-hop;https://www.ffdanse.fr/structures/6192-melting-pop;6192-melting-pop
Mer et Mouvement;affiliated;AFFILIATED_STRUCTURE;181 avenue pierre racine;34280;LA GRANDE MOTTE;evelynesebti@hotmail.fr;0467560712;;43.5582798;4.086101;2026;Breaking | Classique | Contemporain | Hip Hop | Jazz;Breaking | Classique | Ateliers de création | Contemporain | Danses hip-hop | Modern jazz | Jazz;https://www.ffdanse.fr/structures/758-mer-et-mouvement;758-mer-et-mouvement
MERAKI TRIBAL;recently_disaffiliated;UNAFFILIATED_STRUCTURE;20, Rue Camille Saint-Saëns, Les jardins de Carrière apt 001;33000;Bordeaux;merakitribal@gmail.com;0627275232;;44.8227851;-0.6098111;2026;Autres Danses Du Monde;Danses ethniques;https://www.ffdanse.fr/structures/4592-meraki-tribal;4592-meraki-tribal
MERAKI TRIBAL47;affiliated;AFFILIATED_STRUCTURE;114 impasse du Canal, Salle des associations;47240;LAFOX;merakitribal47@gmail.com;0679330235;;44.165989;0.697852;2026;Autres Danses;;https://www.ffdanse.fr/structures/5753-meraki-tribal47;5753-meraki-tribal47
Mesnières danse;affiliated;AFFILIATED_STRUCTURE;15, route de Dieppe;76270;MESNIERES EN BRAY;fossier.alain@wanadoo.fr;0235931925;;49.7594154;1.3896826;2026;Societe;Danses de salon;https://www.ffdanse.fr/structures/1540-mesnieres-danse;1540-mesnieres-danse
METHODE MARGARET MORRIS-BREUILLET;affiliated;AFFILIATED_STRUCTURE;31 rte d'Arpajon;91650;BREUILLET;mmmdanse91@gmail.com;0660807074;https://www.mmmbreuillet91.fr/;48.5692598;2.1773875;2026;Contemporain | Jazz;Ateliers de création | Contemporain | Modern jazz | Jazz;https://www.ffdanse.fr/structures/5507-methode-margaret-morris-breuillet;5507-methode-margaret-morris-breuillet
METZ DANSE;affiliated;AFFILIATED_STRUCTURE;5 BOULEVARD DE TREVES;57070;METZ;metz.danse@gmail.com;0769508743;www.metz-danse.com;49.1226807;6.1883476;2026;Bachata | Danse en solo Latine | Danse en solo Standard | Danses Solo | Dix Danses | Latines | Rock | Rock et DA | Rock'n'Roll | Salsa | Societe | Solo Team Lat / Std | Standards | Zumba;Bachata | Danses latines | Danses standards | Rock'n'roll | Rock sauté | Salsa | Danses de salon | Zumba;https://www.ffdanse.fr/structures/4025-metz-danse;4025-metz-danse
Meursac country attitude;affiliated;AFFILIATED_STRUCTURE;30 route chez guédon;17120;MEURSAC;gigimike@free.fr;0953996873;;0;0;2026;Country And Line | ancien nom à supprimer;Country & line;https://www.ffdanse.fr/structures/375-meursac-country-attitude;375-meursac-country-attitude
Mica danse;affiliated;AFFILIATED_STRUCTURE;65 avenue des belges BP 18;13960;SAUSSET LES PINS;micadance@sfr.fr;0442445208;;0;0;2026;Africaine | Autres Danses | Autres Danses Du Monde | Country And Line | Flamenco | Hip Hop | Jazz | Latines | OLD : Salsa, Bachata, Kizomba | Orientale | Tango Argentin | ancien nom à supprimer;Danses ethniques | Country & line | Flamenco | Danses hip-hop | Modern jazz | Jazz | Danses latines | Salsa | Bachata | Tango argentin;https://www.ffdanse.fr/structures/290-mica-danse;290-mica-danse
Micro entreprise;affiliated;AFFILIATED_STRUCTURE;Mme SINOTTE, 5 rue Poséidon, Bat A bis n22;66140;Canet en Roussillon;contact@ananta-studio.fr;0619878284;https://ananta-studio.fr/;42.706091;3.009898;2026;Pole Dance;Pole dance;https://www.ffdanse.fr/structures/5821-micro-entreprise;5821-micro-entreprise
Mille et une danses;affiliated;AFFILIATED_STRUCTURE;Cz Dalila ARFI 2 Av Jean Moulin, immeuble Eléa apt 208;13140;MIRAMAS;dalilamiramas@gmail.com;0676715522;;43.5797023;5.0010409;2026;Autres Danses | Danse Show | Hip Hop | New Style | Ragga | Regards chorégraphiques | Street Dance;Disco | Danses hip-hop | Ateliers de création | Contemporain;https://www.ffdanse.fr/structures/264-mille-et-une-danses;264-mille-et-une-danses
MILLENIUM PROJECT;affiliated;AFFILIATED_STRUCTURE;491, rue Aubanel, Résidence Imagine 1 - Bât P2;13580;La Fare-les-Oliviers;millenium.project2000@gmail.com;0751947677;;43.5487331;5.192159;2026;Breaking | Contemporain | Hip Hop | House | Krump | Locking | New Style | Poping | Ragga | Street Dance;Breaking | Ateliers de création | Contemporain | Danses hip-hop;https://www.ffdanse.fr/structures/5904-millenium-project;5904-millenium-project
MIND YOUR OWN BUSINESS;affiliated;AFFILIATED_STRUCTURE;32F rue des flamboyants;97351;MATOURY;assomyob@gmail.com;0645074019;https://www.assomyob.fr/;4.8786015;-52.3417687;2026;Breaking | Hip Hop;Breaking | Danses hip-hop;https://www.ffdanse.fr/structures/4464-mind-your-own-business;4464-mind-your-own-business
Miss Dance;affiliated;AFFILIATED_STRUCTURE;7 rue de la fontaine;59189;BOESEGHEM;lydiehumez@gmail.com;0328439316;;50.660654;2.4414739;2026;Jazz;Modern jazz | Jazz;https://www.ffdanse.fr/structures/1132-miss-dance;1132-miss-dance
MISTER BEN;affiliated;AFFILIATED_STRUCTURE;50 AVENUE DE REIMS;02200;SOISSONS;mister-ben@sfr.fr;0785859917;;49.3745075;3.3362252;2026;Afro-contemporaine | Cabaret | Classique | Comedie Musicale | Contemporain | Danses Solo | Eveil à la Danse | Folklorique | Hip Hop | Orientale | Pole Dance | Regards chorégraphiques | Street Dance;Afro-jazz | Cabaret | Classique | Comédie musicale | Ateliers de création | Contemporain | Danses traditionnelles | Danses hip-hop | Danses ethniques | Pole dance;https://www.ffdanse.fr/structures/3135-mister-ben;3135-mister-ben
MISTRAL-EST;affiliated;AFFILIATED_STRUCTURE;1A PLACE DES ORPHELINS;67000;STRASBOURG;cie.mistralest@gmail.com;+33664113203;mistral_est;48.5789465;7.7541871;2026;Breaking | Danse Inclusive | Danse Show | Eveil à la Danse | Hip Hop | House | Krump | Locking | New Style | Poping | Regards chorégraphiques | Street Dance;Breaking | Disco | Danses hip-hop | Ateliers de création | Contemporain;https://www.ffdanse.fr/structures/4837-mistral-est;4837-mistral-est
Mizik Art En Ciel;affiliated;AFFILIATED_STRUCTURE;19 Rue Du Bicentenaire, 97412;97412;Bras-panon;mizikartenciel974@gmail.com;0693436767;;-20.9943745;55.6795847;2026;Latines | OLD : Salsa, Bachata, Kizomba;Danses latines | Salsa | Bachata;https://www.ffdanse.fr/structures/6299-mizik-art-en-ciel;6299-mizik-art-en-ciel
MJC;recently_disaffiliated;UNAFFILIATED_STRUCTURE;17 boulevard Aristide Briand;13300;Salon de Provence;mjcsalon@mjcsalon.com;0490569680;;43.637998;5.0936413;;;;https://www.ffdanse.fr/structures/5978-mjc;5978-mjc
MJC DU RABÉ;recently_disaffiliated;UNAFFILIATED_STRUCTURE;1 rue des Ifs;31410;NOÉ;mjcdurabe31@orange.fr;0561872004;;43.3600416;1.2778385;;;;https://www.ffdanse.fr/structures/5328-mjc-du-rabe;5328-mjc-du-rabe
MJC Théâtre de Colombes;recently_disaffiliated;UNAFFILIATED_STRUCTURE;96-98 rue Saint Denis, Parvis des Droits de l'Homme;92700;Colombes (92);directeur@mjctheatre.com;0156838187;;48.9240719;2.2506891;;;;https://www.ffdanse.fr/structures/4310-mjc-theatre-de-colombes;4310-mjc-theatre-de-colombes
MJEP;affiliated;AFFILIATED_STRUCTURE;67 BIS RUE JEAN JAURES;62330;ISBERGUES;bailleulascendance@gmail.com;0321577020;;50.6216993;2.455196;2026;Danse en solo Latine | Danse en solo Standard | Dix Danses | Latines | Standards | Contemporain | Country And Line | Hip Hop | Jazz | Jazz groupe | Societe;Danses latines | Danses standards | Ateliers de création | Contemporain | Country & line | Danses hip-hop | Modern jazz | Jazz | Danses de salon;https://www.ffdanse.fr/structures/3599-mjep;3599-mjep
MKpole Aérial;affiliated;AFFILIATED_STRUCTURE;20 Rue Notre Dame;03800;Gannat;m.kpoledance03@gmail.com;0637621537;;46.1009326;3.1982303;2026;Bachata | Boogie Woogie | Folklorique | Hip Hop | Kizomba | Lindy Hop | OLD : Salsa, Bachata, Kizomba | Pole Dance | Rock et DA | Rock'n'Roll | Salsa | Show Latino Caraïbe | Teams SBK | West Coast Swing;Bachata | Boogie-Woogie | Danses traditionnelles | Danses hip-hop | Kizomba | Lindy hop | Salsa | Pole dance | Rock sauté | Rock'n'roll | Danses latino-caraïbes | West Coast Swing;https://www.ffdanse.fr/structures/4795-mkpole-aerial;4795-mkpole-aerial
MLDA;affiliated;AFFILIATED_STRUCTURE;24 rue de Mayence, 21000;21000;DIJON;mldapolestudio@gmail.com;0613430618;mldapolestudio.fr;47.349957;5.062859;2026;Danse aérienne | Pole Dance | Pole Sport;Danses aériennes | Pole dance | Pole sport;https://www.ffdanse.fr/structures/5690-mlda;5690-mlda
MODERN'JAZZ;affiliated;AFFILIATED_STRUCTURE;Mairie;33113;SAINT SYMPHORIEN;etviedanse33113@gmail.com;0684651683;https://www.assomodernjazz.com;46.2638521;-0.4919234;2026;Classique | Contemporain | Eveil à la Danse | Jazz | Zumba;Classique | Ateliers de création | Contemporain | Modern jazz | Jazz | Zumba;https://www.ffdanse.fr/structures/4329-modern-jazz;4329-modern-jazz
Modern'Jazz Dance;affiliated;AFFILIATED_STRUCTURE;Mairie - 45 rue de l'Hôtel de Ville;60240;CHAUMONT EN VEXIN;modern.jazz.dance@gmail.com;0611070033;;49.2621867;1.8822374;2026;Afro-caribéennes | Autres Danses | Comedie Musicale | Eveil à la Danse | Hip Hop;Danses ethniques | Comédie musicale | Danses hip-hop;https://www.ffdanse.fr/structures/1178-modern-jazz-dance;1178-modern-jazz-dance
MODERN'LINEDANCE 29SUD;affiliated;AFFILIATED_STRUCTURE;17 rue du transvaal;29730;Guilvinec;evelyne.cipriano@gmail.com;0695693277;;47.7978242;-4.2890621;2026;Country And Line;Country & line;https://www.ffdanse.fr/structures/3871-modern-linedance-29sud;3871-modern-linedance-29sud
Mogy Dans' club;affiliated;AFFILIATED_STRUCTURE;1, grande rue, Mairie de Fouchères;89150;Fouchères;zago.g@orange.fr;06 09 57 38 88;;48.153636;4.266663;2026;Dix Danses | Latines | Standards;Danses latines | Danses standards;https://www.ffdanse.fr/structures/4484-mogy-dans-club;4484-mogy-dans-club
Mogy Danse SENS;affiliated;AFFILIATED_STRUCTURE;Hotel de ville, Maison des associations, 100 rue de la république;89100;SENS;zago.g@orange.fr;0687455712;www.cours-danse89.fr;48.1988961;3.2827185;2026;Dix Danses | Rock | Salsa | Societe;Danses latines | Danses standards | Rock'n'roll | Salsa | Danses de salon;https://www.ffdanse.fr/structures/6385-mogy-danse-sens;6385-mogy-danse-sens
Moirans danse;affiliated;AFFILIATED_STRUCTURE;8,rue du Prieuré;38430;MOIRANS;aldo.piccarreta@orange.fr;0476353534;www://moiransdanseacademy;45.3254927;5.5656994;2026;Societe | Standards;Danses de salon | Danses standards;https://www.ffdanse.fr/structures/876-moirans-danse;876-moirans-danse
MOMENTUM;affiliated;AFFILIATED_STRUCTURE;11 RUE THOMANN;67000;STRASBOURG;estelle@studio-momentum.fr;0664144311;studio-momentum.fr;48.5848009;7.7445694;2026;Barre au Sol | Cabaret | Danse Verticale | Danse aérienne | New Style | Pole Dance | Pole Sport | Street Dance;Barre au sol classique | Barre au sol contemporaine | Cabaret | Danses aériennes | Danses hip-hop | Pole dance | Pole sport;https://www.ffdanse.fr/structures/5742-momentum;5742-momentum
Monaco Rock et Danses - ASM Danse sportive;affiliated;AFFILIATED_STRUCTURE;33 rue du Portier, BP 172;98000;MONACO;mcrockdanses@gmail.com;0612212384;;43.7442937;7.429866;2026;Bachata | Classique | Country And Line | Danse en solo Latine | Danse en solo Standard | Dix Danses | Hip Hop | Jazz | Latines | Rock et DA | Rock'n'Roll | Salsa | Societe | Standards | Tango Argentin | West Coast Swing;Bachata | Classique | Country & line | Danses latines | Danses standards | Danses hip-hop | Modern jazz | Jazz | Rock sauté | Rock'n'roll | Salsa | Danses de salon | Tango argentin | West Coast Swing;https://www.ffdanse.fr/structures/2056-monaco-rock-et-danses-asm-danse-sportive;2056-monaco-rock-et-danses-asm-danse-sportive
MondayKiz;affiliated;AFFILIATED_STRUCTURE;9 Rue de Bourgogne, 57070;57070;Metz;Joey.egata@hotmail.fr;0621563282;https://www.facebook.com/share/1EjSSCbMmr/?mibextid=wwXIfr;49.1155083;6.231288;2026;Kizomba | Kizomba Chorégraphie | Kizomba Improvisation Traditionnelle | Kizomba Improvisation Urban;Kizomba;https://www.ffdanse.fr/structures/6218-mondaykiz;6218-mondaykiz
Monique FERREIRA;affiliated;AFFILIATED_STRUCTURE;9 chemin de Ratier;81210;ROQUECOURBE;moniqueferreira@orange.fr;0686275598;www.ecolededansecarlos.com;43.6714016;2.2915304;2026;Dix Danses | Latines | OLD : Salsa, Bachata, Kizomba | Rock et DA | Rock'n'Roll | Societe | Standards;Danses latines | Danses standards | Salsa | Bachata | Rock sauté | Rock'n'roll | Danses de salon;https://www.ffdanse.fr/structures/1664-monique-ferreira;1664-monique-ferreira
Montauban Dance Club;affiliated;AFFILIATED_STRUCTURE;609    Chemin de planques;82000;MONTAUBAN;jean-daniel.maury0850@orange.fr;0563205134;;43.98715;1.3396333;2026;Dix Danses | Latines | Standards;Danses latines | Danses standards;https://www.ffdanse.fr/structures/1671-montauban-dance-club;1671-montauban-dance-club
Montberon Danse;recently_disaffiliated;UNAFFILIATED_STRUCTURE;7 route de Bessières;31140;MONTBERON;presidente@m-dance.fr;0670252807;www.m-dance.fr;43.7231588;1.5097712;;;;https://www.ffdanse.fr/structures/620-montberon-danse;620-montberon-danse
Monte Carlo sport & danses;affiliated;AFFILIATED_STRUCTURE;51 Bd du Jardin Exotique, chez M. Albert BRAQUETTI;98000;MONACO;cboffa@libello.com;0607080699;;43.735983;7.4161525;2026;Autres Danses | Dix Danses | Latines | OLD : Salsa, Bachata, Kizomba | Societe | Standards | Tango Argentin;Danses latines | Danses standards | Salsa | Bachata | Danses de salon | Tango argentin;https://www.ffdanse.fr/structures/2057-monte-carlo-sport-danses;2057-monte-carlo-sport-danses
MONTLUÇON DANSE;recently_disaffiliated;UNAFFILIATED_STRUCTURE;27 rue des Faucheroux, ESPACE BORIS VIAN;03100;Montluçon;montludanse@gmail.com;0783442145;;46.3300683;2.6067163;;;;https://www.ffdanse.fr/structures/4184-montlucon-danse;4184-montlucon-danse
Montpellier Breaking Métropole;affiliated;AFFILIATED_STRUCTURE;131 rue Aristides De Sousa Mendes;34070;Montpellier;montpellierbreakingmetropole@gmail.com;0650522868;;43.5953636;3.837899;2026;Breaking | Hip Hop | House | Krump | Locking | New Style | Poping | Street Dance;Breaking | Danses hip-hop;https://www.ffdanse.fr/structures/4714-montpellier-breaking-metropole;4714-montpellier-breaking-metropole
MOOV'IS;affiliated;AFFILIATED_STRUCTURE;2 bis rue des deux puits;34560;Villeveyrac;moovis34@gmail.com;0689691878;;43.505411;3.60164;2026;Classique | Jazz | Street Dance;Classique | Modern jazz | Jazz | Danses hip-hop;https://www.ffdanse.fr/structures/3083-moov-is;3083-moov-is
Moov'Studio (culture pop);affiliated;AFFILIATED_STRUCTURE;3 rue avenue Arthur Lamendin;62800;Lievin;moovstudiolievin@gmail.com;0783435002;;50.4197315;2.7729337;2026;Africaine | Breaking | Classique | Contemporain | Eveil à la Danse | Hip Hop | House | Jazz | Locking | New Style | Orientale | Poping | Salsa | Zumba;Danses ethniques | Breaking | Classique | Ateliers de création | Contemporain | Danses hip-hop | Modern jazz | Jazz | Salsa | Zumba;https://www.ffdanse.fr/structures/4389-moov-studio-culture-pop;4389-moov-studio-culture-pop
MOOVE’MENT LIBRE;affiliated;AFFILIATED_STRUCTURE;60 rue du stade GYMNASE LES MONTELIEVRES;91250;saintry sur seine;Association.ml@outlook.fr;0695009753;;48.5863871;2.4936814;2026;Autres Danses | Autres Danses Du Monde | Hip Hop;Danses ethniques | Danses hip-hop;https://www.ffdanse.fr/structures/1883-moove-ment-libre;1883-moove-ment-libre
Morgane Castanet Barret;affiliated;AFFILIATED_STRUCTURE;724 ROUTE DE FREJUS, STUDIO 3;83490;LE MUY;Palomathys@wanadoo.fr;0663154492;www.morganebarret.com;43.4698528;6.5811756;2026;Classique | Comedie Musicale | Contemporain | Hip Hop | Jazz | New Style | Street Dance | Zumba;Classique | Comédie musicale | Ateliers de création | Contemporain | Danses hip-hop | Modern jazz | Jazz | Zumba;https://www.ffdanse.fr/structures/1680-morgane-castanet-barret;1680-morgane-castanet-barret
Motiv'danse;affiliated;AFFILIATED_STRUCTURE;Avenue du 5ème corps;02700;QUESSY CITE;motivdanse.presidence@gmail.com;0760239358;;0;0;2026;Autres Danses | Classique | Jazz;Classique | Modern jazz | Jazz;https://www.ffdanse.fr/structures/116-motiv-danse;116-motiv-danse
mott'en danse;affiliated;AFFILIATED_STRUCTURE;201 avenue saint exupéry;73290;LA MOTTE SERVOLEX;mottendanse@gmail.com;0641057126;;45.599009;5.8736752;2026;Classique | Eveil à la Danse | Hip Hop | Jazz | Transversal;Classique | Danses hip-hop | Modern jazz | Jazz;https://www.ffdanse.fr/structures/4381-mott-en-danse;4381-mott-en-danse
Mougins Danse 06;affiliated;AFFILIATED_STRUCTURE;50 Allée Pierre de Coubertin, Complexe Omnisports du Font de l'Orme;06250;MOUGINS;mouginsdanse06@gmail.com;06 13 7120 14;www.mougins-danse.fr;43.6096559;7.0149891;2026;Dix Danses | Latines | Rock et DA | Societe | Standards;Danses latines | Danses standards | Rock sauté | Danses de salon;https://www.ffdanse.fr/structures/158-mougins-danse-06;158-mougins-danse-06
Mounia Sultana;affiliated;AFFILIATED_STRUCTURE;Chez Rosenmann / 6 rue Géricault;75016;Paris;mounia.sultana@yahoo.fr;0620485827;;48.848251;2.2629661;2026;Orientale;Danses ethniques;https://www.ffdanse.fr/structures/1912-mounia-sultana;1912-mounia-sultana
Mouss club;affiliated;AFFILIATED_STRUCTURE;68 rue Rouget de l'Isle;42000;SAINT ETIENNE;mousswing42@gmail.com;06/08/98/34/61;;45.4456527;4.3869083;2026;Bachata | Bachata Team Couple | Bachata Team Styling | Boogie Formation | Boogie Juniors | Boogie Main Class | Boogie Rising Star | Boogie Seniors | Boogie Woogie | Boogie Woogie Fédéral | Breaking | Cabaret | Claquettes | Danse Inclusive | Danse Show | Danses Solo | Duo bachata Shines | Duo salsa Shines | Eveil à la Danse | Formation Rock Girls | Formation Rock Juniors | Formation Rock Ladies | Formation Rock Main Class | Formation Rock Main Class Quattro | Hip Hop | Jazz | Kizomba | Kizomba Chorégraphie | Lindy Hop | Lindy Hop Fédéral | Lindy Hop Junior | Lindy Hop Main Class | Lindy Hop Senior 1 | Lindy Hop Senior 2 | Lindy Hop Show case | New Style | Orientale | Regards chorégraphiques | Rock | Rock Acrobatique | Rock Acrobatique Fédéral | Rock Artistique Fédéral | Rock Children | Rock Couple Dance Show | Rock Formation | Rock Juniors | Rock Juveniles | Rock Main Class Contact Style | Rock Main Class Free Style | Rock Saute | Rock et DA | Rock'n Roll Fédéral | Rock'n'Roll | Salsa | Salsa Team Couple | Salsa Team Styling | Show Latino Caraïbe | Small Formation Rock Ladies | Small formation Rock Girls | Societe | Street Dance | Tango Argentin | Teams SBK | West Coast Swing | Zumba;Bachata | Boogie-Woogie | Breaking | Cabaret | Claquettes | Disco | Danses hip-hop | Modern jazz | Jazz | Kizomba | Lindy hop | Danses ethniques | Ateliers de création | Contemporain | Rock'n'roll | Rock acrobatique | Rock sauté | Salsa | Danses latino-caraïbes | Danses de salon | Tango argentin | West Coast Swing | Zumba;https://www.ffdanse.fr/structures/913-mouss-club;913-mouss-club
Moustico Studio;affiliated;AFFILIATED_STRUCTURE;7 ALLEE DES CEDRES;93160;NOISY LE GRAND;gwen@moustico-studio.com;0143042219;http://moustico-studio.com/ecole/;48.8494439;2.5576413;2026;Afro-contemporaine | Danse aérienne | Eveil à la Danse | Hip Hop | Jazz | Ragga | Street Dance;Afro-jazz | Danses aériennes | Danses hip-hop | Modern jazz | Jazz;https://www.ffdanse.fr/structures/1918-moustico-studio;1918-moustico-studio
MOUV'&DANCE;affiliated;AFFILIATED_STRUCTURE;244 Rue Du Val À Jonc, Le Plessiel;80132;DRUCAT;guillot.ev@wanadoo.fr;0609572655;;50.1531949;1.8642776;2026;Autres Danses | Zumba;Zumba;https://www.ffdanse.fr/structures/3754-mouv-dance;3754-mouv-dance
Mouv'Dance de Formerie;affiliated;AFFILIATED_STRUCTURE;6 rue Georges Clémenceau;60220;Formerie;marie-helene.ozenne@orange.fr;0632254387;https://mouvdancedeformerie.com/;49.6502843;1.7297739;2026;Cabaret | Eveil à la Danse | Zumba;Cabaret | Zumba;https://www.ffdanse.fr/structures/6168-mouv-dance-de-formerie;6168-mouv-dance-de-formerie
Mouv'Danse;affiliated;AFFILIATED_STRUCTURE;10 rue de la mairie;85660;saint philbert de bouaine;mouvdanse85@gmail.com;0767605675;;46.9825552;-1.5245657;2026;Classique | Contemporain | Hip Hop | Jazz;Classique | Ateliers de création | Contemporain | Danses hip-hop | Modern jazz | Jazz;https://www.ffdanse.fr/structures/4727-mouv-danse;4727-mouv-danse
MOUV'GENERATION;recently_disaffiliated;UNAFFILIATED_STRUCTURE;Place Lyautey;62114;Sains-En-Gohelle;mouv-generation@outlook.fr;0695469037;mouv-generation@outlook.fr;50.4399554;2.6845939;;;;https://www.ffdanse.fr/structures/4639-mouv-generation;4639-mouv-generation
Mouv'N Dance;affiliated;AFFILIATED_STRUCTURE;153 Avenue de la Cote d'Argent;33380;Biganos;mouvndance@gmail.com;0668582808;www.mouvndance.fr;44.6446872;-0.9531167;2026;Autres Danses | Ragga | Street Dance;Danses hip-hop;https://www.ffdanse.fr/structures/712-mouv-n-dance;712-mouv-n-dance
MOUV'ON;affiliated;AFFILIATED_STRUCTURE;1 Rue des Bordes - Mairie;71500;LOUHANS;mouvon@outlook.fr;0645767150;www.mouvon.com;46.6282782;5.2233455;2026;Afro-contemporaine | Bachata | Breaking | Danses Solo | Eveil à la Danse | Hip Hop | House | Jazz | Kizomba | Latines | Locking | New Style | Orientale | Poping | Salsa | Standards | Street Dance | Zumba;Afro-jazz | Bachata | Breaking | Danses hip-hop | Modern jazz | Jazz | Kizomba | Danses latines | Danses ethniques | Salsa | Danses standards | Zumba;https://www.ffdanse.fr/structures/4609-mouv-on;4609-mouv-on
Mouv'Toi;affiliated;AFFILIATED_STRUCTURE;18, rue de la brouette du vinaigrier;86000;Poitiers;mouvtoi@gmail.com;06 11 19 87 34;https://www.mouvtoi.fr/;46.5728179;0.3535175;2026;Bachata | Danse en solo Latine | Danses Solo | Eveil à la Danse | Kizomba | Latines | Salsa | Standards;Bachata | Kizomba | Danses latines | Salsa | Danses standards;https://www.ffdanse.fr/structures/2061-mouv-toi;2061-mouv-toi
Mouvement MVT;recently_disaffiliated;UNAFFILIATED_STRUCTURE;21 rue de l'Eglise;95170;Deuil la barre;mouvement.pro@gmail.com;0673629443;www.mouvementmvt.com;48.976278;2.3252846;2026;Africaine | Breaking | Cabaret | Classique | Contemporain | Eveil à la Danse | Hip Hop | House | Jazz | New Style | Pilates | Ragga | Street Dance;Danses ethniques | Breaking | Cabaret | Classique | Ateliers de création | Contemporain | Danses hip-hop | Modern jazz | Jazz;https://www.ffdanse.fr/structures/4865-mouvement-mvt;4865-mouvement-mvt
Mouzidansons;recently_disaffiliated;UNAFFILIATED_STRUCTURE;154 rue des Violettes;44330;Mouzillon;mouzidansons@gmail.com;0652043864;www.mouzidansons.fr;47.140728;-1.282125;;;;https://www.ffdanse.fr/structures/941-mouzidansons;941-mouzidansons
Mov' Dance;affiliated;AFFILIATED_STRUCTURE;40 rue saint sauveur;77400;lagny sur marne;movdance77@gmail.com;0660753118;;48.877212;2.703032;2026;Barre au Sol | Boogie Woogie | Claquettes | Country And Line | Danse en solo Latine | Danse en solo Standard | Dix Danses | Latines | Lindy Hop | Rock | Rock et DA | Rock'n'Roll | Societe | Standards | West Coast Swing;Barre au sol classique | Barre au sol contemporaine | Boogie-Woogie | Claquettes | Country & line | Danses latines | Danses standards | Lindy hop | Rock'n'roll | Rock sauté | Danses de salon | West Coast Swing;https://www.ffdanse.fr/structures/1594-mov-dance;1594-mov-dance
MOVE &  DANCE;affiliated;AFFILIATED_STRUCTURE;9 rue des Mourets;50460;Cherbourg en Cotentin;contact@move-and-dance-cherbourg.fr;000000000000;https://www.move-and-dance-cherbourg.fr;49.6580711;-1.7064528;2026;Africaine | Classique | Eveil à la Danse | Jazz;Danses ethniques | Classique | Modern jazz | Jazz;https://www.ffdanse.fr/structures/4596-move-dance;4596-move-dance
Move & dance 24;affiliated;AFFILIATED_STRUCTURE;28 rue des Frères Ribette;24330;BASSILLAC ET AUBEROCHE;movendance24@gmail.com;06 02 08 20 71;;45.1930528;0.8092526;2026;Africaine | Afro-caribéennes | Afro-contemporaine | Autres Danses | Autres Danses Du Monde | Bachata | Bachata Team Couple | Bachata Team Styling | Barre au Sol | Bollywood | Boogie Formation | Boogie Juniors | Boogie Main Class | Boogie Rising Star | Boogie Seniors | Boogie Woogie | Boogie Woogie Fédéral | Breaking | Cabaret | Claquettes | Classique | Comedie Musicale | Contemporain | Country And Line | Danse Historique | Danse Inclusive | Danse Show | Danse Verticale | Danse aérienne | Danse en solo Latine | Danse en solo Latine NON | Danse en solo Standard | Danse en solo Standard NON | Danse sacrée | Danses Solo | Disco | Dix Danses | Duo bachata Shines | Duo salsa Shines | Eveil à la Danse | Flamenco | Folklorique | Formation Rock Girls | Formation Rock Juniors | Formation Rock Ladies | Formation Rock Main Class | Formation Rock Main Class Quattro | Hip Hop | House | Indienne | Jazz | Kizomba | Kizomba Chorégraphie | Kizomba Improvisation Traditionnelle | Kizomba Improvisation Urban | Krump | Latines | Latino Caraibes | Lindy Hop | Lindy Hop Fédéral | Locking | New Style | OLD : Salsa, Bachata, Kizomba | Orientale | Parapole Artistique | Pole Dance | Pole Sport | Poping | Ragga | Regards chorégraphiques | Rock | Rock Acrobatique | Rock Acrobatique Fédéral | Rock Artistique Fédéral | Rock Children | Rock Couple Dance Show | Rock Formation | Rock Juniors | Rock Juveniles | Rock Main Class Contact Style | Rock Main Class Free Style | Rock Saute | Rock et DA | Rock'n Roll Fédéral | Rock'n'Roll | Salsa | Salsa Team Couple | Salsa Team Styling | Show Dance Latine | Show Dance Standard | Show Latino Caraïbe | Small Formation Rock Ladies | Small formation Rock Girls | Societe | Solo Team Lat / Std | Square Dance | Standards | Street Dance | Tango Argentin | Teams SBK | Transversal | West Coast Swing | Zumba | ancien nom à supprimer;Danses ethniques | Afro-jazz | Bachata | Barre au sol classique | Barre au sol contemporaine | Boogie-Woogie | Breaking | Cabaret | Claquettes | Classique | Comédie musicale | Ateliers de création | Contemporain | Country & line | Danse historique | Disco | Danses aériennes | Danses latines | Danses standards | Flamenco | Danses traditionnelles | Danses hip-hop | Modern jazz | Jazz | Kizomba | Danses latino-caraïbes | Lindy hop | Salsa | Pole dance | Pole sport | Rock'n'roll | Rock acrobatique | Rock sauté | Danses de salon | Tango argentin | West Coast Swing | Zumba;https://www.ffdanse.fr/structures/5306-move-dance-24;5306-move-dance-24
move and dance;affiliated;AFFILIATED_STRUCTURE;34 rue voltaire;71300;montceau les mines;mie71@live.fr;0618021296;moveanddancedsbd.com;46.6702334;4.3761089;2026;Autres Danses Du Monde | Contemporain | Eveil à la Danse | Jazz;Danses ethniques | Ateliers de création | Contemporain | Modern jazz | Jazz;https://www.ffdanse.fr/structures/5436-move-and-dance;5436-move-and-dance
MOVE ATTITUDE;recently_disaffiliated;UNAFFILIATED_STRUCTURE;60 BOULEVARD FREDERIC MISTRAL;11100;NARBONNE;olivier.delfieu@gmail.com;0695722749;;43.1884981;3.0047306;;;;https://www.ffdanse.fr/structures/3461-move-attitude;3461-move-attitude
Move Dance;affiliated;AFFILIATED_STRUCTURE;14 Rue des Adobeurs;38460;CREMIEU;movedance@me.com;0760680804;www.movedance.club;45.7248556;5.2512639;2026;Africaine | Afro-contemporaine | Bachata | Barre au Sol | Bollywood | Boogie Main Class | Boogie Rising Star | Boogie Woogie | Breaking | Cabaret | Classique | Contemporain | Danse Show | Disco | Formation Rock Girls | Formation Rock Juniors | Formation Rock Ladies | Hip Hop | Jazz | Latines | Lindy Hop | New Style | Orientale | Ragga | Rock | Rock Acrobatique | Rock Acrobatique Fédéral | Rock Artistique Fédéral | Rock Children | Rock Couple Dance Show | Rock Formation | Rock Juniors | Rock Juveniles | Rock Main Class Contact Style | Rock Main Class Free Style | Rock Saute | Rock et DA | Rock'n'Roll | Salsa | Small Formation Rock Ladies | Small formation Rock Girls | Societe | Street Dance | West Coast Swing | Zumba | Boogie Juniors;Danses ethniques | Afro-jazz | Bachata | Barre au sol classique | Barre au sol contemporaine | Boogie-Woogie | Breaking | Cabaret | Classique | Ateliers de création | Contemporain | Disco | Danses hip-hop | Modern jazz | Jazz | Danses latines | Lindy hop | Rock'n'roll | Rock acrobatique | Rock sauté | Salsa | Danses de salon | West Coast Swing | Zumba;https://www.ffdanse.fr/structures/850-move-dance;850-move-dance
MOVE DANCE;affiliated;AFFILIATED_STRUCTURE;94 Bd des Alliés;59148;Flines les raches;mylene.goulois@gmail.com;0760344089;;50.4290622;3.1705106;2026;Classique | Contemporain | Eveil à la Danse | Jazz;Classique | Ateliers de création | Contemporain | Modern jazz | Jazz;https://www.ffdanse.fr/structures/5619-move-dance;5619-move-dance
Move dance club;recently_disaffiliated;UNAFFILIATED_STRUCTURE;82 avenue hebburn;59330;hautmont;movedanceclub@outlook.fr;0678040704;www.movedanceclub.com;50.2459952;3.9135256;;;;https://www.ffdanse.fr/structures/1157-move-dance-club;1157-move-dance-club
Move Fit Culture;recently_disaffiliated;UNAFFILIATED_STRUCTURE;14 rue Jean François Leca;13002;Marseille;marseille.movefit@gmail.com;0658707837;https://www.instagram.com/move_fit_culture/;43.3022852;5.3667623;;;;https://www.ffdanse.fr/structures/3857-move-fit-culture;3857-move-fit-culture
MOVEO - Ecole de danse Margaux Cresp;affiliated;AFFILIATED_STRUCTURE;402 Avenue de Lattre de Tassigny;83130;LA GARDE;ecole.margauxcresp@gmail.com;0627084852;www.ecolemargauxcresp.com;43.1138494;5.9883669;2026;Classique | Contemporain | Jazz | Street Dance;Classique | Ateliers de création | Contemporain | Modern jazz | Jazz | Danses hip-hop;https://www.ffdanse.fr/structures/4144-moveo-ecole-de-danse-margaux-cresp;4144-moveo-ecole-de-danse-margaux-cresp
MR & MME DANSENT;affiliated;AFFILIATED_STRUCTURE;place Gaston Pinot;02200;COURMELLES;mretmmedansent@gmail.com;0687141451;;49.34451;3.312118;2026;Societe;Danses de salon;https://www.ffdanse.fr/structures/129-mr-mme-dansent;129-mr-mme-dansent
MSD STUDIO;affiliated;AFFILIATED_STRUCTURE;13 Grand Rue, 02290;02290;Vezaponin;msdstudio02@gmail.com;0687141451;;49.4586213;3.2279915;2026;Societe;Danses de salon;https://www.ffdanse.fr/structures/6306-msd-studio;6306-msd-studio
MSDance;affiliated;AFFILIATED_STRUCTURE;10, rue des Crays;25800;VALDAHON;msbey@free.fr;0658222138;;47.1565403;6.3438601;2026;Afro-contemporaine | Barre au Sol | Breaking | Classique | Contemporain | Disco | Eveil à la Danse | Hip Hop | Jazz | Zumba;Afro-jazz | Barre au sol classique | Barre au sol contemporaine | Breaking | Classique | Ateliers de création | Contemporain | Disco | Danses hip-hop | Modern jazz | Jazz | Zumba;https://www.ffdanse.fr/structures/3664-msdance;3664-msdance
Muevete;affiliated;AFFILIATED_STRUCTURE;10 impasse des champs;64300;Orthez;velyyoan@gmail.com;0682925208;https://www.instagram.com/muevete64/?fbclid=IwY2xjawEywoZleHRuA2FlbQIxMAABHXX_q60AM8LD8XA7RMpXFpLOXxxPh_KheWSk_Sbyw2wy4OxEyDYa5OSOwg_aem_t7GeeIHo3utdO0gNMc-f4A;43.4827905;-0.7893529;2026;Bachata | Danse Show | Salsa;Bachata | Disco | Salsa;https://www.ffdanse.fr/structures/5416-muevete;5416-muevete
MULHOUSE ARTISTIQUE DANSE (MAD);affiliated;AFFILIATED_STRUCTURE;66 rue huguenin;68100;mulhouse;cecile.kuentz@gmail.com;0662020135;Www.mad-danse.fr;47.7469432;7.3307426;2026;Classique | Hip Hop | Jazz;Classique | Danses hip-hop | Modern jazz | Jazz;https://www.ffdanse.fr/structures/2484-mulhouse-artistique-danse-mad;2484-mulhouse-artistique-danse-mad
Mulhouse Danse Club;affiliated;AFFILIATED_STRUCTURE;100 Avenue de Colmar;68100;MULHOUSE;contact@ecoledansemulhouse.fr;0680754552;www.ecoledansemulhouse.fr;47.7563019;7.3365635;2026;Africaine | Contemporain | Danse Show | Danse en solo Latine | Danse en solo Standard | Dix Danses | Latines | Pole Dance | Rock et DA | Rock'n'Roll | Show Dance Latine | Show Dance Standard | Societe | Solo Team Lat / Std | Standards | Street Dance | Tango Argentin | West Coast Swing;Danses ethniques | Ateliers de création | Contemporain | Disco | Danses latines | Danses standards | Pole dance | Rock sauté | Rock'n'roll | Danses de salon | Danses hip-hop | Tango argentin | West Coast Swing;https://www.ffdanse.fr/structures/2879-mulhouse-danse-club;2879-mulhouse-danse-club
Multi Events;affiliated;AFFILIATED_STRUCTURE;130 Rue Max Jacob - Les Lys;06600;ANTIBES;multievents.label@gmail.com;0609722699;;0;0;2026;Afro-caribéennes | OLD : Salsa, Bachata, Kizomba;Danses ethniques | Salsa | Bachata;https://www.ffdanse.fr/structures/190-multi-events;190-multi-events
Musique et danse;affiliated;AFFILIATED_STRUCTURE;mairie 2 av du professeur Laubry;89360;flogny la chapelle;maria.denombret@wanadoo.fr;03.86.75.41.98;;47.9518157;3.8722007;2026;Dix Danses | Latines | Standards;Danses latines | Danses standards;https://www.ffdanse.fr/structures/1846-musique-et-danse;1846-musique-et-danse
MUSTANG'S COUNTRY MANCHECOURT;affiliated;AFFILIATED_STRUCTURE;27 rue du colombier;45300;ENGENVILLE;MCM458@yahoo.fr;06 74 88 00 51;;48.2352544;2.2445928;2026;Country And Line;Country & line;https://www.ffdanse.fr/structures/990-mustang-s-country-manchecourt;990-mustang-s-country-manchecourt
My Event Concept;affiliated;AFFILIATED_STRUCTURE;69 Impasse de Bayot;24660;COULOUNIEIX-CHAMIERS;myevent.concept@orange.fr;0681528072;myeventconcept.fr;45.163984;0.673701;2026;Afro-caribéennes | Bachata | Dix Danses | Kizomba | Kizomba Chorégraphie | Kizomba Improvisation Traditionnelle | Kizomba Improvisation Urban | Latines | Latino Caraibes | OLD : Salsa, Bachata, Kizomba | Rock | Rock'n'Roll | Salsa | Societe | Standards | Tango Argentin | West Coast Swing;Danses ethniques | Bachata | Danses latines | Danses standards | Kizomba | Danses latino-caraïbes | Salsa | Rock'n'roll | Danses de salon | Tango argentin | West Coast Swing;https://www.ffdanse.fr/structures/5526-my-event-concept;5526-my-event-concept
MY STYL DANCE;affiliated;AFFILIATED_STRUCTURE;32 rue groison bâtiment A, 37100;37100;TOURS;mystyldance37@gmail.com;0626672041;https://my-styl-dance-2.s2.yapla.com/fr/;47.4041582;0.6857563;2026;Autres Danses Du Monde | Bachata | Bachata Team Couple | Bachata Team Styling | Boogie Woogie | Danses Solo | Duo bachata Shines | Duo salsa Shines | Kizomba | OLD : Salsa, Bachata, Kizomba | Rock'n'Roll | Salsa | Salsa Team Couple | Salsa Team Styling | Teams SBK | West Coast Swing;Danses ethniques | Bachata | Boogie-Woogie | Kizomba | Salsa | Rock'n'roll | West Coast Swing;https://www.ffdanse.fr/structures/5616-my-styl-dance;5616-my-styl-dance
MYBevent;recently_disaffiliated;UNAFFILIATED_STRUCTURE;3 place Olivier de Serres, 28000;28000;CHARTRES;contact.mybevent@gmail.com;0748158479;www.mybevent.fr;48.4620879;1.4924598;;;;https://www.ffdanse.fr/structures/4119-mybevent;4119-mybevent
Mél'In and Co;affiliated;AFFILIATED_STRUCTURE;1097 avenue des landiers;73000;Chambéry;melinandco@gmail.com;0663512679;;45.591141;5.9013788;2026;Pole Dance;Pole dance;https://www.ffdanse.fr/structures/3018-mel-in-and-co;3018-mel-in-and-co
Méli Mélodie Danse;affiliated;AFFILIATED_STRUCTURE;1 bis route du Menhir Logonna Daoulas;29460;Logonna Daoulas;meli_melodie_danse@yahoo.fr;0688280291;;48.3232271;-4.2972436;2026;Rock'n'Roll | Societe | West Coast Swing;Rock'n'roll | Danses de salon | West Coast Swing;https://www.ffdanse.fr/structures/545-meli-melodie-danse;545-meli-melodie-danse
Mélimédance;affiliated;AFFILIATED_STRUCTURE;3 rue des 3 bourdons;59710;ENNEVELIN;carolyne.dutilleul@orange.fr;0686216372;;50.5377698;3.1252036;2026;Autres Danses | Classique | Comedie Musicale | Jazz | Latines | OLD : Salsa, Bachata, Kizomba | Rock Formation | Rock et DA | Societe | ancien nom à supprimer;Classique | Comédie musicale | Modern jazz | Jazz | Danses latines | Salsa | Bachata | Rock'n'roll | Rock sauté | Danses de salon;https://www.ffdanse.fr/structures/1133-melimedance;1133-melimedance
Mélymélo;affiliated;AFFILIATED_STRUCTURE;32 avenue de la Victoire;02440;MONTESCOURT-LIZEROLLES;assomelymelo@hotmail.fr;0619925859;;49.7371617;3.2486649;2026;Autres Danses | Jazz | Street Dance | Zumba;Modern jazz | Jazz | Danses hip-hop | Zumba;https://www.ffdanse.fr/structures/126-melymelo;126-melymelo
N DANCE CENTER;affiliated;AFFILIATED_STRUCTURE;1 rue du general morand, 93160;93160;Noisy-le-Grand;n.dancecenter@gmail.com;0603881092;NDANCECENTER.FR;48.8497955;2.5714478;2026;Eveil à la Danse | Hip Hop | Jazz | Ragga | Regards chorégraphiques;Danses hip-hop | Modern jazz | Jazz | Ateliers de création | Contemporain;https://www.ffdanse.fr/structures/4510-n-dance-center;4510-n-dance-center
N'Dances;affiliated;AFFILIATED_STRUCTURE;27 RUE EDOUARD GARET;42160;ANDREZIEUX BOUTHEON;cambimorgane@gmail.com;0698161751;;45.5317099;4.287377;2026;Bachata | Boogie Woogie | Breaking | Eveil à la Danse | Formation Rock Girls | Formation Rock Juniors | Formation Rock Ladies | Formation Rock Main Class | Formation Rock Main Class Quattro | Hip Hop | Kizomba | Ragga | Rock | Rock Acrobatique | Rock Acrobatique Fédéral | Rock Artistique Fédéral | Rock Children | Rock Couple Dance Show | Rock Formation | Rock Juniors | Rock Juveniles | Rock Main Class Contact Style | Rock Main Class Free Style | Rock Saute | Rock et DA | Rock'n Roll Fédéral | Rock'n'Roll | Salsa | Small Formation Rock Ladies | Small formation Rock Girls | Street Dance | Zumba;Bachata | Boogie-Woogie | Breaking | Danses hip-hop | Kizomba | Rock'n'roll | Rock acrobatique | Rock sauté | Salsa | Zumba;https://www.ffdanse.fr/structures/920-n-dances;920-n-dances
N'DANSE;recently_disaffiliated;UNAFFILIATED_STRUCTURE;17 Rue du Mont;02810;CHEZY EN ORXOIS;fabrice.desmoulins60@gmail.com;0624361373;;49.124167;3.179786;;;;https://www.ffdanse.fr/structures/4115-n-danse;4115-n-danse
NANTES DANSE HIP HOP;affiliated;AFFILIATED_STRUCTURE;2 RUE DU CHÂTEAU DE L'ÉRAUDIÈRE;44300;NANTES;nantesdansehiphop@gmail.com;0675165461;;47.2436185;-1.5356004;2026;Breaking | Hip Hop | House | Locking | New Style | Poping | Ragga;Breaking | Danses hip-hop;https://www.ffdanse.fr/structures/6350-nantes-danse-hip-hop;6350-nantes-danse-hip-hop
Nantes Irish Dancing Academy;affiliated;AFFILIATED_STRUCTURE;13 rue Roger Lapébie;44300;Nantes;nantesirishdancingacademy@gmail.com;0686911524;https://nantesirishdance.wordpress.com/;47.2469498;-1.5215424;2026;Autres Danses Du Monde | Claquettes;Danses ethniques | Claquettes;https://www.ffdanse.fr/structures/3657-nantes-irish-dancing-academy;3657-nantes-irish-dancing-academy
NANTES WEST;affiliated;AFFILIATED_STRUCTURE;105 Avenue De La Baraudière;44800;Saint-Herblain;nantes.west.44@gmail.com;0644759961;http://nanteswest.free.fr/;47.2321135;-1.5946851;2026;Country And Line | West Coast Swing;Country & line | West Coast Swing;https://www.ffdanse.fr/structures/6292-nantes-west;6292-nantes-west
Narbonne DanceSport;affiliated;AFFILIATED_STRUCTURE;103 Avenue de Bordeaux;11100;Narbonne;g.garanchon@gmail.com;0667673969;;43.1813782;2.9800767;2026;Danse en solo Latine | Danse en solo Standard | Dix Danses | Latines | Societe | Solo Team Lat / Std | Standards;Danses latines | Danses standards | Danses de salon;https://www.ffdanse.fr/structures/230-narbonne-dancesport;230-narbonne-dancesport
NARNIAH;recently_disaffiliated;UNAFFILIATED_STRUCTURE;39 avenue Raymond POINCARE;33600;PESSAC;soniaduchesne9@gmail.com;0661440691;https://danse-prenatale.com/;44.7995834;-0.6252703;;;;https://www.ffdanse.fr/structures/5974-narniah;5974-narniah
nashville country;affiliated;AFFILIATED_STRUCTURE;7 avenue billaud varenne, bt107 atp14;17000;la rochelle;mouche-moon@cegetel.net;0546440458;;46.1526437;-1.1227521;2026;ancien nom à supprimer;;https://www.ffdanse.fr/structures/2252-nashville-country;2252-nashville-country
NASHVILLE GANG;affiliated;AFFILIATED_STRUCTURE;route de la Plage Marquet, BASE NAUTIQUE;06320;CAP D'AIL;sophiedanceteam@gmail.com;0664317703;;43.7241659;7.410822;2026;Country And Line;Country & line;https://www.ffdanse.fr/structures/4358-nashville-gang;4358-nashville-gang
Natacha Combes;affiliated;AFFILIATED_STRUCTURE;8 rue du président wilson;33500;Libourne;libourneacademiededanse@gmail.com;0698568261;;44.9188543;-0.2439455;2026;Classique | Contemporain | Jazz;Classique | Ateliers de création | Contemporain | Modern jazz | Jazz;https://www.ffdanse.fr/structures/746-natacha-combes;746-natacha-combes
NAV'Y DANSE;affiliated;AFFILIATED_STRUCTURE;1 RUE DE L'HOTEL DE VILLE, MAIRIE;19460;NAVES;navydanse@gmail.com;0607644923;;45.3125807;1.7675513;2026;Bachata | Kizomba | Rock | Salsa | Societe;Bachata | Kizomba | Rock'n'roll | Salsa | Danses de salon;https://www.ffdanse.fr/structures/5599-nav-y-danse;5599-nav-y-danse
Neuville Club de Danse;affiliated;AFFILIATED_STRUCTURE;32 rue des Fromets;59960;Neuville en Ferrain;claudine.heyman@sfr.fr;06.19.05.56.40;;50.7474377;3.1505272;2026;Danse en solo Latine | Danse en solo Standard | Dix Danses | Latines | Standards;Danses latines | Danses standards;https://www.ffdanse.fr/structures/1141-neuville-club-de-danse;1141-neuville-club-de-danse
Nevers' Boots Country Dance;affiliated;AFFILIATED_STRUCTURE;28 rue Maurice Javillier;58000;NEVERS;fmarceau58@sfr.fr;0614844333;;46.9721247;3.1223244;2026;Country And Line | ancien nom à supprimer;Country & line;https://www.ffdanse.fr/structures/1120-nevers-boots-country-dance;1120-nevers-boots-country-dance
New Artistic School & Production;affiliated;AFFILIATED_STRUCTURE;chez Chorain Sophie 2 rue Auguste Keufer;42100;Saint-Etienne;newartisticschool@gmail.com;0664252476;;45.4096744;4.3862765;2026;Autres Danses | Eveil à la Danse;;https://www.ffdanse.fr/structures/4197-new-artistic-school-production;4197-new-artistic-school-production
NEW COUNTRY 11;affiliated;AFFILIATED_STRUCTURE;81 Avenue Jean Camp;11100;NARBONNE;newcountry11.narbonne@gmail.com;0609946269;;43.1845379;3.0235296;2026;Country And Line;Country & line;https://www.ffdanse.fr/structures/2232-new-country-11;2232-new-country-11
New Line Country Dancers 34;affiliated;AFFILIATED_STRUCTURE;21 rue Georges Bizet;34340;Marseillan;nlcd34@hotmail.com;0618223704;www.nlcd34.com;43.3440404;3.5288855;2026;Country And Line;Country & line;https://www.ffdanse.fr/structures/6028-new-line-country-dancers-34;6028-new-line-country-dancers-34
New-York Dance Club;affiliated;AFFILIATED_STRUCTURE;16, rue du 1. Mars;68300;Saint-Louis;newyork.danceclub@bbox.fr;0660940266;;47.5763699;7.5516579;2026;Autres Danses | Country And Line | Dix Danses | Latines | OLD : Salsa, Bachata, Kizomba | Societe | Standards | Tango Argentin | West Coast Swing | ancien nom à supprimer;Country & line | Danses latines | Danses standards | Salsa | Bachata | Danses de salon | Tango argentin | West Coast Swing;https://www.ffdanse.fr/structures/1360-new-york-dance-club;1360-new-york-dance-club
Ngue Ni Mey-Les ViesDanses;affiliated;AFFILIATED_STRUCTURE;9 place du marché, 87230;87230;87230 - CHALUS;assonguenimey@gmail.com;0687237218;https://www.facebook.com/profile.php?id=100057489458055;45.6543573;0.9761953;2026;Africaine | Afro-contemporaine | Eveil à la Danse | Hip Hop | Ragga | Street Dance;Danses ethniques | Afro-jazz | Danses hip-hop;https://www.ffdanse.fr/structures/4249-ngue-ni-mey-les-viesdanses;4249-ngue-ni-mey-les-viesdanses
Nice danse;affiliated;AFFILIATED_STRUCTURE;16 Boulevard René Cassin, Ferber-Massilia;06200;NICE;nice06danse@gmail.com;0771730413;nice06danse.com;43.6738914;7.2259751;2026;Bachata | Boogie Woogie | Danse en solo Latine | Danse en solo Standard | Dix Danses | Latines | Rock et DA | Rock'n'Roll | Salsa | Societe | Standards;Bachata | Boogie-Woogie | Danses latines | Danses standards | Rock sauté | Rock'n'roll | Salsa | Danses de salon;https://www.ffdanse.fr/structures/184-nice-danse;184-nice-danse
Nino's Danza;affiliated;AFFILIATED_STRUCTURE;20 rue de la passerelle;60220 ;Blargies;ninos.danza@hotmail.fr;0624975200;;49.6748106;1.7642343;2026;Autres Danses;;https://www.ffdanse.fr/structures/1202-nino-s-danza;1202-nino-s-danza
NM Danse;affiliated;AFFILIATED_STRUCTURE;106 Chemin du haut de la ferrage;83830;CALLAS;nm.ecolededanse@gmail.com;0637124745;;43.5916492;6.5438751;2026;Danse en solo Latine | Danse en solo Latine NON | Danse en solo Standard | Danse en solo Standard NON | Dix Danses | Latines | Show Dance Latine | Show Dance Standard | Societe | Solo Team Lat / Std | Standards;Danses latines | Danses standards | Danses de salon;https://www.ffdanse.fr/structures/5336-nm-danse;5336-nm-danse
NOVA;affiliated;AFFILIATED_STRUCTURE;10 rue Julien Forgues;31100;TOULOUSE;association.nova31@gmail.com;0607025290;https://share.google/QVSTygRK0YQwSTbpv;43.5809027;1.3885985;2026;Afro-contemporaine | Hip Hop;Afro-jazz | Danses hip-hop;https://www.ffdanse.fr/structures/6363-nova;6363-nova
NOVA DANSE;affiliated;AFFILIATED_STRUCTURE;3 rue du Lion, 60190;60190;Estrees saint denis;contact@novadanse.fr;0619306020;;49.426325;2.6396609;2026;Classique | Danse Inclusive | Danse Show | Eveil à la Danse;Classique | Disco;https://www.ffdanse.fr/structures/6179-nova-danse;6179-nova-danse
Nymph' Pole Dance;affiliated;AFFILIATED_STRUCTURE;10 rue de la Prade;34880;Lavérune;nymph.poledance@gmail.com;0640790061;www.nymphpoledance.com;43.5823955;3.8140486;2026;Bachata | Barre au Sol | Bollywood | Cabaret | Classique | Contemporain | Danse Show | Danse aérienne | Danse en solo Latine | Danses Solo | Eveil à la Danse | Jazz | Latines | Pilates | Pole Dance | Pole Sport | Salsa | Show Dance Latine | Street Dance | Zumba | Assouplissement | Hip Hop | Orientale;Bachata | Barre au sol classique | Barre au sol contemporaine | Danses ethniques | Cabaret | Classique | Ateliers de création | Contemporain | Disco | Danses aériennes | Modern jazz | Jazz | Danses latines | Pole dance | Pole sport | Salsa | Danses hip-hop | Zumba;https://www.ffdanse.fr/structures/4719-nymph-pole-dance;4719-nymph-pole-dance
O Gravity;affiliated;AFFILIATED_STRUCTURE;6 bis Avenue du Président Kennedy, Ancien Cinéma - Studio 7;64300;Orthez;ogravity.otz@gmail.com;0689327324;;43.4865777;-0.7659637;2026;Danse aérienne | Eveil à la Danse | Jazz | Pole Dance | Zumba | Street Dance;Danses aériennes | Modern jazz | Jazz | Pole dance | Zumba | Danses hip-hop;https://www.ffdanse.fr/structures/4894-o-gravity;4894-o-gravity
Objectif Réussite;affiliated;AFFILIATED_STRUCTURE;2A rue de Gascogne;95300;Pontoise;objectif.reussite@hotmail.fr;0603752925;;49.060117;2.091683;2026;Africaine;Danses ethniques;https://www.ffdanse.fr/structures/5518-objectif-reussite;5518-objectif-reussite
ODORIKO;affiliated;AFFILIATED_STRUCTURE;60 boulevard Frédéric Mistral;11100;NARBONNE;odoriko.danse@gmail.com;0629076349;https://odorikodanse.wixsite.com/odoriko-asso-danse/narbonne;43.1885019;3.0047346;2026;Classique | Eveil à la Danse | Jazz | Pole Dance | Barre au Sol | Cabaret | Pilates;Classique | Modern jazz | Jazz | Pole dance | Barre au sol classique | Barre au sol contemporaine | Cabaret;https://www.ffdanse.fr/structures/6201-odoriko;6201-odoriko
Odyssée;affiliated;AFFILIATED_STRUCTURE;3 rue Bobillot, Bat A, Apt 9, Rés St Eloi;31200;Toulouse;gwenael_longuet@hotmail.com;0660900135;www.gwenael-danse.com;43.617298;1.4290943;2026;Danse en solo Latine | Danse en solo Standard | Dix Danses | Latines | Rock | Rock'n'Roll | Show Dance Latine | Show Dance Standard | Societe | Solo Team Lat / Std | Standards;Danses latines | Danses standards | Rock'n'roll | Danses de salon;https://www.ffdanse.fr/structures/5786-odyssee;5786-odyssee
OE DANSES;affiliated;AFFILIATED_STRUCTURE;1 bis Rue de la Martinière;37390;NOTRE DAME D'OE;oe.danses@gmail.com;0608855266;www.oedanses.fr;47.4598843;0.7045583;2026;Bachata | Dix Danses | Eveil à la Danse | Latines | Lindy Hop | Rock'n'Roll | Salsa | Solo Team Lat / Std | Standards | West Coast Swing;Bachata | Danses latines | Danses standards | Lindy hop | Rock'n'roll | Salsa | West Coast Swing;https://www.ffdanse.fr/structures/2810-oe-danses;2810-oe-danses
OFF POLE STUDIO;affiliated;AFFILIATED_STRUCTURE;712 rue des mésanges;19360;Malemort;ophelie.screve@gmail.com;0610790118;;45.1890924;1.5887188;2026;Danse Verticale | Danse aérienne | Parapole Artistique | Parapole sport | Pole Dance | Pole Sport;Danses aériennes | Pole dance | Pole sport;https://www.ffdanse.fr/structures/5828-off-pole-studio;5828-off-pole-studio
OFFICIEL LRC;recently_disaffiliated;UNAFFILIATED_STRUCTURE;22 RUE MAXIMILIEN ROBESPIERRE;94120;FONTENAY-SOUS-BOIS;officiellrc@gmail.com;0609136335;;48.8513841;2.4863987;;;;https://www.ffdanse.fr/structures/5027-officiel-lrc;5027-officiel-lrc
OH MY DANCE;affiliated;AFFILIATED_STRUCTURE;974 Impasse du Doubs, 30900;30900;NIMES;ohmydance30@gmail.com;06 95 10 19 81;oh-my-dance.fr;43.8153049;4.3369113;2026;Danses Solo;;https://www.ffdanse.fr/structures/4829-oh-my-dance;4829-oh-my-dance
Oise Pole Studio;recently_disaffiliated;UNAFFILIATED_STRUCTURE;1 avenue de Sylvie;60500;Chantilly;contact@oisepolestudio.com;0782969301;www.oisepolestudio.com;49.1842188;2.461398;;;;https://www.ffdanse.fr/structures/2773-oise-pole-studio;2773-oise-pole-studio
OJazz;affiliated;AFFILIATED_STRUCTURE;6 Impasse du Berry;34740;Vendargues;ojazzassociation@gmail.com;0788456454;;43.6550359;3.9781389;2026;Boogie Formation | Boogie Juniors | Boogie Main Class | Boogie Rising Star | Boogie Seniors | Boogie Woogie | Boogie Woogie Fédéral | Lindy Hop | Lindy Hop Fédéral | Lindy Hop Junior | Lindy Hop Main Class | Lindy Hop Senior 1 | Lindy Hop Senior 2 | Lindy Hop Show case | Rock et DA;Boogie-Woogie | Lindy hop | Rock sauté;https://www.ffdanse.fr/structures/3258-ojazz;3258-ojazz
OKA;affiliated;AFFILIATED_STRUCTURE;4 rue Clément Ader Cité Duparc;97438;SAINTE MARIE;marieanselme@yahoo.fr;0692694141;;0;0;2026;Country And Line | Country Danse Partner - DP | Country Danse en Couple - DC | Country Danse en Couple - DC Pro AM | Country Danse en Formation - DF Cabaret Team | Country Danse en Formation - DF Crea Team | Country Danse en Formation - DF Duo | Country Danse en Formation - DF Loisirs Team | Country Danse en Formation - DF Quad | Country Danse en Formation - DF Show Team | Country Danse en Ligne - DL Pop Line | Country Danse en ligne - DL | Country Ecriture Choregraphique - EC | DC Pro AM | Dix Danses | Latines | Rock Formation | Rock et DA | Societe | Standards | Tango Argentin;Country & line | Danses latines | Danses standards | Rock'n'roll | Rock sauté | Danses de salon | Tango argentin;https://www.ffdanse.fr/structures/2029-oka;2029-oka
Ola-rock;affiliated;AFFILIATED_STRUCTURE;156 rue etienne Dolet;94230;cachan;sylvain@7moi.com;0664989782;www.olarock.com;48.789797;2.3353219;2026;Bachata | Boogie Woogie | Country And Line | Dix Danses | Kizomba | Latines | Latino Caraibes | Lindy Hop | Rock | Rock Acrobatique | Rock Acrobatique Fédéral | Rock Artistique Fédéral | Rock Formation | Rock Main Class Contact Style | Rock Main Class Free Style | Rock Saute | Rock et DA | Rock'n Roll Fédéral | Rock'n'Roll | Salsa | Societe | Standards | West Coast Swing | Zumba;Bachata | Boogie-Woogie | Country & line | Danses latines | Danses standards | Kizomba | Danses latino-caraïbes | Lindy hop | Rock'n'roll | Rock acrobatique | Rock sauté | Salsa | Danses de salon | West Coast Swing | Zumba;https://www.ffdanse.fr/structures/1956-ola-rock;1956-ola-rock
Olala Party;recently_disaffiliated;UNAFFILIATED_STRUCTURE;32 bd strasbourg saint denis;75010;Paris;info.olalaparty@gmail.com;0698321908;www.olalaparty.com;48.8718013;2.3558675;2026;Cabaret;Cabaret;https://www.ffdanse.fr/structures/3052-olala-party;3052-olala-party
Olonne Costume Danse;recently_disaffiliated;UNAFFILIATED_STRUCTURE;5 Rue de Tourville, LE CHATEAU D'OLONNE;85180;LES SABLES D'OLONNE;isabelle.nicole85@gmail.com;0644276865;;46.5001329;-1.7803917;;;;https://www.ffdanse.fr/structures/3486-olonne-costume-danse;3486-olonne-costume-danse
OLYMPIC POLE;affiliated;AFFILIATED_STRUCTURE;63 avenue du 3 septembre, les acanthes;06320;CAP D'AIL;olympicpole@gmail.com;+33788369750;https://www.helloasso.com/associations/olympic-pole/administration/ma-page-publique;43.7221252;7.3992716;2026;Parapole Artistique | Parapole sport | Pole Dance | Pole Sport;Pole dance | Pole sport;https://www.ffdanse.fr/structures/5923-olympic-pole;5923-olympic-pole
On y danse;affiliated;AFFILIATED_STRUCTURE;Mairie de GRENADE rue LAZARE CARNOT;31330;GRENADE / GARONNE;onydanse.grenadedu31@gmail.com;0635211130;www.onydansegrenade.fr;43.7697658;1.2949288;2026;Latines | Societe | Standards;Danses latines | Danses de salon | Danses standards;https://www.ffdanse.fr/structures/616-on-y-danse;616-on-y-danse
ONEIRIC;affiliated;AFFILIATED_STRUCTURE;5 rue chateaubriand Appt 33 Bat E;80090;Amiens;oneric@outlook.fr;0777600342;;49.894067;2.295753;2026;Cabaret | Comedie Musicale | Disco | Street Dance;Cabaret | Comédie musicale | Disco | Danses hip-hop;https://www.ffdanse.fr/structures/5582-oneiric;5582-oneiric
OPEN DANCE LIFE;affiliated;AFFILIATED_STRUCTURE;521 chemin de la sérignane;13530;Tretes;contact@opendancelife.fr;0781922153;https://www.opendancelife.fr;43.442721;5.668175;2026;Afro-caribéennes | Autres Danses | Bachata | Danse Show | Danses Solo | Latino Caraibes | Rock'n'Roll | Salsa;Danses ethniques | Bachata | Disco | Danses latino-caraïbes | Rock'n'roll | Salsa;https://www.ffdanse.fr/structures/4633-open-dance-life;4633-open-dance-life
OPS DANSE;affiliated;AFFILIATED_STRUCTURE;9 RUE DE LA CITE, CENTRE DE LA COURSAUDIERE;85300;CHALLANS;contact@opsdanse.fr;0625177560;www.opsdanse.com;46.8490615;-1.8823956;2026;Barre au Sol | Claquettes | Classique | Contemporain | Hip Hop | Jazz | Regards chorégraphiques;Barre au sol classique | Barre au sol contemporaine | Claquettes | Classique | Ateliers de création | Contemporain | Danses hip-hop | Modern jazz | Jazz;https://www.ffdanse.fr/structures/3395-ops-danse;3395-ops-danse
Orchidée Sauvage;affiliated;AFFILIATED_STRUCTURE;1 villa Pietra Mora, lieu dit Tiuccia;20111;CALCATOGGIO;salsajaccio@hotmail.fr;0663960963;;42.028152;8.766913;2026;OLD : Salsa, Bachata, Kizomba;Salsa | Bachata;https://www.ffdanse.fr/structures/4513-orchidee-sauvage;4513-orchidee-sauvage
ORI POLINESIA;affiliated;AFFILIATED_STRUCTURE;228 CHEMIN DE L'ECHELLE DU ROI;07330;THUEYTS;oripolinesia07@gmail.com;0661207531;;44.673157;4.2192893;2026;Autres Danses Du Monde;Danses ethniques;https://www.ffdanse.fr/structures/6195-ori-polinesia;6195-ori-polinesia
ORIGIN'Z;affiliated;AFFILIATED_STRUCTURE;1 Place de la Mairie;71500;Sornay;gestionorigin@gmail.com;0627446176;;46.626526;5.1791627;2026;Breaking | Hip Hop;Breaking | Danses hip-hop;https://www.ffdanse.fr/structures/4659-origin-z;4659-origin-z
ORIGINAL MONKEEZ;affiliated;AFFILIATED_STRUCTURE;12 RUE VOLTAIRE;79200;PARTHENAY;contact@originalmonkeez.fr;0661508116;;46.6473276;-0.2431759;2026;Breaking;Breaking;https://www.ffdanse.fr/structures/4710-original-monkeez;4710-original-monkeez
ORIGINAL ROCKERZ;affiliated;AFFILIATED_STRUCTURE;13 rue Vincent Leblanc;13002;Marseille;originalrockerz@hotmail.fr;0601347399;;43.3040082;5.3685344;2026;Breaking | Transversal;Breaking;https://www.ffdanse.fr/structures/3482-original-rockerz;3482-original-rockerz
Oréa Danse;affiliated;AFFILIATED_STRUCTURE;252 Route des Chouquets;76640;Hattenville;oreadanse@gmail.com;0609994229;;49.6549755;0.535747;2026;Disco | Dix Danses | Latines | Lindy Hop | OLD : Salsa, Bachata, Kizomba | Rock'n'Roll | Societe | Standards | Tango Argentin | Zumba;Disco | Danses latines | Danses standards | Lindy hop | Salsa | Bachata | Rock'n'roll | Danses de salon | Tango argentin | Zumba;https://www.ffdanse.fr/structures/4248-orea-danse;4248-orea-danse
Osmoz;affiliated;AFFILIATED_STRUCTURE;60, Rue Alfred de Musset, P10;91400;ORSAY;osmoz-villejust@orange.fr;0612439509;osmoz91.fr;48.7032966;2.2040412;2026;Africaine | Contemporain;Danses ethniques | Ateliers de création | Contemporain;https://www.ffdanse.fr/structures/1851-osmoz;1851-osmoz
Ostridanse;affiliated;AFFILIATED_STRUCTURE;Hotel de Ville.    Place de la république;59162;Ostricourt;ostridanse.infos@gmail.com;0673974161.;https://ostridanse.sitew.fr/;50.454025;3.031247;2026;Bachata | Dix Danses | Latines | Salsa | Societe | Standards;Bachata | Danses latines | Danses standards | Salsa | Danses de salon;https://www.ffdanse.fr/structures/1136-ostridanse;1136-ostridanse
OTAM;affiliated;AFFILIATED_STRUCTURE;49 rue de la cathédrale;86000;Poitiers;association.otam@gmail.com;0616152951;https://www.otam86.com/;46.5820492;0.344595;2026;Breaking | Hip Hop | House | New Style;Breaking | Danses hip-hop;https://www.ffdanse.fr/structures/4850-otam;4850-otam
OXY MOVE;affiliated;AFFILIATED_STRUCTURE;Place Lyautey;62114;SAINS EN GOHELLE;oxy.move@outlook.fr;0688561649;;50.4399554;2.6845939;2026;Bollywood | Danse Inclusive | Eveil à la Danse | Hip Hop | Pilates | Zumba;Danses ethniques | Danses hip-hop | Zumba;https://www.ffdanse.fr/structures/6162-oxy-move;6162-oxy-move
Pacific School;affiliated;AFFILIATED_STRUCTURE;23 Rue du Docteur Jean Fiolle, 13006;13006;Marseille;pacificschoolproduction@gmail.com;0658037319;https://www.pacificschool.fr/;43.2846322;5.3820597;2026;Africaine | Afro-contemporaine | Autres Danses | Breaking | Contemporain | Eveil à la Danse | Hip Hop | Kizomba | New Style | Ragga | Street Dance;Danses ethniques | Afro-jazz | Breaking | Ateliers de création | Contemporain | Danses hip-hop | Kizomba;https://www.ffdanse.fr/structures/5356-pacific-school;5356-pacific-school
PAMFOU DANSE;affiliated;AFFILIATED_STRUCTURE;4 RUE DU SAULE, 77830;77830;PAMFOU;pamfoudanse@orange.fr;0620887363;;48.459876;2.8689372;2026;Contemporain | Eveil à la Danse | Jazz | Zumba;Ateliers de création | Contemporain | Modern jazz | Jazz | Zumba;https://www.ffdanse.fr/structures/4016-pamfou-danse;4016-pamfou-danse
Pana loisirs;affiliated;AFFILIATED_STRUCTURE;Centre Jean Cocteau  Rue de la Beausserie;87350;PANAZOL;pana.loisirs@gmail.com;05-55-30-81-73;;45.8362724;1.3081414;2026;Jazz;Modern jazz | Jazz;https://www.ffdanse.fr/structures/1821-pana-loisirs;1821-pana-loisirs
PARAISO LATINO BONNEVILLE;affiliated;AFFILIATED_STRUCTURE;469 avenue de la Gare;74130 BONNEVILLLEE;BONNEVILLE;paraiso.latino.bonneville@gmail.com;0699663328;;46.0790868;6.4185552;2026;Bachata | Kizomba | Latines;Bachata | Kizomba | Danses latines;https://www.ffdanse.fr/structures/4773-paraiso-latino-bonneville;4773-paraiso-latino-bonneville
Paris Dancesport;affiliated;AFFILIATED_STRUCTURE;26 rue des grands champs;75020;Paris;parisdancesport@gmail.com;0603903576;https://parisdancesport.paris-danse-salon.fr/;48.850462;2.401138;2026;Danse en solo Latine | Danse en solo Latine NON | Danse en solo Standard | Danse en solo Standard NON | Dix Danses | Latines | Show Dance Latine | Show Dance Standard | Solo Team Lat / Std | Standards;Danses latines | Danses standards;https://www.ffdanse.fr/structures/5226-paris-dancesport;5226-paris-dancesport
Paris Danse de Salon;affiliated;AFFILIATED_STRUCTURE;5 rue Jouffroy d'Abbans;75017;PARIS;parisdansesalon@gmail.com;0632898244;;48.886975;2.313166;2026;Dix Danses | Latines | Show Dance Latine | Show Dance Standard | Standards;Danses latines | Danses standards;https://www.ffdanse.fr/structures/2797-paris-danse-de-salon;2797-paris-danse-de-salon
Paroles de corps;affiliated;AFFILIATED_STRUCTURE;MAIRIE 43 RUE GEORGES CLEMENCEAU;77590;CHARTRETTES;josettefrancois@orange.fr;0160719035;parolesdecorps.fr;48.4881403;2.7004584;2026;Classique | Contemporain;Classique | Ateliers de création | Contemporain;https://www.ffdanse.fr/structures/1561-paroles-de-corps;1561-paroles-de-corps
PAS A PAS;affiliated;AFFILIATED_STRUCTURE;55,Allée de Nemours;93190;livry gargan;colette.diepdale@wanadoo.fr;0673964810;;48.9215023;2.5176669;2026;Bachata | Classique | Contemporain | Danse Inclusive | Danses Solo | Eveil à la Danse | Jazz | Ragga | Regards chorégraphiques | Street Dance;Bachata | Classique | Ateliers de création | Contemporain | Modern jazz | Jazz | Danses hip-hop;https://www.ffdanse.fr/structures/3192-pas-a-pas;3192-pas-a-pas
Pas-à-Pas;affiliated;AFFILIATED_STRUCTURE;21 rue de la Mairie;35580;Goven;bureau.pasapas@outlook.com;0689998363;https://pasapasgoven.kalisport.com;48.0067173;-1.8460004;2026;Contemporain | Danse Inclusive | Eveil à la Danse | Jazz | New Style | Regards chorégraphiques | Street Dance;Ateliers de création | Contemporain | Modern jazz | Jazz | Danses hip-hop;https://www.ffdanse.fr/structures/4716-pas-a-pas;4716-pas-a-pas
PASCAL DANSES;affiliated;AFFILIATED_STRUCTURE;81 ROUTE DE SENAILLAC, LA BESSE;46210;LABASTIDE DU HAUT MONT;lespasdlaur@gmail.com;0687641083;;44.8341319;2.118193;2026;Societe;Danses de salon;https://www.ffdanse.fr/structures/4445-pascal-danses;4445-pascal-danses
PASION Y OLE;affiliated;AFFILIATED_STRUCTURE;9 RUE DU DANUBE;78180;MONTIGNY LE BRETONNEUX;pasion.y.ole.78@gmail.com;0628072337;;48.7655676;2.0118913;2026;Flamenco;Flamenco;https://www.ffdanse.fr/structures/2848-pasion-y-ole;2848-pasion-y-ole
Passion country;affiliated;AFFILIATED_STRUCTURE;Rue St Michel, Mairie de Peaule;56130;Péaule;jeanclaudeannienael@outlook.fr;0297429152  Présiden;;47.5784337;-2.3569021;2026;Country And Line | ancien nom à supprimer;Country & line;https://www.ffdanse.fr/structures/2862-passion-country;2862-passion-country
PASSION DANSE;affiliated;AFFILIATED_STRUCTURE;2 place de la liberte;85750;angles;passiondanse.85750@gmail.com;0663528237;;46.408491;-1.403055;2026;Jazz duo | Jazz groupe | Jazz;Modern jazz | Jazz;https://www.ffdanse.fr/structures/4651-passion-danse;4651-passion-danse
PASSION DANSE;affiliated;AFFILIATED_STRUCTURE;Rue du Puy de Sancy, MAISON DES SPORTS-STADE GEORGES BEYNEY;31240;l'Union;bureaujazz31@gmail.com;0682279569;;43.6569592;1.4902492;2026;Jazz;Modern jazz | Jazz;https://www.ffdanse.fr/structures/6197-passion-danse;6197-passion-danse
Passion Danse Latino;affiliated;AFFILIATED_STRUCTURE;910 rue commandant Dubois;73200;Albertville;francois-cebrian@laposte.net;0616445722;;45.6652238;6.3788984;2026;Bachata | Kizomba | Latines | Rock | Rock'n'Roll | Salsa;Bachata | Kizomba | Danses latines | Rock'n'roll | Salsa;https://www.ffdanse.fr/structures/1443-passion-danse-latino;1443-passion-danse-latino
Passion Danses FL;affiliated;AFFILIATED_STRUCTURE;225 rue Ray Charles;34000;MONTPELLIER;fgoutau@gmail.com;0660270420;;43.5990044;3.9048784;2026;Bachata | Lindy Hop | Rock'n'Roll | Salsa | Societe | West Coast Swing;Bachata | Lindy hop | Rock'n'roll | Salsa | Danses de salon | West Coast Swing;https://www.ffdanse.fr/structures/4516-passion-danses-fl;4516-passion-danses-fl
PASSION DANSES SAINT JUST;affiliated;AFFILIATED_STRUCTURE;Mairie- 474 Route de Ceyzeriat;01250;SAINT JUST;passiondansessaintjust@gmail.com;0695241706;;46.1921081;5.2786955;2026;Autres Danses | OLD : Salsa, Bachata, Kizomba | Rock et DA;Salsa | Bachata | Rock sauté;https://www.ffdanse.fr/structures/3014-passion-danses-saint-just;3014-passion-danses-saint-just
Paty Z dance;affiliated;AFFILIATED_STRUCTURE;139 avenue de la fonderie;57390;Audun le tiche;yvon-peixoto@orange.fr;0787400566;;49.4724024;5.9556287;2026;Latines | Zumba;Danses latines | Zumba;https://www.ffdanse.fr/structures/1109-paty-z-dance;1109-paty-z-dance
Pedrinasevillanas;affiliated;AFFILIATED_STRUCTURE;9 Impasse de la Morelle;33650;Martillac;pedrinasevillanas@net-c.com;0601946629;;44.7295312;-0.5464089;2026;Flamenco;Flamenco;https://www.ffdanse.fr/structures/690-pedrinasevillanas;690-pedrinasevillanas
Perdansa;affiliated;AFFILIATED_STRUCTURE;1248 MJC Quai du 11 novembre 1918;30110;LA GRAND'COMBE;sophie.bousiges@gmail.com;0615464533;1967;0;0;2026;Classique | Hip Hop | Jazz;Classique | Danses hip-hop | Modern jazz | Jazz;https://www.ffdanse.fr/structures/566-perdansa;566-perdansa
Periphéri'K;affiliated;AFFILIATED_STRUCTURE;Pont Bilio;56250;ELVEN;asso.peripherik@gmail.com;0679562587;www.ecole-de-danse-elven.com;47.7491661;-2.5851453;2026;Africaine | Barre au Sol | Classique | Contemporain | Hip Hop | Jazz | Regards chorégraphiques;Danses ethniques | Barre au sol classique | Barre au sol contemporaine | Classique | Ateliers de création | Contemporain | Danses hip-hop | Modern jazz | Jazz;https://www.ffdanse.fr/structures/1078-peripheri-k;1078-peripheri-k
PERONNE SPORTS ET LOISIRS;affiliated;AFFILIATED_STRUCTURE;55 RUE ROBERT HERICOURT;80200;DOINGT;bay.ml@hotmail.fr;0673970664;;49.9241716;2.9637453;2026;Societe;Danses de salon;https://www.ffdanse.fr/structures/5796-peronne-sports-et-loisirs;5796-peronne-sports-et-loisirs
Petits Pas Dansés;affiliated;AFFILIATED_STRUCTURE;7 avenue Georges Clémenceau;25000;Besançon;petitspasdanses@gmail.com;06 86 38 57 65;;47.2413893;6.0145246;2026;Classique;Classique;https://www.ffdanse.fr/structures/4321-petits-pas-danses;4321-petits-pas-danses
PFP SPORT POUR TOUS;recently_disaffiliated;UNAFFILIATED_STRUCTURE;76 venue des Acacias;06500;MENTON;pfpsportpourtous@gmail.com;0603180712;;43.7830967;7.485136;;;;https://www.ffdanse.fr/structures/5915-pfp-sport-pour-tous;5915-pfp-sport-pour-tous
Philocalie;affiliated;AFFILIATED_STRUCTURE;127 rue Louis Blanc;11210;11210 - PORT LA NOUVELLE;patmen1@orange.fr;0618028609;;43.0190164;3.0513576;2026;Africaine | Autres Danses | Danse Historique | Flamenco | Hip Hop | Indienne | OLD : Salsa, Bachata, Kizomba | Orientale;Danses ethniques | Danse historique | Flamenco | Danses hip-hop | Salsa | Bachata;https://www.ffdanse.fr/structures/218-philocalie;218-philocalie
PHOENIX;recently_disaffiliated;UNAFFILIATED_STRUCTURE;8 RUE MERIEL;93100;MONTREUIL;lps@laphoenixschool.com;0148380733;laphoenixschool.com;;;;;;https://www.ffdanse.fr/structures/5352-phoenix;5352-phoenix
PHOENIX ART DANSE;affiliated;AFFILIATED_STRUCTURE;238 quai Lamartine;71000;MACON;phoenixartdanse@gmail.com;06 45 40 27 23;;46.3036889;4.8335468;2026;Africaine | Barre au Sol | Bollywood | Cabaret | Comedie Musicale | Contemporain | Danses Solo | Eveil à la Danse | Indienne | Orientale | Ragga | Zumba | Jazz;Danses ethniques | Barre au sol classique | Barre au sol contemporaine | Cabaret | Comédie musicale | Ateliers de création | Contemporain | Danses hip-hop | Zumba | Modern jazz | Jazz;https://www.ffdanse.fr/structures/1421-phoenix-art-danse;1421-phoenix-art-danse
Phoenix Dance Castelculier;affiliated;AFFILIATED_STRUCTURE;La mairie Bourg Grandfonds;47240;CASTELCULIER;phoenix.dance@free.fr;0633899114;;44.1745634;0.6907225;2026;Country And Line | Country Danse en Couple - DC | Country Danse en Couple - DC Pro AM | Country Danse en Formation - DF Cabaret Team | Country Danse en Formation - DF Crea Team | Country Danse en Formation - DF Duo | Country Danse en Formation - DF Loisirs Team | Country Danse en Formation - DF Quad | Country Danse en Formation - DF Show Team | Country Danse en ligne - DL | Country Danse en Ligne - DL Pop Line | Country Danse Partner - DP | Country Ecriture Choregraphique - EC | DC Pro AM;Country & line;https://www.ffdanse.fr/structures/1012-phoenix-dance-castelculier;1012-phoenix-dance-castelculier
PHOENIX DANSES;affiliated;AFFILIATED_STRUCTURE;35 rue Adolphe Garilland;38550;LE PEAGE DE ROUSSILLON;phoenixdanses@gmail.com;0761298645;https://www.phoenixdanses.fr;45.3751785;4.7961262;2026;Cabaret | Comedie Musicale | Contemporain | Eveil à la Danse | Jazz | Street Dance | Zumba | Hip Hop;Cabaret | Comédie musicale | Ateliers de création | Contemporain | Modern jazz | Jazz | Danses hip-hop | Zumba;https://www.ffdanse.fr/structures/6101-phoenix-danses;6101-phoenix-danses
Phoenix Pole Studio;affiliated;AFFILIATED_STRUCTURE;105 route de la Chevalière;69430;Beaujeu;info.phoenixpole@gmail.com;0671900608;https://www.phoenix-polestudio.com/;46.148211510608;4.5974675944595;2026;Pole Dance | Pole Sport;Pole dance | Pole sport;https://www.ffdanse.fr/structures/4580-phoenix-pole-studio;4580-phoenix-pole-studio
PHOENX;affiliated;AFFILIATED_STRUCTURE;59 avenue philippoteaux, 59 Avenue philippoteaux, 08200;08200;SEDAN;isabelle.czorny@gmail.com;0778527762;;49.6959566;4.9358996;2026;Contemporain | Danse aérienne | Eveil à la Danse | Standards;Ateliers de création | Contemporain | Danses aériennes | Danses standards;https://www.ffdanse.fr/structures/6054-phoenx;6054-phoenx
PHŒNIX;affiliated;AFFILIATED_STRUCTURE;Place Albert Boivin, MAIRIE DE CHABRIS;36210;CHABRIS;phoenix36210@gmail.com;0668014781;;47.2547276;1.6538057;2026;Standards;Danses standards;https://www.ffdanse.fr/structures/5749-phoenix;5749-phoenix
Pippa on scene;affiliated;AFFILIATED_STRUCTURE;22 rue de l'église;67350;Dauendorf;pippaonscene@gmail.com;0605115693;;48.8289442;7.6509178;2026;Jazz;Modern jazz | Jazz;https://www.ffdanse.fr/structures/1338-pippa-on-scene;1338-pippa-on-scene
Plaisir 2 Danse;affiliated;AFFILIATED_STRUCTURE;14 rue d'Hersin;62530;Servins;manuellamaxime.dls@gmail.com;0613243878;;50.4094548;2.6340887;2026;Bachata | Country And Line | Dix Danses | Kizomba | Latines | Lindy Hop | Rock'n'Roll | Salsa | Societe | Standards | Zumba;Bachata | Country & line | Danses latines | Danses standards | Kizomba | Lindy hop | Rock'n'roll | Salsa | Danses de salon | Zumba;https://www.ffdanse.fr/structures/3053-plaisir-2-danse;3053-plaisir-2-danse
Plaisir de la Danse;affiliated;AFFILIATED_STRUCTURE;rue Jehan Véron, Mairie;76550;Offranville;contact@danseoffranville.fr;0616437458;www.danseoffranville.fr;49.8700615;1.0494149;2026;Bachata | Rock'n'Roll | Societe;Bachata | Rock'n'roll | Danses de salon;https://www.ffdanse.fr/structures/4297-plaisir-de-la-danse;4297-plaisir-de-la-danse
Planet swing Lannemezan dance club;affiliated;AFFILIATED_STRUCTURE;MAIRIE 1 PLACE DE LA REPUBLIQUE, siege social;65300;LANNEMEZAN;planetswing@wanadoo.fr;0687027335;www.planetswing.fr;43.1253907;0.3841698;2026;Bachata | Boogie Woogie | Danse Historique | Lindy Hop | Rock'n'Roll | Salsa | West Coast Swing;Bachata | Boogie-Woogie | Danse historique | Lindy hop | Rock'n'roll | Salsa | West Coast Swing;https://www.ffdanse.fr/structures/1298-planet-swing-lannemezan-dance-club;1298-planet-swing-lannemezan-dance-club
PLANETE DANSE;affiliated;AFFILIATED_STRUCTURE;Place de l'Hôtel de Ville, La Mothe-Achard;85150;LES ACHARDS;planetedanse85150@gmail.com;0661789632;;46.6182096;-1.6592056;2026;Contemporain | Jazz | Street Dance;Ateliers de création | Contemporain | Modern jazz | Jazz | Danses hip-hop;https://www.ffdanse.fr/structures/4591-planete-danse;4591-planete-danse
Planete danses CDS Nantes;affiliated;AFFILIATED_STRUCTURE;101 Boulevard de la Fraternité;44000;Nantes;planetedanses.cdsnantes@yahoo.fr;0663051371;planetedanses-nantes.fr;47.231353;-1.5526766;2026;Dix Danses | Latines | Lindy Hop | Rock | Societe | Standards;Danses latines | Danses standards | Lindy hop | Rock'n'roll | Danses de salon;https://www.ffdanse.fr/structures/940-planete-danses-cds-nantes;940-planete-danses-cds-nantes
PLANÈTE DANSE;affiliated;AFFILIATED_STRUCTURE;27 Chemin du Capouchine, 30900;30900;Nîmes;planetedansenimes@gmail.com;0613564468;;43.8198081;4.3525305;2026;Afro-caribéennes | Bachata | Breaking | Eveil à la Danse | Hip Hop | Jazz | Kizomba | New Style;Danses ethniques | Bachata | Breaking | Danses hip-hop | Modern jazz | Jazz | Kizomba;https://www.ffdanse.fr/structures/3559-planete-danse;3559-planete-danse
Planète danses;affiliated;AFFILIATED_STRUCTURE;15 RUE PAUL CEZANNE;78590;NOISY LE ROI;fmtimsit@wanadoo.fr;0615342870;;48.8494251;2.0587444;2026;Bachata | Dix Danses | Kizomba | Latines | Rock et DA | Rock'n'Roll | Salsa | Standards | Tango Argentin | Danse en solo Latine | Danse en solo Standard;Bachata | Danses latines | Danses standards | Kizomba | Rock sauté | Rock'n'roll | Salsa | Tango argentin;https://www.ffdanse.fr/structures/1623-planete-danses;1623-planete-danses
PLAYER THE GROUP;affiliated;AFFILIATED_STRUCTURE;51 RUE PASTEUR;09300;LAVELANET;playerthegroup@icloud.com;0695033131;https://www.facebook.com/playerthegroup;42.9325785;1.8440301;2026;Danse Show;Disco;https://www.ffdanse.fr/structures/3940-player-the-group;3940-player-the-group
PLAZABACHATA974;affiliated;AFFILIATED_STRUCTURE;11 place Ambroise Vollard, 97400;97400;SAINT DENIS;plazabachata974@gmail.com;0693413941;;-20.8905986;55.4513846;2026;Bachata | Bachata Team Couple | Bachata Team Styling | Duo bachata Shines | Teams SBK;Bachata | Salsa | Kizomba;https://www.ffdanse.fr/structures/5961-plazabachata974;5961-plazabachata974
Pleumeur country & danses;affiliated;AFFILIATED_STRUCTURE;Hotel de Ville Place de la Mairie;22560;PLEUMEUR BODOU;country-pleumeur@orange.fr;0660657204;;48.77393;-3.516973;2026;Country And Line | Danses Solo | ancien nom à supprimer;Country & line;https://www.ffdanse.fr/structures/419-pleumeur-country-danses;419-pleumeur-country-danses
PLIZZ;affiliated;AFFILIATED_STRUCTURE;03 rue d'alembert;57190;Florange;associationplizz@gmail.com;0667070745;;;;2026;Breaking | Hip Hop | Locking | Poping | Street Dance;Breaking | Danses hip-hop;https://www.ffdanse.fr/structures/5373-plizz;5373-plizz
PLPB Danse;affiliated;AFFILIATED_STRUCTURE;5 rue Lucie Aubrac;69310;PIERRE BENITE;plpbdanse@gmail.com;0612327637;www.plpbdanse.com;45.7045982;4.8238102;2026;Bachata | Barre au Sol | Cabaret | Classique | Eveil à la Danse | Jazz;Bachata | Barre au sol classique | Barre au sol contemporaine | Cabaret | Classique | Modern jazz | Jazz;https://www.ffdanse.fr/structures/4801-plpb-danse;4801-plpb-danse
Pointes et jazz;affiliated;AFFILIATED_STRUCTURE;Rue du commandant Charcot - Espace Galatée;35580;GUICHEN;pointesetjazz.guichen@gmail.com;0604155753;;47.9643765;-1.7956263;2026;Claquettes | Classique | Contemporain | Eveil à la Danse | Hip Hop | Jazz;Claquettes | Classique | Ateliers de création | Contemporain | Danses hip-hop | Modern jazz | Jazz;https://www.ffdanse.fr/structures/804-pointes-et-jazz;804-pointes-et-jazz
PolAir;affiliated;AFFILIATED_STRUCTURE;12 rue de Paris;60128;PLAILLY;studiopolair@gmail.com;0622474261;studiopolair.fr;49.1036162;2.5844768;2026;Pole Dance;Pole dance;https://www.ffdanse.fr/structures/2352-polair;2352-polair
Pole & Aerial Bassin;affiliated;AFFILIATED_STRUCTURE;17 avenue de la Croule;33115;La Teste de Buch;poleaerialbassin@gmail.com;0688877705;Https://www.poleaerialbassin.fr;44.6340078;-1.1911778;2026;Danse aérienne | Danse Verticale | Parapole Artistique | Parapole sport | Pole Dance | Pole Sport;Danses aériennes | Pole dance | Pole sport;https://www.ffdanse.fr/structures/6376-pole-aerial-bassin;6376-pole-aerial-bassin
Pole & Aerial Box;affiliated;AFFILIATED_STRUCTURE;1 avenue champ Fila;38320;Poisat;collectif.poleandaerialbox@gmail.com;0698635040;;45.1557961;5.7576436;2026;Danse aérienne | Pole Dance;Danses aériennes | Pole dance;https://www.ffdanse.fr/structures/5316-pole-aerial-box;5316-pole-aerial-box
Pole & Co;affiliated;AFFILIATED_STRUCTURE;41 avenue de Gavot;74500;Evian les bains;Poleandco74@gmail.com;0659533176;https://poleandco74.wixsite.com/pole;46.387574;6.57856;2026;Cabaret | Danse aérienne | Danse Verticale | Pole Dance;Cabaret | Danses aériennes | Pole dance;https://www.ffdanse.fr/structures/6177-pole-co;6177-pole-co
POLE AND DANCE PASSION BOURGES;affiliated;AFFILIATED_STRUCTURE;62 rue Charlet;18000;BOURGES;poleanddancebourges@gmail.com;0659758488;;47.083732;2.4074937;2026;Classique | Danse aérienne | Eveil à la Danse | Jazz | Pole Dance | Pole Sport;Classique | Danses aériennes | Modern jazz | Jazz | Pole dance | Pole sport;https://www.ffdanse.fr/structures/5820-pole-and-dance-passion-bourges;5820-pole-and-dance-passion-bourges
Pole And Dance Passion Mehun;affiliated;AFFILIATED_STRUCTURE;188 rue Jeanne d'Arc;18500;Mehun-Sur-Yèvre;poleanddancemehun@outlook.com;0608328513;https://poleanddancemehun.wixsite.com/accueil;47.1447895;2.2208067;2026;Barre au Sol | Classique | Danse aérienne | Eveil à la Danse | Jazz | Pole Dance | Pole Sport | Regards chorégraphiques;Barre au sol classique | Barre au sol contemporaine | Classique | Danses aériennes | Modern jazz | Jazz | Pole dance | Pole sport | Ateliers de création | Contemporain;https://www.ffdanse.fr/structures/3665-pole-and-dance-passion-mehun;3665-pole-and-dance-passion-mehun
Pole and flow;affiliated;AFFILIATED_STRUCTURE;25 rue de la chaudiere, bâtiment D1, ZAC de l'Arnede;30250;Sommieres;pole30250@gmail.com;0601020221;http://poleandflow.fr;43.782628;4.081562;2026;Pole Dance | Pole Sport;Pole dance | Pole sport;https://www.ffdanse.fr/structures/5308-pole-and-flow;5308-pole-and-flow
Pole ballet studio;affiliated;AFFILIATED_STRUCTURE;15 impasse le verger;97421;etang salé;poleballetstudio@gmail.com;0693030719;;-21.2612658;55.3627063;2026;Pole Dance | Pole Sport;Pole dance | Pole sport;https://www.ffdanse.fr/structures/3500-pole-ballet-studio;3500-pole-ballet-studio
Pole Club;affiliated;AFFILIATED_STRUCTURE;24 rue basse;48000;Mende;lepoleclub@gmail.com;0689432885;https://poleclub.jimdofree.com;44.5180541;3.5003371;2026;Pole Dance;Pole dance;https://www.ffdanse.fr/structures/2662-pole-club;2662-pole-club
Pole Dance & Sourires;affiliated;AFFILIATED_STRUCTURE;7 hameau Vautier, Ruffosses;50700;Saussemesnil;malemprees@gmail.com;0674868679;;49.5744169;-1.502574;2026;Pole Dance;Pole dance;https://www.ffdanse.fr/structures/6154-pole-dance-sourires;6154-pole-dance-sourires
POLE DANCE 65;affiliated;AFFILIATED_STRUCTURE;2 chemin du tydos, Centre postal, BP  20025;65101;LOURDES;flo.abbadie@wanadoo.fr;0677142070;https://poledance65.jimdofree.com;43.0949965;-0.0365577;2026;Pole Dance;Pole dance;https://www.ffdanse.fr/structures/5372-pole-dance-65;5372-pole-dance-65
Pole dance addict Meylan;affiliated;AFFILIATED_STRUCTURE;11 boulevard des Alpes;38240;Meylan;poledanceaddict@gmail.com;0616435642;www.poledanceaddict.net;45.2030878;5.7667891;2026;Pole Dance;Pole dance;https://www.ffdanse.fr/structures/871-pole-dance-addict-meylan;871-pole-dance-addict-meylan
POLE DANCE AND CO;affiliated;AFFILIATED_STRUCTURE;71 rue Ampere;31670;Labege;contact@poledanceandco31.com;0616777347;www.poledanceandco31.com;43.5479247;1.5055465;2026;Autres Danses | Pole Dance | Pole Sport;Pole dance | Pole sport;https://www.ffdanse.fr/structures/3613-pole-dance-and-co;3613-pole-dance-and-co
POLE DANCE BLAGNAC;affiliated;AFFILIATED_STRUCTURE;10 avenue Andromède;31700;BLAGNAC;sandrabarthelemy31@gmail.com;0669587793;poledanceblagnac.com;43.6550267;1.3691487;2026;Pole Dance | Pole Sport;Pole dance | Pole sport;https://www.ffdanse.fr/structures/5459-pole-dance-blagnac;5459-pole-dance-blagnac
"Pole Dance Blois ""STATUT""";recently_disaffiliated;UNAFFILIATED_STRUCTURE;144 petite rue de morest, 41350;41350;ST CLAUDE DE DIRAY;amandine@poledanceblois.com;0677651443;Poledanceblois.com;47.6097059;1.431214;;;;https://www.ffdanse.fr/structures/5966-pole-dance-blois-statut;5966-pole-dance-blois-statut
POLE DANCE CARPENTRAS;affiliated;AFFILIATED_STRUCTURE;354 ancien chemin de mazan;84200;CARPENTRAS;lolasaglietto0@gmail.com;0751614967;;44.0578092;5.0659922;2026;Danse aérienne | Danse Verticale | Parapole Artistique | Parapole sport | Pole Dance | Pole Sport;Danses aériennes | Pole dance | Pole sport;https://www.ffdanse.fr/structures/6360-pole-dance-carpentras;6360-pole-dance-carpentras
Pole Dance Centre;affiliated;AFFILIATED_STRUCTURE;187 rue de la chenille;45770;saran;contact@poledancecentre.net;0760832599;www.poledancecentre.net;47.9462454;1.899396;2026;Danse Verticale | Danse aérienne | Pole Dance | Pole Sport;Danses aériennes | Pole dance | Pole sport;https://www.ffdanse.fr/structures/5430-pole-dance-centre;5430-pole-dance-centre
Pole dance Clermont Ferrand;affiliated;AFFILIATED_STRUCTURE;16 rue des frères lumière;63100;Clermont Ferrand;ptcclermont@gmail.com;;;45.7854471;3.1288662;2026;Pole Dance;Pole dance;https://www.ffdanse.fr/structures/4233-pole-dance-clermont-ferrand;4233-pole-dance-clermont-ferrand
POLE DANCE CONCEPT RIDE;affiliated;AFFILIATED_STRUCTURE;81 rue Archambaud;97410;St Pierre;contact@poledanceconcept.re;0692427610;www.poledanceconcept.re;-21.334083;55.479799;2026;Danse Verticale | Danse aérienne | Parapole Artistique | Parapole sport | Pole Dance | Pole Sport;Danses aériennes | Pole dance | Pole sport;https://www.ffdanse.fr/structures/2640-pole-dance-concept-ride;2640-pole-dance-concept-ride
POLE DANCE CONFLANS;affiliated;AFFILIATED_STRUCTURE;80 rue general de gaulle;95120;Ermont;lasallesportsclub@gmail.com;0660925126;lasallesportsclub@gmail.com;48.9855022;2.2655389;2026;Pole Dance | Pole Sport;Pole dance | Pole sport;https://www.ffdanse.fr/structures/4987-pole-dance-conflans;4987-pole-dance-conflans
Pole Dance Destiny Évent;affiliated;AFFILIATED_STRUCTURE;17 cours des Carmes;33210;Langon;delphinepiva@icloud.com;0679723392;http://www.pole-dance-destiny.fr/;44.5547558;-0.2452961;2026;Danse Verticale | Danse aérienne | Parapole Artistique | Parapole sport | Pole Dance | Pole Sport | Hip Hop;Danses aériennes | Pole dance | Pole sport | Danses hip-hop;https://www.ffdanse.fr/structures/2546-pole-dance-destiny-event;2546-pole-dance-destiny-event
POLE DANCE DINAN;affiliated;AFFILIATED_STRUCTURE;9 rue de la Chaux;22100;DINAN;mathilde@lapetitesauvagere.bzh;0674905397;www.lapetitesauvagere.bzh;48.453258;-2.044436;2026;Barre au Sol | Cabaret | Danse Show | Danse aérienne | Danses Solo | Eveil à la Danse | Jazz | Pilates | Pole Dance | Pole Sport;Barre au sol classique | Barre au sol contemporaine | Cabaret | Disco | Danses aériennes | Modern jazz | Jazz | Pole dance | Pole sport;https://www.ffdanse.fr/structures/3968-pole-dance-dinan;3968-pole-dance-dinan
Pole Dance Marseille;affiliated;AFFILIATED_STRUCTURE;35 bis rue de la paix marcel paul;13001;Marseille;contact@poledancemarseille.com;0612535880;www.poledancemarseille.com;43.2920669;5.372946;2026;Barre au Sol | Pole Dance | Pole Sport;Barre au sol classique | Barre au sol contemporaine | Pole dance | Pole sport;https://www.ffdanse.fr/structures/2593-pole-dance-marseille;2593-pole-dance-marseille
Pole Dance Nancy;affiliated;AFFILIATED_STRUCTURE;18 rue Lafayette;54320;Maxéville;poledancenancy@gmail.com;0609112175;www.poledancenancy.com;48.7108726;6.1694436;2026;Danse Inclusive | Danse Show | Danse aérienne | Danses Solo | Parapole Artistique | Parapole sport | Pole Dance | Pole Sport | Regards chorégraphiques;Disco | Danses aériennes | Pole dance | Pole sport | Ateliers de création | Contemporain;https://www.ffdanse.fr/structures/2585-pole-dance-nancy;2585-pole-dance-nancy
Pole Dance Nîmes;affiliated;AFFILIATED_STRUCTURE;603, avenue du Docteur Fleming;30900;NIMES;contact@poledancenimes.fr;0628760478;;43.8183777;4.3192529;2026;Pole Dance;Pole dance;https://www.ffdanse.fr/structures/3069-pole-dance-nimes;3069-pole-dance-nimes
POLE DANCE PARIS;affiliated;AFFILIATED_STRUCTURE;42 rue d'Avron;75020;Paris;mariana@poledance-paris.com;0620406143;www.poledance-paris.com;48.8515983;2.4023396;2026;Pole Dance | Pole Sport;Pole dance | Pole sport;https://www.ffdanse.fr/structures/2492-pole-dance-paris;2492-pole-dance-paris
POLE DANCE ROANNE;affiliated;AFFILIATED_STRUCTURE;60 rue jean moulin;42300;Roanne;poledanceroanne@gmail.com;0621780058;;46.0304817;4.0747523;2026;Danse aérienne | Pole Dance | Pole Sport;Danses aériennes | Pole dance | Pole sport;https://www.ffdanse.fr/structures/4581-pole-dance-roanne;4581-pole-dance-roanne
Pole Dance School;affiliated;AFFILIATED_STRUCTURE;280 rue Félix Nadar;34500;Béziers;contact@poledancebeziers.com;0641763643;www.poledancebeziers.com;43.3676106;3.2215069;2026;Pole Dance;Pole dance;https://www.ffdanse.fr/structures/3119-pole-dance-school;3119-pole-dance-school
pole diam's;affiliated;AFFILIATED_STRUCTURE;26 avenue du huit mai 1945;43200;yssingeaux;polediams@gmail.com;0642023896;;45.1496183;4.1298337;2026;Pole Dance;Pole dance;https://www.ffdanse.fr/structures/5759-pole-diam-s;5759-pole-diam-s
Pole Exhibition;affiliated;AFFILIATED_STRUCTURE;10 Rue Saint-François De Sales, 13004;13004;Marseille;contact@polepositionmarseille.com;0645835643;https://polepositionmarseille.com/;43.3021861;5.4014239;2026;Pole Dance | Africaine | Afro-caribéennes | Danse aérienne | Danse Inclusive | Danse Verticale | Pole Sport | Ragga | Street Dance;Pole dance | Danses ethniques | Danses aériennes | Pole sport | Danses hip-hop;https://www.ffdanse.fr/structures/6301-pole-exhibition;6301-pole-exhibition
pole extreme;affiliated;AFFILIATED_STRUCTURE;40 bl carnot, Pole Dance Cannes;06400;cannes;pole-extreme@orange.fr;0632841677;www.ecoledepoledance.fr;43.562586;7.0162443;2026;Pole Dance;Pole dance;https://www.ffdanse.fr/structures/3097-pole-extreme;3097-pole-extreme
POLE PAR NATURE;affiliated;AFFILIATED_STRUCTURE;2144 avenue de bouconne, 31530;31530;LASSERRE;poledance31530@gmail.com;0650853295;www.poleparnature.fr;43.6289077;1.1841673;2026;Pole Dance;Pole dance;https://www.ffdanse.fr/structures/2975-pole-par-nature;2975-pole-par-nature
Pole Spirit;recently_disaffiliated;UNAFFILIATED_STRUCTURE;3 rue Robert de Flers, 3 rue Robert de Flers, 75015;75015;Paris;claire@polespiritparis.com;0171608830;polespiritparis.com;48.8504885;2.2855532;;;;https://www.ffdanse.fr/structures/5897-pole-spirit;5897-pole-spirit
Pole Sport Nova;affiliated;AFFILIATED_STRUCTURE;18 chemin Piveteau, Les Colimaçons;97436;Saint Leu;polesportnova974@gmail.com;0692169432;;-21.1347843;55.293339;2026;Pole Dance | Pole Sport;Pole dance | Pole sport;https://www.ffdanse.fr/structures/5851-pole-sport-nova;5851-pole-sport-nova
Pole Sweet Pole;affiliated;AFFILIATED_STRUCTURE;232 avenue de louate;11100;Montredon des Corbieres;polesweetpole11@gmail.com;06.86.68.99.51;http//polesweetpole.com;43.1838244;2.9392912;2026;Pole Dance | Pole Sport;Pole dance | Pole sport;https://www.ffdanse.fr/structures/5799-pole-sweet-pole;5799-pole-sweet-pole
PONT SUR DANSE;affiliated;AFFILIATED_STRUCTURE;14 rue de l’hôtel de ville;89140;Pont sur Yonne;psdanse@gmail.com;0682148553;;48.2878477;3.2039659;2026;Cabaret | Claquettes | Classique | Comedie Musicale | Contemporain | Eveil à la Danse | Jazz;Cabaret | Claquettes | Classique | Comédie musicale | Ateliers de création | Contemporain | Modern jazz | Jazz;https://www.ffdanse.fr/structures/6184-pont-sur-danse;6184-pont-sur-danse
PONTACQ DANCE;recently_disaffiliated;UNAFFILIATED_STRUCTURE;2 impasse du béout;64530;PONTACQ;pontacqdance@laposte.net;0625954444;;43.183708;-0.108925;;;;https://www.ffdanse.fr/structures/4431-pontacq-dance;4431-pontacq-dance
PPO section DANSE;recently_disaffiliated;UNAFFILIATED_STRUCTURE;14-18 place de la mairie;89140;Pont sur yonne;psdanse@gmail.com;0682148553;;48.2877319;3.2039309;;;;https://www.ffdanse.fr/structures/3282-ppo-section-danse;3282-ppo-section-danse
PRATICE POLE DANCE;affiliated;AFFILIATED_STRUCTURE;23 PROMENADE DU PRINCE IMPERIAL, SBA;64600;ANGLET;info@pole-dance-cote-basque.com;0780946464;https://www.pole-dance-cote-basque.com;43.5141677;-1.4991691;2026;Danse Verticale | Danse aérienne | Danse en solo Latine | Danse en solo Standard | Latines | Pilates | Pole Dance | Pole Sport;Danses aériennes | Danses latines | Pole dance | Pole sport;https://www.ffdanse.fr/structures/5010-pratice-pole-dance;5010-pratice-pole-dance
Premice danse;affiliated;AFFILIATED_STRUCTURE;1 rue de kerio;44410;SAINT-LYPHARD;premice.danse.2004@gmail.com;0240427768;;47.3978053;-2.3100247;2026;Classique | Jazz;Classique | Modern jazz | Jazz;https://www.ffdanse.fr/structures/943-premice-danse;943-premice-danse
Presqu’île pole dance;affiliated;AFFILIATED_STRUCTURE;21 lotissement koad bihan;29160;Crozon;presquilepoledance@gmail.com;06 14 20 08 19;https://www.instagram.com/presquilepoledance?igsh=YmFvZGt3cWNyMGNp;48.2514843;-4.4959836;2026;Cabaret | Contemporain | Danse aérienne | Danse Verticale | Parapole Artistique | Parapole sport | Pilates | Pole Dance | Pole Sport | Street Dance;Cabaret | Ateliers de création | Contemporain | Danses aériennes | Pole dance | Pole sport | Danses hip-hop;https://www.ffdanse.fr/structures/6220-presqu-ile-pole-dance;6220-presqu-ile-pole-dance
Pro Patria;affiliated;AFFILIATED_STRUCTURE;2 route de Clermont;63350;Maringues;assoc.propatria@orange.fr;0670196195;;45.9160957;3.3303802;2026;Danse en solo Latine | Standards;Danses standards;https://www.ffdanse.fr/structures/6335-pro-patria;6335-pro-patria
PRO'MOVE LATIN EVENT;affiliated;AFFILIATED_STRUCTURE;43 ter avenue du loup;64000;Pau;provomelatinevent@gmail.com;0687270885;;43.3091237;-0.3562663;2026;Bachata | Bachata Team Couple | Bachata Team Styling | Duo bachata Shines | Duo salsa Shines | Kizomba | Kizomba Chorégraphie | Kizomba Improvisation Traditionnelle | Kizomba Improvisation Urban | Latino Caraibes | OLD : Salsa, Bachata, Kizomba | Salsa | Salsa Team Couple | Salsa Team Styling | Show Latino Caraïbe | Teams SBK;Bachata | Kizomba | Danses latino-caraïbes | Salsa;https://www.ffdanse.fr/structures/6034-pro-move-latin-event;6034-pro-move-latin-event
ProviDanse;affiliated;AFFILIATED_STRUCTURE;5 rue de la Mairie;28500;Mézières-en-Drouais;provi.danse@yahoo.com;0622116113;;48.724123;1.424114;2026;Dix Danses | Latines | Societe | Standards;Danses latines | Danses standards | Danses de salon;https://www.ffdanse.fr/structures/2774-providanse;2774-providanse
PRÉCIEUSE & COMPAGNIE;affiliated;AFFILIATED_STRUCTURE;44 BIS AVENUE DES SAPINS;10800;SAINT JULIEN LES VILLAS;asso.precieuse@hotmail.com;0667987404;https://preciseusecompagnie.wixsite.com/precieuseetcompagnie;48.2794962;4.0881397;2026;Autres Danses Du Monde | Hip Hop | Orientale;Danses ethniques | Danses hip-hop;https://www.ffdanse.fr/structures/4713-precieuse-compagnie;4713-precieuse-compagnie
Pulsion;affiliated;AFFILIATED_STRUCTURE;Maison de la Danse -  2, chemin de la Combe aux Fées;13800;ISTRES;pulsion.adc@danse-istres.com;0442558181;www.danse-istres.com;43.5005738;4.9959225;2026;Africaine | Autres Danses | Bollywood | Classique | Contemporain | Danse Historique | Flamenco | Hip Hop | Indienne | Jazz | Latines | OLD : Salsa, Bachata, Kizomba | Orientale | Rock et DA | Societe;Danses ethniques | Classique | Ateliers de création | Contemporain | Danse historique | Flamenco | Danses hip-hop | Modern jazz | Jazz | Danses latines | Salsa | Bachata | Rock sauté | Danses de salon;https://www.ffdanse.fr/structures/241-pulsion;241-pulsion
Puylaurens Acrobatic Club;affiliated;AFFILIATED_STRUCTURE;335 Chemin des vignes;81110;Lescout;pacrock81@gmail.com;0688794229;https://www.facebook.com/PACR0CK;43.529338;2.124291;2026;Rock Acrobatique | Rock Formation | Rock Saute;Rock acrobatique | Rock'n'roll | Rock sauté;https://www.ffdanse.fr/structures/3585-puylaurens-acrobatic-club;3585-puylaurens-acrobatic-club
Périgord country music;affiliated;AFFILIATED_STRUCTURE;Maison des associations 12 cours Fénelon;24000;PERIGUEUX;pcm.danse24@gmail.com;06 82 90 65 55;;45.1817695;0.7206592;2026;Country And Line | Country Danse Partner - DP | Country Danse en Couple - DC | Country Danse en Couple - DC Pro AM | Country Danse en Formation - DF Cabaret Team | Country Danse en Formation - DF Crea Team | Country Danse en Formation - DF Loisirs Team | Country Danse en Formation - DF Quad | Country Danse en Formation - DF Show Team | Country Danse en Ligne - DL Pop Line | Country Danse en ligne - DL | Country Ecriture Choregraphique - EC | DC Pro AM | Square Dance;Country & line | Danses traditionnelles;https://www.ffdanse.fr/structures/446-perigord-country-music;446-perigord-country-music
Pôle Ascendance;affiliated;AFFILIATED_STRUCTURE;110 rue du champ moyen;54710;Fleville-devant-nancy;pole.ascendance@gmail.com;0635319266;;48.6171923;6.2058254;2026;Barre au Sol | Contemporain | Danse Show | Danse Verticale | Jazz | Pilates | Pole Dance | Pole Sport | Street Dance;Barre au sol classique | Barre au sol contemporaine | Ateliers de création | Contemporain | Disco | Danses aériennes | Modern jazz | Jazz | Pole dance | Pole sport | Danses hip-hop;https://www.ffdanse.fr/structures/6109-pole-ascendance;6109-pole-ascendance
Quality Street Dance;affiliated;AFFILIATED_STRUCTURE;41 rue Maréchal Joffre;56700;Hennebont;quality.street.asso@live.fr;0643506884;https://qualitystreetdance.fr/;47.8066113;-3.2763552;2026;Barre au Sol | Breaking | Eveil à la Danse | Hip Hop | House | Jazz | Locking | Orientale | Ragga | Zumba | Contemporain;Barre au sol classique | Barre au sol contemporaine | Breaking | Danses hip-hop | Modern jazz | Jazz | Danses ethniques | Zumba | Ateliers de création | Contemporain;https://www.ffdanse.fr/structures/3870-quality-street-dance;3870-quality-street-dance
Que la vie soit une danse;affiliated;AFFILIATED_STRUCTURE;12 Place Saint Pierre;31810;venerque;lvsud01072017@gmail.com;0769425127;;43.4331116;1.4436178;2026;Bachata | Boogie Woogie | Danse Inclusive | Disco | Dix Danses | Latines | Lindy Hop | Salsa | Societe | Standards;Bachata | Boogie-Woogie | Disco | Danses latines | Danses standards | Lindy hop | Salsa | Danses de salon;https://www.ffdanse.fr/structures/2104-que-la-vie-soit-une-danse;2104-que-la-vie-soit-une-danse
Quentin country line dance;affiliated;AFFILIATED_STRUCTURE;11 rue Maurice Trintignant;78990;Elancourt;quentincountrylinedance@gmail.com;0609776067;;48.7936791;1.9636081;2026;Country And Line;Country & line;https://www.ffdanse.fr/structures/1616-quentin-country-line-dance;1616-quentin-country-line-dance
Quentin GREMILLET;affiliated;AFFILIATED_STRUCTURE;807 - 811 Allée André Revol Ile Girodet;26500;bourg les valence;quentindanse@outlook.fr;0982288028;;44.9446043;4.8855146;2026;Autres Danses | Autres Danses Du Monde | Barre au Sol | Breaking | Cabaret | Claquettes | Classique | Comedie Musicale | Contemporain | Eveil à la Danse | Hip Hop | Jazz | Latines | Locking | New Style | Orientale | Pole Dance | Rock et DA | Rock'n'Roll | Salsa | Societe | Standards | Street Dance | West Coast Swing | Zumba;Danses ethniques | Barre au sol classique | Barre au sol contemporaine | Breaking | Cabaret | Claquettes | Classique | Comédie musicale | Ateliers de création | Contemporain | Danses hip-hop | Modern jazz | Jazz | Danses latines | Pole dance | Rock sauté | Rock'n'roll | Salsa | Danses de salon | Danses standards | West Coast Swing | Zumba;https://www.ffdanse.fr/structures/478-quentin-gremillet;478-quentin-gremillet
QUICK DANCE AND FITNESS;affiliated;AFFILIATED_STRUCTURE;8 COURS NATIONAL;13690;GRAVESON;quickdanceandfitness@yahoo.com;0642461734;;43.8510372;4.7733251;2026;Autres Danses | Eveil à la Danse | Societe | Zumba;Danses de salon | Zumba;https://www.ffdanse.fr/structures/4646-quick-dance-and-fitness;4646-quick-dance-and-fitness
Quimper happy country & line dance;recently_disaffiliated;UNAFFILIATED_STRUCTURE;16 rue Olympe de Gouges;29000;QUIMPER;quimperhappycountry@orange.fr;02.98.70.62.56;;47.9815717;-4.0486413;;;;https://www.ffdanse.fr/structures/547-quimper-happy-country-line-dance;547-quimper-happy-country-line-dance
Rainbow Evidanse;affiliated;AFFILIATED_STRUCTURE;8 rue du Général Renault, Maison des associations du 11ème - Boite 149;75011;Paris;rainbowevidanse.contact@gmail.com;0681498819;https://www.rainbowevidanse.fr/;48.8613039;2.3785801;2026;Bachata | Danse Inclusive | Dix Danses | Latines | Lindy Hop | Rock | Salsa | Societe | Standards | Tango Argentin | West Coast Swing;Bachata | Danses latines | Danses standards | Lindy hop | Rock'n'roll | Salsa | Danses de salon | Tango argentin | West Coast Swing;https://www.ffdanse.fr/structures/1492-rainbow-evidanse;1492-rainbow-evidanse
raqs hayati;affiliated;AFFILIATED_STRUCTURE;20 RUE DU COLOMBIER;24800;THIVIERS;raqs.hayati@gmail.com;0623817461;;45.4110162;0.920171;2026;Orientale;Danses ethniques;https://www.ffdanse.fr/structures/3553-raqs-hayati;3553-raqs-hayati
RCA - Ranch Country Attitude;affiliated;AFFILIATED_STRUCTURE;Maison des Associations 54 Rue Coquard;47300;VILLENEUVE SUR LOT;ranchcountry47rca@gmail.com;0640090401;;44.4008632;0.7024782;2026;Country And Line;Country & line;https://www.ffdanse.fr/structures/1008-rca-ranch-country-attitude;1008-rca-ranch-country-attitude
Re.Be.Ca;affiliated;AFFILIATED_STRUCTURE;Le bourg, La Médiathèque;33750;BEYCHAC ET CAILLEAU;contact@asso-rebeca.com;05.56.72.86.55;;44.8733354;-0.3701276;2026;Afro-contemporaine | Classique | Contemporain | Eveil à la Danse | Hip Hop | Jazz | Street Dance;Afro-jazz | Classique | Ateliers de création | Contemporain | Danses hip-hop | Modern jazz | Jazz;https://www.ffdanse.fr/structures/4579-re-be-ca;4579-re-be-ca
READY TO LINE DANCE;affiliated;AFFILIATED_STRUCTURE;26 rue Lepeletier de St fargeau;78260;ACHERES;linedance78@gmail.com;0669064350;;48.960796;2.0700219;2026;Country And Line | Country Danse en Couple - DC | Country Danse en Couple - DC Pro AM | Country Danse en Formation - DF Cabaret Team | Country Danse en Formation - DF Crea Team | Country Danse en Formation - DF Loisirs Team | Country Danse en Formation - DF Quad | Country Danse en Formation - DF Show Team | Country Danse en ligne - DL | Country Danse en Ligne - DL Pop Line | Country Danse Partner - DP | Country Ecriture Choregraphique - EC | DC Pro AM;Country & line;https://www.ffdanse.fr/structures/5408-ready-to-line-dance;5408-ready-to-line-dance
REKREADANSE 974;affiliated;AFFILIATED_STRUCTURE;17, rue des Barbadines;97438;Sainte-Marie;rekreadanse974@gmail.com;+262692073319;;-20.9019375;55.5440986;2026;Country And Line | Country Ecriture Choregraphique - EC | Country Danse en Couple - DC | Country Danse en Couple - DC Pro AM | Country Danse en Formation - DF Cabaret Team | Country Danse en Formation - DF Crea Team | Country Danse en Formation - DF Duo | Country Danse en Formation - DF Loisirs Team | Country Danse en Formation - DF Quad | Country Danse en Formation - DF Show Team | Country Danse en ligne - DL | Country Danse en Ligne - DL Pop Line | Country Danse Partner - DP | DC Pro AM;Country & line;https://www.ffdanse.fr/structures/4644-rekreadanse-974;4644-rekreadanse-974
REVE'DANSE;affiliated;AFFILIATED_STRUCTURE;place Leon Cochard, salle Nathalie Riflard;49220;Le Lion d'Angers;presidence.revedanse@outlook.fr;0768243830;https://revedanse.site123.me;47.6249561;-0.7184927;2026;Classique | Jazz | Zumba;Classique | Modern jazz | Jazz | Zumba;https://www.ffdanse.fr/structures/4191-reve-danse;4191-reve-danse
RG COMPAGNY;affiliated;AFFILIATED_STRUCTURE;RUE ETIENNE DOLET;13160;CHATEAURENARD;rgacademie13160@gmail.com;0788580321;;43.8838547;4.8500764;2026;Comedie Musicale;Comédie musicale;https://www.ffdanse.fr/structures/6244-rg-compagny;6244-rg-compagny
RHYTHM'N DANCE 56;affiliated;AFFILIATED_STRUCTURE;2 rue Louis Bodélio, Colette GAUTHIER;56100;LORIENT;gauthiercolette@orange.fr;0297645571;rhythmdance56.home.blog;47.74752;-3.3579931;2026;Dix Danses | Latines | Latino Caraibes | OLD : Salsa, Bachata, Kizomba | Rock'n'Roll | Societe | Standards | West Coast Swing;Danses latines | Danses standards | Danses latino-caraïbes | Salsa | Bachata | Rock'n'roll | Danses de salon | West Coast Swing;https://www.ffdanse.fr/structures/2350-rhythm-n-dance-56;2350-rhythm-n-dance-56
RIA DANSE;recently_disaffiliated;UNAFFILIATED_STRUCTURE;2 rue Paul Le Roux;56690;NOSTANG;ria.danse@gmail.com;0610995248;;47.7496262;-3.1884882;;;;https://www.ffdanse.fr/structures/4621-ria-danse;4621-ria-danse
Ribo Totem;affiliated;AFFILIATED_STRUCTURE;3 place Berckheim Maison Jeanne d'Arc;68150;RIBEAUVILLE;ribototemdanse@gmail.com;06 31 20 89 67;http://www.ribototem.fr/2012/crbst_11.html;48.1935929;7.3211718;2026;Bachata | Classique | Contemporain | Eveil à la Danse | Hip Hop | Latines | Regards chorégraphiques | Rock | Salsa | Societe;Bachata | Classique | Ateliers de création | Contemporain | Danses hip-hop | Danses latines | Rock'n'roll | Salsa | Danses de salon;https://www.ffdanse.fr/structures/1355-ribo-totem;1355-ribo-totem
Rilhac danse;affiliated;AFFILIATED_STRUCTURE;Mairie - Rue du Peyrou;87570;RILHAC RANCON;rilhacdanse@gmail.com;0670018957;;;;2026;Societe | Zumba;Danses de salon | Zumba;https://www.ffdanse.fr/structures/1819-rilhac-danse;1819-rilhac-danse
Rillieux danse club;affiliated;AFFILIATED_STRUCTURE;87 ter route de Genève;69140;RILLIEUX LA PAPE;aglopez@free.fr;0478970644;;45.8076612;4.8936806;2026;Boogie Woogie | Formation Rock Girls | Formation Rock Juniors | Formation Rock Ladies | Formation Rock Main Class | Formation Rock Main Class Quattro | Hip Hop | Jazz | Latines | Rock Acrobatique | Rock Acrobatique Fédéral | Rock Artistique Fédéral | Rock Children | Rock Couple Dance Show | Rock Juniors | Rock Juveniles | Rock Main Class Contact Style | Rock Main Class Free Style | Rock Saute | Rock et DA | Rock'n Roll Fédéral | Rock'n'Roll | Small Formation Rock Ladies | Small formation Rock Girls | Standards | West Coast Swing;Boogie-Woogie | Danses hip-hop | Modern jazz | Jazz | Danses latines | Rock acrobatique | Rock'n'roll | Rock sauté | Danses standards | West Coast Swing;https://www.ffdanse.fr/structures/1370-rillieux-danse-club;1370-rillieux-danse-club
Riviera Danse;affiliated;AFFILIATED_STRUCTURE;Mairie place Général de Gaulle;06370;MOUANS-SARTOUX;riviera_danse@hotmail.fr;0626015070;www.rivieradanse.fr;43.6204056;6.9703894;2026;Autres Danses | Dix Danses | Latines | OLD : Salsa, Bachata, Kizomba | Rock'n'Roll | Standards | Tango Argentin;Danses latines | Danses standards | Salsa | Bachata | Rock'n'roll | Tango argentin;https://www.ffdanse.fr/structures/159-riviera-danse;159-riviera-danse
RK DANSE;affiliated;AFFILIATED_STRUCTURE;82 Rue Victor Clairet, 77910;77910;VARREDDES - VARREDDES;hallier.chantal@wanadoo.fr;0638655795;;49.0060213;2.9320587;2026;Eveil à la Danse | Jazz;Modern jazz | Jazz;https://www.ffdanse.fr/structures/4323-rk-danse;4323-rk-danse
Rock 'n Style;affiliated;AFFILIATED_STRUCTURE;660 rue d'Alco;34080;MONTPELLIER;info@rocknstyle.fr;0467750606;www.rocknstyle.fr;43.6171318;3.8401878;2026;Dix Danses | Latines | Lindy Hop | OLD : Salsa, Bachata, Kizomba | Rock et DA | Rock'n'Roll | Societe | Standards;Danses latines | Danses standards | Lindy hop | Salsa | Bachata | Rock sauté | Rock'n'roll | Danses de salon;https://www.ffdanse.fr/structures/759-rock-n-style;759-rock-n-style
Rock 'n' Friends;affiliated;AFFILIATED_STRUCTURE;8 rue Ernest Deceuninck, Chez Me COCHETEUX Angéla;59280;ARMENTIERES;rnfasso@gmail.com;0663969401;rockandfriends.com;50.6843028;2.8819028;2026;Boogie Woogie | Danses Solo | Rock | Rock et DA | Rock'n'Roll;Boogie-Woogie | Rock'n'roll | Rock sauté;https://www.ffdanse.fr/structures/3322-rock-n-friends;3322-rock-n-friends
Rock and swing Var by Danse Thérapie;affiliated;AFFILIATED_STRUCTURE;Mr MANGANARO Bruno, 707 Vieux chemin des sablettes, 9 hameau de Beauchamp;83500;La Seyne sur Mer;carolebruno@cours-rock-swing-var.fr;0618056936;http://cours-rock-swing-var.fr;43.102976;5.878219;2026;Danse en solo Standard | Lindy Hop | Rock'n'Roll | West Coast Swing;Lindy hop | Rock'n'roll | West Coast Swing;https://www.ffdanse.fr/structures/1723-rock-and-swing-var-by-danse-therapie;1723-rock-and-swing-var-by-danse-therapie
ROCK CLUB Ribaute les Tavernes;affiliated;AFFILIATED_STRUCTURE;204 impasse du mas d'auzon;30720;RIBAUTE LES TAVERNES;nathalie.itier-boutonnet@wanadoo.fr;0466838224;;44.0418961;4.0799421;2026;Boogie Woogie | Claquettes | Danse en solo Latine | Eveil à la Danse | Lindy Hop | Rock Acrobatique | Rock Formation | Rock Saute | Rock et DA | Rock'n'Roll | Societe | West Coast Swing;Boogie-Woogie | Claquettes | Lindy hop | Rock acrobatique | Rock'n'roll | Rock sauté | Danses de salon | West Coast Swing;https://www.ffdanse.fr/structures/584-rock-club-ribaute-les-tavernes;584-rock-club-ribaute-les-tavernes
Rock dance Ambert;affiliated;AFFILIATED_STRUCTURE;15 avenue du 11 Novembre;63600;AMBERT;rockdanceambert@laposte.net;0609724095;;45.549208;3.7376752;2026;Boogie Woogie | Lindy Hop | Rock Formation | Rock Saute | Rock et DA | Rock'n'Roll;Boogie-Woogie | Lindy hop | Rock'n'roll | Rock sauté;https://www.ffdanse.fr/structures/1240-rock-dance-ambert;1240-rock-dance-ambert
Rock dance attitude;affiliated;AFFILIATED_STRUCTURE;23 rue auguste CHABAUD;26700;PIERRELATTE;rockdance.pierrelatte@wanadoo.fr;0671035486;;44.3713274;4.718209;2026;Boogie Formation | Boogie Juniors | Boogie Main Class | Boogie Rising Star | Boogie Seniors | Boogie Woogie | Boogie Woogie Fédéral | Formation Rock Girls | Formation Rock Juniors | Formation Rock Ladies | Formation Rock Main Class | Formation Rock Main Class Quattro | Lindy Hop | Lindy Hop Fédéral | Rock | Rock Acrobatique | Rock Acrobatique Fédéral | Rock Artistique Fédéral | Rock Children | Rock Couple Dance Show | Rock Formation | Rock Juniors | Rock Juveniles | Rock Main Class Contact Style | Rock Main Class Free Style | Rock Saute | Rock et DA | Rock'n Roll Fédéral | Rock'n'Roll | Small Formation Rock Ladies | Small formation Rock Girls | West Coast Swing | Team Show;Boogie-Woogie | Lindy hop | Rock'n'roll | Rock acrobatique | Rock sauté | West Coast Swing;https://www.ffdanse.fr/structures/476-rock-dance-attitude;476-rock-dance-attitude
Rock Latino Dance;affiliated;AFFILIATED_STRUCTURE;1 impasse Aoueranede, 31390;31390;MARQUEFAVE;rldmarquefave@gmail.com;0619269423;;43.3125962;1.2361131;2026;Bachata | Latines | Rock'n'Roll | Salsa;Bachata | Danses latines | Rock'n'roll | Salsa;https://www.ffdanse.fr/structures/4860-rock-latino-dance;4860-rock-latino-dance
Rock o Barp;affiliated;AFFILIATED_STRUCTURE;37 avenue des Pyrénées, siège social mairie du Barp;33114;Le Barp;rockobarp@outlook.fr;06 66 23 00 38;https://rockobarp.jimdo.com/;44.6055309;-0.7701969;2026;Boogie Woogie | Rock et DA | Rock'n'Roll | Rock;Boogie-Woogie | Rock sauté | Rock'n'roll;https://www.ffdanse.fr/structures/727-rock-o-barp;727-rock-o-barp
Rock retro rythme;affiliated;AFFILIATED_STRUCTURE;Route d'Agliani;20600;BASTIA;cognetmichel@hotmail.fr;0613376064;;42.6712792;9.42967;2026;Country And Line | Latines | Rock et DA | Rock'n'Roll | Societe | Standards | Tango Argentin;Country & line | Danses latines | Rock sauté | Rock'n'roll | Danses de salon | Danses standards | Tango argentin;https://www.ffdanse.fr/structures/557-rock-retro-rythme;557-rock-retro-rythme
Rock Swing & Boogie Band;affiliated;AFFILIATED_STRUCTURE;27 rue Jean Bart;59000;LILLE;franck.heintze@wanadoo.fr;0612366260;;50.6279216;3.065548;2026;Boogie Woogie | Lindy Hop | Rock Saute | Rock'n'Roll;Boogie-Woogie | Lindy hop | Rock sauté | Rock'n'roll;https://www.ffdanse.fr/structures/4334-rock-swing-boogie-band;4334-rock-swing-boogie-band
ROCK'N LINE FAMILY;affiliated;AFFILIATED_STRUCTURE;53 Boulevard du 8 Mai 1945, Viilla Constance  entrée B;06730;ST ANDRE DE LA ROCHE;tine.salva@wanadoo.fr;0634543718;;43.7366753;7.2878415;2026;Country And Line;Country & line;https://www.ffdanse.fr/structures/4131-rock-n-line-family;4131-rock-n-line-family
Rock'N Lompret;affiliated;AFFILIATED_STRUCTURE;15 Route de Pérenchies;59840;LOMPRET;montois.benoit@gmail.com;0626127192;;50.673703;2.9854761;2026;Bachata | Rock et DA | Salsa;Bachata | Rock sauté | Salsa;https://www.ffdanse.fr/structures/4089-rock-n-lompret;4089-rock-n-lompret
ROCK'N ROLL DANCE CREW;affiliated;AFFILIATED_STRUCTURE;1155 avenue de la salanque, 1 MAS DE LA TOURRE;66420;LE BARCARES;contact@rock-dance-crew.fr;+33627498495;;42.7809074;3.0322644;2026;Bachata | Boogie Woogie | Danses Solo | Kizomba | Latines | Lindy Hop | Rock et DA | Rock'n'Roll | Salsa | Societe | Standards | West Coast Swing | Eveil à la Danse | Jazz | Street Dance;Bachata | Boogie-Woogie | Kizomba | Danses latines | Lindy hop | Rock sauté | Rock'n'roll | Salsa | Danses de salon | Danses standards | West Coast Swing | Modern jazz | Jazz | Danses hip-hop;https://www.ffdanse.fr/structures/4433-rock-n-roll-dance-crew;4433-rock-n-roll-dance-crew
Rock'n swing sur la cote;recently_disaffiliated;UNAFFILIATED_STRUCTURE;"30 rue Henry Gerard, centre socio culturel ""les sources""";38260;la côte saint andré;cedric.sauer@yahoo.fr;0608939499;;45.3871868;5.2589176;;;;https://www.ffdanse.fr/structures/6027-rock-n-swing-sur-la-cote;6027-rock-n-swing-sur-la-cote
Rock'N'Brother - L’Arbresle;affiliated;AFFILIATED_STRUCTURE;14 rue des 3 maures;69210;L'Arbresle;laurent@sacco-danse.com;0478648915;;45.8372464;4.6173112;2026;Boogie Woogie | Claquettes | Classique | Dix Danses | Hip Hop | Jazz | Latines | Lindy Hop | OLD : Salsa, Bachata, Kizomba | Rock Acrobatique | Rock Formation | Rock Saute | Rock et DA | Rock'n'Roll | Societe | Standards | Tango Argentin | West Coast Swing;Boogie-Woogie | Claquettes | Classique | Danses latines | Danses standards | Danses hip-hop | Modern jazz | Jazz | Lindy hop | Salsa | Bachata | Rock acrobatique | Rock'n'roll | Rock sauté | Danses de salon | Tango argentin | West Coast Swing;https://www.ffdanse.fr/structures/1369-rock-n-brother-l-arbresle;1369-rock-n-brother-l-arbresle
Rockabenett;affiliated;AFFILIATED_STRUCTURE;Studio danse Benett 32 route de Brignais RD 42 La Chapelle de Beaunant;69630;ChAPONOST;rockabenett@free.fr;;;45.7167633;4.7769326;2026;Boogie Formation | Boogie Juniors | Boogie Main Class | Boogie Rising Star | Boogie Seniors | Boogie Woogie | Boogie Woogie Fédéral | Formation Rock Girls | Formation Rock Juniors | Formation Rock Ladies | Formation Rock Main Class | Formation Rock Main Class Quattro | Lindy Hop Fédéral | Lindy Hop Junior | Lindy Hop Main Class | Lindy Hop Senior 1 | Lindy Hop Senior 2 | Lindy Hop Show case | Rock Acrobatique Fédéral | Rock Artistique Fédéral | Rock Children | Rock Couple Dance Show | Rock Formation | Rock Juniors | Rock Juveniles | Rock Main Class Contact Style | Rock Main Class Free Style | Rock Saute | Rock et DA | Rock'n Roll Fédéral | Small Formation Rock Ladies | Small formation Rock Girls | Team Show;Boogie-Woogie | Rock'n'roll | Rock sauté;https://www.ffdanse.fr/structures/1389-rockabenett;1389-rockabenett
Rockin Family;affiliated;AFFILIATED_STRUCTURE;14 avenue St Augustin, Impasse gastaud;06200;Nice;tine.salva@wanadoo.fr;0603341002;;43.6795931;7.228925;2026;Country And Line | Square Dance;Country & line | Danses traditionnelles;https://www.ffdanse.fr/structures/179-rockin-family;179-rockin-family
Rocking club center de bretagne;affiliated;AFFILIATED_STRUCTURE;kermarec, 317;56110;Gourin;martin.armelle@outlook.fr;0668833753;;48.121207;-3.5991784;2026;Autres Danses | Autres Danses Du Monde | Boogie Woogie | Country And Line | OLD : Salsa, Bachata, Kizomba | Rock Acrobatique | Rock Formation | Rock Saute | Rock et DA | Rock'n'Roll | ancien nom à supprimer;Danses ethniques | Boogie-Woogie | Country & line | Salsa | Bachata | Rock acrobatique | Rock'n'roll | Rock sauté;https://www.ffdanse.fr/structures/1085-rocking-club-center-de-bretagne;1085-rocking-club-center-de-bretagne
Rocking club VALSERHONE;affiliated;AFFILIATED_STRUCTURE;CENTRE J. MARINET 2 ruelle des Arts, BELLEGARDE SUR VALSERINE;01200;VALSERHONE;rcbbellegarde400@gmail.com;0682188774;;46.1087579;5.8280543;2026;Bachata | Bachata Team Couple | Bachata Team Styling | Boogie Woogie | Comedie Musicale | Duo bachata Shines | Duo salsa Shines | Formation Rock Girls | Formation Rock Juniors | Formation Rock Ladies | Formation Rock Main Class | Formation Rock Main Class Quattro | Kizomba | Kizomba Chorégraphie | Rock | Rock Acrobatique | Rock Acrobatique Fédéral | Rock Artistique Fédéral | Rock Children | Rock Couple Dance Show | Rock Formation | Rock Juniors | Rock Juveniles | Rock Main Class Contact Style | Rock Main Class Free Style | Rock Saute | Rock et DA | Rock'n Roll Fédéral | Rock'n'Roll | Salsa | Salsa Team Couple | Salsa Team Styling | Small Formation Rock Ladies | Small formation Rock Girls | Teams SBK | Latino Caraibes | Show Latino Caraïbe;Bachata | Boogie-Woogie | Comédie musicale | Kizomba | Rock'n'roll | Rock acrobatique | Rock sauté | Salsa | Danses latino-caraïbes;https://www.ffdanse.fr/structures/105-rocking-club-valserhone;105-rocking-club-valserhone
ROCK’N’BROTHERS – Tarare;affiliated;AFFILIATED_STRUCTURE;7 avenue joseph riviere;69170;tarare;sacco.laurent@free.fr;0664734937;;45.8993152;4.4316983;2026;Boogie Woogie | Hip Hop | Latines | OLD : Salsa, Bachata, Kizomba | Rock et DA | Rock'n'Roll | Tango Argentin;Boogie-Woogie | Danses hip-hop | Danses latines | Salsa | Bachata | Rock sauté | Rock'n'roll | Tango argentin;https://www.ffdanse.fr/structures/1393-rock-n-brothers-tarare;1393-rock-n-brothers-tarare
ROEZUMBA;affiliated;AFFILIATED_STRUCTURE;15, Rue de la Mairie;72210;Roëzé sur Sarthe;roezumba72@gmail.com;0684576373;;47.8948704;0.0674892;2026;Zumba;Zumba;https://www.ffdanse.fr/structures/2142-roezumba;2142-roezumba
Roller Skating Pirates;affiliated;AFFILIATED_STRUCTURE;12 RUE DES GARONNES;95110;SANNOIS;rollerskatingpirates@gmail.com;0668998656;https://rollerskatingpirates.wordpress.com/;48.9760929;2.2578795;2026;Transversal;;https://www.ffdanse.fr/structures/5613-roller-skating-pirates;5613-roller-skating-pirates
Roq'Attitudes;affiliated;AFFILIATED_STRUCTURE;place de la mairie, Mairie de Roquetoire;62120;ROQUETOIRE;roqattitudes@gmail.com;0641762371;;50.6705976;2.3421205;2026;Autres Danses | Contemporain | Jazz;Ateliers de création | Contemporain | Modern jazz | Jazz;https://www.ffdanse.fr/structures/1214-roq-attitudes;1214-roq-attitudes
ROSA;affiliated;AFFILIATED_STRUCTURE;2 Impasse des Santolines;13103;Mas Blanc des Alpilles;laurierosa@hotmail.fr;0611204117;;43.7905587;4.7627243;2026;Pole Dance;Pole dance;https://www.ffdanse.fr/structures/5830-rosa;5830-rosa
Rouen Cité Jeunes - M.J.C.;affiliated;AFFILIATED_STRUCTURE;Place de Hanovre;76100;ROUEN;direction@mjcrouenrivegauche.org;0232815360;www.mjcrouenrivegauche.org;49.4316311;1.0805226;2026;Hip Hop | OLD : Salsa, Bachata, Kizomba | Zumba;Danses hip-hop | Salsa | Bachata | Zumba;https://www.ffdanse.fr/structures/1508-rouen-cite-jeunes-m-j-c;1508-rouen-cite-jeunes-m-j-c
Roye country road;affiliated;AFFILIATED_STRUCTURE;30 Rue De La Liberté;80700;ROYE;royecountryroad@gmail.com;0684208502;;49.7006537;2.7824595;2026;Country And Line;Country & line;https://www.ffdanse.fr/structures/1641-roye-country-road;1641-roye-country-road
Rueil Culture Loisirs;affiliated;AFFILIATED_STRUCTURE;3 rue du Prince Eugène;92500;RUEIL MALMAISON;wanda.jankovic@rueilcultureloisirs.fr;0147323562;;48.8739416;2.1698334;2026;Classique | Jazz | Orientale;Classique | Modern jazz | Jazz | Danses ethniques;https://www.ffdanse.fr/structures/1898-rueil-culture-loisirs;1898-rueil-culture-loisirs
Run Bboy Connexion;affiliated;AFFILIATED_STRUCTURE;18 Place Prosper Mérimée, 97420;97420;Le Port;assorunbboyconnexion@gmail.com;0693872793;https://www.runbboy.com/;-20.9579258;55.3153846;2026;Breaking | Hip Hop | Street Dance;Breaking | Danses hip-hop;https://www.ffdanse.fr/structures/5023-run-bboy-connexion;5023-run-bboy-connexion
RUN TEAM COUNTRY POP& LINE 974;affiliated;AFFILIATED_STRUCTURE;4 Rue Auguste Lacaussade, 97420;97420;Le Port;runteamcountrypopline974@gmail.com;0693838945;;42.867945;1.372902;2026;Country And Line | Country Danse Partner - DP | Country Danse en Couple - DC | Country Danse en Couple - DC Pro AM | Country Danse en Formation - DF Cabaret Team | Country Danse en Formation - DF Crea Team | Country Danse en Formation - DF Duo | Country Danse en Formation - DF Loisirs Team | Country Danse en Formation - DF Quad | Country Danse en Formation - DF Show Team | Country Danse en Ligne - DL Pop Line | Country Danse en ligne - DL | Country Ecriture Choregraphique - EC | DC Pro AM;Country & line;https://www.ffdanse.fr/structures/6207-run-team-country-pop-line-974;6207-run-team-country-pop-line-974
Rythm and Dance Studio;affiliated;AFFILIATED_STRUCTURE;Mairie de Mouans Sartoux;06370;MOUANS SARTOUX;scmsdansejazz@orange.fr;0616249189;;43.6204056;6.9703894;2026;Hip Hop | Jazz | Pilates | Ragga | Street Dance;Danses hip-hop | Modern jazz | Jazz;https://www.ffdanse.fr/structures/152-rythm-and-dance-studio;152-rythm-and-dance-studio
Rythm Jazz Danse;affiliated;AFFILIATED_STRUCTURE;72 rue saint fiacre;44150;Ancenis Saint Géréon;bossevalerie@orange.fr;0661862006;;47.3657646;-1.1842164;2026;Contemporain | Hip Hop | Jazz | Street Dance | Zumba;Ateliers de création | Contemporain | Danses hip-hop | Modern jazz | Jazz | Zumba;https://www.ffdanse.fr/structures/4198-rythm-jazz-danse;4198-rythm-jazz-danse
RYTHM' ET DANSE;affiliated;AFFILIATED_STRUCTURE;16 Rue des Poilus, Maison des associations;33290;PAREMPUYRE;rythmetdanse2@gmail.com;06 60 08 19 80;https://rythm-et-danse-parempuyre.kalisport.com/;44.947674;-0.604926;2026;Latines | Rock'n'Roll | Salsa | Societe | Standards;Danses latines | Rock'n'roll | Salsa | Danses de salon | Danses standards;https://www.ffdanse.fr/structures/4711-rythm-et-danse;4711-rythm-et-danse
Rythm'n country boots;affiliated;AFFILIATED_STRUCTURE;27 allée du sud;97431;la plaine des palmistes;rythmncountryboots@gmail.com;0692314583;;-21.1341424;55.6248899;2026;Country And Line;Country & line;https://www.ffdanse.fr/structures/2032-rythm-n-country-boots;2032-rythm-n-country-boots
Rythm'N Dance;affiliated;AFFILIATED_STRUCTURE;40 Rue Jules Ferry;10600;La Chapelle Saint-Luc;bureau.rnd@rythm-dance.com;0643407216;www.rythm-dance.com;48.3205817;4.0554003;2026;Rock et DA | Rock'n'Roll | Salsa | West Coast Swing;Rock sauté | Rock'n'roll | Salsa | West Coast Swing;https://www.ffdanse.fr/structures/205-rythm-n-dance;205-rythm-n-dance
rythm'n'danse;affiliated;AFFILIATED_STRUCTURE;26 rue caraca;69520;grigny;sacco.laurent@free.fr;0664734937;;45.6082782;4.793685;2026;Boogie Woogie | Hip Hop | Latines | Lindy Hop | OLD : Salsa, Bachata, Kizomba | Rock Saute | Rock et DA | Rock'n'Roll | Societe | Tango Argentin | West Coast Swing;Boogie-Woogie | Danses hip-hop | Danses latines | Lindy hop | Salsa | Bachata | Rock sauté | Rock'n'roll | Danses de salon | Tango argentin | West Coast Swing;https://www.ffdanse.fr/structures/2901-rythm-n-danse;2901-rythm-n-danse
Rythme Club Panissiérois;affiliated;AFFILIATED_STRUCTURE;9 rue Waldeck Rousseau Le St antoine;42360;Panissières;rcpdanse@gmail.com;0680511102;;45.7909025;4.3379339;2026;Bachata | Danse en solo Latine | Dix Danses | Kizomba | Latines | Rock | Salsa | Standards;Bachata | Danses latines | Danses standards | Kizomba | Rock'n'roll | Salsa;https://www.ffdanse.fr/structures/4365-rythme-club-panissierois;4365-rythme-club-panissierois
Rythme danse St Joachim;affiliated;AFFILIATED_STRUCTURE;57 Rue du Stade;44720;SAINT-JOACHIM;rythmedansestjoachim@gmail.com;0674906148;;47.3674954;-2.1915496;2026;Jazz | Transversal;Modern jazz | Jazz;https://www.ffdanse.fr/structures/957-rythme-danse-st-joachim;957-rythme-danse-st-joachim
Rythmes et Loisirs;affiliated;AFFILIATED_STRUCTURE;Maison des associations - Rue Maurice Delarue;27700;LES ANDELYS;rythmesetloisirs@hotmail.fr;0681870500;;49.2460641;1.4050914;2026;Contemporain | Hip Hop | Jazz;Ateliers de création | Contemporain | Danses hip-hop | Modern jazz | Jazz;https://www.ffdanse.fr/structures/495-rythmes-et-loisirs;495-rythmes-et-loisirs
Régina Danse 92;affiliated;AFFILIATED_STRUCTURE;BP19;92340;BOURG LA REINE;reginadanse92@gmail.com;0684784738;;48.77696;2.314025;2026;Bachata | Latines | Rock et DA | Salsa | Standards;Bachata | Danses latines | Rock sauté | Salsa | Danses standards;https://www.ffdanse.fr/structures/1900-regina-danse-92;1900-regina-danse-92
Rési'Danse 4ème Art;affiliated;AFFILIATED_STRUCTURE;Mairie, place Jacques PIC;31550;CINTEGABELLE;contact@residanse-cintegabelle.fr;0666005334;http://residanse-cintegabelle.fr/;43.3138948;1.5317432;2026;Africaine | Afro-contemporaine | Breaking | Danse Show | Eveil à la Danse | Hip Hop | Jazz | Pilates | Regards chorégraphiques | Street Dance | Comedie Musicale;Danses ethniques | Afro-jazz | Breaking | Disco | Danses hip-hop | Modern jazz | Jazz | Ateliers de création | Contemporain | Comédie musicale;https://www.ffdanse.fr/structures/5378-resi-danse-4eme-art;5378-resi-danse-4eme-art
Réuni Danse Salsa Club;affiliated;AFFILIATED_STRUCTURE;24 TER rue Louise Michel, Rivière Des Galets;97419;La Possession;salsareunion974@gmail.com;0692007737;https://www.bachata-reunion.re;;;2026;Bachata | Kizomba | OLD : Salsa, Bachata, Kizomba | Regards chorégraphiques | Salsa | Show Latino Caraïbe | Teams SBK;Bachata | Kizomba | Salsa | Ateliers de création | Contemporain | Danses latino-caraïbes;https://www.ffdanse.fr/structures/2044-reuni-danse-salsa-club;2044-reuni-danse-salsa-club
Rêves en scène;affiliated;AFFILIATED_STRUCTURE;8 place rose valland, 38590;38590;St Etienne de st geoirs;contact.revesenscene@gmail.com;0688705467;;45.3403223;5.3434378;2026;Breaking | Classique | Jazz | Street Dance;Breaking | Classique | Modern jazz | Jazz | Danses hip-hop;https://www.ffdanse.fr/structures/5270-reves-en-scene;5270-reves-en-scene
S'émouvoir Émilie Vandekerkhove;affiliated;AFFILIATED_STRUCTURE;3, impasse du merle blanc;34000;Montpellier;semouvoirecolededanse@gmail.com;0627786199;;43.6099794;3.8753398;2026;Barre au Sol | Classique | Contemporain | Jazz | Street Dance;Barre au sol classique | Barre au sol contemporaine | Classique | Ateliers de création | Contemporain | Modern jazz | Jazz | Danses hip-hop;https://www.ffdanse.fr/structures/6332-s-emouvoir-emilie-vandekerkhove;6332-s-emouvoir-emilie-vandekerkhove
S.A Ja'z;affiliated;AFFILIATED_STRUCTURE;34 place de la république;56400;Auray;stephanoameliejaz@gmail.com;0615103364;sa-jaz.fr;47.6667764;-2.9835707;2026;Jazz;Modern jazz | Jazz;https://www.ffdanse.fr/structures/2993-s-a-ja-z;2993-s-a-ja-z
Sabourin pauline;affiliated;AFFILIATED_STRUCTURE;279 avenue Maurice berle;13250;Saint chamas;paulinesabourin4@gmail.com;0679189294;www.poleinprovence.com;43.5395145;5.0412819;2026;Pole Dance;Pole dance;https://www.ffdanse.fr/structures/4236-sabourin-pauline;4236-sabourin-pauline
SAC section Danse Rythmique et Sportive;recently_disaffiliated;UNAFFILIATED_STRUCTURE;15 chemin de Pelon, 33250;33250;CISSAC-MEDOC;dansecissacmedoc@orange.fr;0672998608;;45.220752;-0.85157;;;;https://www.ffdanse.fr/structures/4885-sac-section-danse-rythmique-et-sportive;4885-sac-section-danse-rythmique-et-sportive
SACALA;affiliated;AFFILIATED_STRUCTURE;55 boulevard Anatole France;79200;PARTHENAY;sacala.salsa@gmail.com;0685552121;sacalasalsa.wix.com;46.6442654;-0.2448821;2026;Latines | OLD : Salsa, Bachata, Kizomba;Danses latines | Salsa | Bachata;https://www.ffdanse.fr/structures/3649-sacala;3649-sacala
Sadé-danse;affiliated;AFFILIATED_STRUCTURE;place Paul Dezanneau;86800;sèvres-anxaumont;sadedanse86800@gmail.com;0624885507;;46.5702878;0.4651066;2026;Country And Line | Societe;Country & line | Danses de salon;https://www.ffdanse.fr/structures/1806-sade-danse;1806-sade-danse
Saint Cyprien Danse Méditerranée;affiliated;AFFILIATED_STRUCTURE;Boulevard Desnoyer maison des associations;66750;SAINT CYPRIEN;scdm.66@gmail.com;0687273802;;42.623632;3.0367936;2026;Danse en solo Latine | Danse en solo Standard | Dix Danses | Latines | Societe | Standards;Danses latines | Danses standards | Danses de salon;https://www.ffdanse.fr/structures/1325-saint-cyprien-danse-mediterranee;1325-saint-cyprien-danse-mediterranee
Saint Leu loisir danse;affiliated;AFFILIATED_STRUCTURE;14 CHEMIN FOSSY COLIMACONS;97436;SAINT-LEU;saintleuloisirdanse@gmail.com;0692273380;;0;0;2026;Autres Danses | OLD : Salsa, Bachata, Kizomba | Rock et DA | Rock'n'Roll | Societe | Tango Argentin | West Coast Swing;Salsa | Bachata | Rock sauté | Rock'n'roll | Danses de salon | Tango argentin | West Coast Swing;https://www.ffdanse.fr/structures/2008-saint-leu-loisir-danse;2008-saint-leu-loisir-danse
Saint Nazaire Olympique Sportif Danse;affiliated;AFFILIATED_STRUCTURE;25 av Pierre de Coubertin;44600;St NAZAIRE;snos.danse@gmail.com;0615140633;http://snosdanse.wixsite.com/snosdanse;47.2685317;-2.2329128;2026;Zumba;Zumba;https://www.ffdanse.fr/structures/936-saint-nazaire-olympique-sportif-danse;936-saint-nazaire-olympique-sportif-danse
Saint Sever dance;affiliated;AFFILIATED_STRUCTURE;chez Mme LALANNE Séverine 555 route de lacadette;40700;HORSARRIEU;severine.crabos@wanadoo.fr;06.82.53.72.05;;43.6848329;-0.6090515;2026;Barre au Sol | Breaking | Classique | Contemporain | Hip Hop | Jazz | Street Dance;Barre au sol classique | Barre au sol contemporaine | Breaking | Classique | Ateliers de création | Contemporain | Danses hip-hop | Modern jazz | Jazz;https://www.ffdanse.fr/structures/902-saint-sever-dance;902-saint-sever-dance
SAKA DANSE;recently_disaffiliated;UNAFFILIATED_STRUCTURE;26 avenue bouloc torcatis, Maison de la citoyenneté;81400;CARMAUX;sakadanse81@gmail.com;0633307812;;44.04411;2.1849789;;;;https://www.ffdanse.fr/structures/5423-saka-danse;5423-saka-danse
SALAUNES COUNTRY DAN'S;affiliated;AFFILIATED_STRUCTURE;Mairie de Salaunes, 1 Place de l'Eglise;33160;SALAUNES;bisabell@free.fr;0672696148;https://salaunescountrydans.fr;44.9363582;-0.83106;2026;Country And Line;Country & line;https://www.ffdanse.fr/structures/6243-salaunes-country-dan-s;6243-salaunes-country-dan-s
Saloon country dance;affiliated;AFFILIATED_STRUCTURE;Mairie 33 Rue Notre Dame;83136;SAINTE ANASTASIE SUR ISSOLE;scd.tasie@orange.fr;0672995263;;43.3415004;6.1252754;2026;Country And Line | ancien nom à supprimer;Country & line;https://www.ffdanse.fr/structures/1704-saloon-country-dance;1704-saloon-country-dance
Salsa Fresca;recently_disaffiliated;UNAFFILIATED_STRUCTURE;13 Rue de l'Ouest;44100;Nantes;salsaman33@hotmail.com;0622616686;;47.2187645;-1.5834472;;;;https://www.ffdanse.fr/structures/971-salsa-fresca;971-salsa-fresca
Salsabor Formadance;affiliated;AFFILIATED_STRUCTURE;31 rue Chapon;75003;Paris;didier@salsabor.fr;0142716161;www.salsabor.fr;48.8638331;2.3543333;2026;Afro-caribéennes | Bachata | Bachata Team Couple | Bachata Team Styling | Danses Solo | Duo bachata Shines | Duo salsa Shines | Kizomba | Salsa | Show Latino Caraïbe | Danse Inclusive | Danse Show | Kizomba Chorégraphie | Latino Caraibes | Salsa Team Couple | Salsa Team Styling | Teams SBK;Danses ethniques | Bachata | Kizomba | Salsa | Danses latino-caraïbes | Disco;https://www.ffdanse.fr/structures/1494-salsabor-formadance;1494-salsabor-formadance
SALSAMANIA GUADELOUPE;affiliated;AFFILIATED_STRUCTURE;FOYER SOCIO CULTUREL, LA RETRAITE;97122;BAIE MAHAULT;secretaire@salsamaniaguadeloupe.fr;+590690290561;http://www.salsamaniaguadeloupe.com/;46.227638;2.213749;2026;Bachata | Bachata Team Couple | Bachata Team Styling | Danse Inclusive | Danse Show | Danses Solo | Duo bachata Shines | Duo salsa Shines | Eveil à la Danse | Kizomba | Kizomba Chorégraphie | Kizomba Improvisation Traditionnelle | Kizomba Improvisation Urban | Latino Caraibes | OLD : Salsa, Bachata, Kizomba | Regards chorégraphiques | Salsa | Salsa Team Couple | Salsa Team Styling | Show Latino Caraïbe | Teams SBK | Transversal;Bachata | Disco | Kizomba | Danses latino-caraïbes | Salsa | Ateliers de création | Contemporain;https://www.ffdanse.fr/structures/6059-salsamania-guadeloupe;6059-salsamania-guadeloupe
SALSONEANDO CON CUBA;affiliated;AFFILIATED_STRUCTURE;21 ALLEE DU MALI, 94260;94260;FRESNES;nathalierochette242@gmail.com;0663661663;salsoneando.com;48.7578618;2.3260372;2026;Salsa | Dix Danses | Latines | Standards;Salsa | Danses latines | Danses standards;https://www.ffdanse.fr/structures/4988-salsoneando-con-cuba;4988-salsoneando-con-cuba
SAMEDI DIMANCHE ACTIFS & CHALEUREUX;recently_disaffiliated;UNAFFILIATED_STRUCTURE;69 AVENUE DIDEROT;94100;SAINT MAUR DES FOSSES;famillepohier@sfr.fr;06.19.99.44.21;;48.8024641;2.4882537;;;;https://www.ffdanse.fr/structures/4887-samedi-dimanche-actifs-chaleureux;4887-samedi-dimanche-actifs-chaleureux
Sandra Ramache Ocean Pole Studio;affiliated;AFFILIATED_STRUCTURE;5 rue des abeilles;85100;Les Sables d'Olonne;oceanpolestudio@gmail.com;0666881758;https://oceanpolestudio.com;46.5152519;-1.759533;2026;Pole Dance | Pole Sport;Pole dance | Pole sport;https://www.ffdanse.fr/structures/4454-sandra-ramache-ocean-pole-studio;4454-sandra-ramache-ocean-pole-studio
Sandra Rayya Danses;affiliated;AFFILIATED_STRUCTURE;18 rue des Ménestrels;17138;SAINT-XANDRE;sandra.rayya@orange.fr;0607340455;;46.1999773;-1.1113071;2026;Bollywood | Eveil à la Danse | Orientale | Pole Dance | Pole Sport | Zumba;Danses ethniques | Pole dance | Pole sport | Zumba;https://www.ffdanse.fr/structures/5556-sandra-rayya-danses;5556-sandra-rayya-danses
SANTIAG'S SANPALOUNE;affiliated;AFFILIATED_STRUCTURE;La Vialatte;43620;Saint pal de mons;smonteiller@orange.fr;0675245529;;;;2026;Country And Line;Country & line;https://www.ffdanse.fr/structures/4617-santiag-s-sanpaloune;4617-santiag-s-sanpaloune
SARL Marc ECOLE DE DANSE Marc FABRICI;affiliated;AFFILIATED_STRUCTURE;5 Avenue de Hollande;68110;ILLZACH;contact@ecoledansemulhouse.fr;0389317874;www.ecoledansemulhouse.fr;47.7658922;7.3766049;2026;Bachata | Breaking | Contemporain | Danse en solo Latine | Danse en solo Standard | Dix Danses | Eveil à la Danse | Hip Hop | Kizomba | Latines | Ragga | Rock'n'Roll | Salsa | Show Dance Latine | Show Dance Standard | Societe | Solo Team Lat / Std | Standards | Street Dance | Teams SBK | Danses Solo | House | Locking | New Style | Orientale | Poping | Rock | West Coast Swing;Bachata | Breaking | Ateliers de création | Contemporain | Danses latines | Danses standards | Danses hip-hop | Kizomba | Rock'n'roll | Salsa | Danses de salon | Danses ethniques | West Coast Swing;https://www.ffdanse.fr/structures/4947-sarl-marc-ecole-de-danse-marc-fabrici;4947-sarl-marc-ecole-de-danse-marc-fabrici
Sarlat line dance;affiliated;AFFILIATED_STRUCTURE;PLACE PASTEUR, RESIDENCE PASTEUR;24200;SARLAT LA CANEDA;patbattut@wanadoo.fr;0687406176;;44.886502;1.217316;2026;Boogie Woogie | Country And Line | Latines | Lindy Hop | West Coast Swing | ancien nom à supprimer;Boogie-Woogie | Country & line | Danses latines | Lindy hop | West Coast Swing;https://www.ffdanse.fr/structures/460-sarlat-line-dance;460-sarlat-line-dance
SAVIGNY DANSE;affiliated;AFFILIATED_STRUCTURE;Place du 8 mai 1945;69210;SAVIGNY;savigny.danse.69@gmail.com;0683149481;;46.227638;2.213749;2026;Africaine | Bachata | Bollywood | Cabaret | Claquettes | Classique | Comedie Musicale | Contemporain | Danse en solo Latine | Danse en solo Standard | Dix Danses | Eveil à la Danse | Flamenco | Hip Hop | Jazz | Kizomba | Latines | Orientale | Rock | Rock'n'Roll | Salsa | Societe | Solo Team Lat / Std | Standards | Street Dance | Tango Argentin | West Coast Swing | Zumba;Danses ethniques | Bachata | Cabaret | Claquettes | Classique | Comédie musicale | Ateliers de création | Contemporain | Danses latines | Danses standards | Flamenco | Danses hip-hop | Modern jazz | Jazz | Kizomba | Rock'n'roll | Salsa | Danses de salon | Tango argentin | West Coast Swing | Zumba;https://www.ffdanse.fr/structures/5248-savigny-danse;5248-savigny-danse
Sawaroh'$ Country de Digosville;affiliated;AFFILIATED_STRUCTURE;13 chemin des princes, Digosville;50110;Cherbourg en Cotentin;sawarohs.country.50@gmail.com;0621066286;sawarohscountry.fr;49.6489142;-1.5358666;2026;Country And Line;Country & line;https://www.ffdanse.fr/structures/5777-sawaroh-country-de-digosville;5777-sawaroh-country-de-digosville
SBK EVENTS;affiliated;AFFILIATED_STRUCTURE;43 Rue Daga 57050  Metz;57000;METZ;ethandu54@outlook.fr;0649548508;;49.1342456;6.1528246;2026;Africaine | Autres Danses | Danse Show | Latines | Latino Caraibes | OLD : Salsa, Bachata, Kizomba | Orientale | Rock Formation | Standards | Zumba;Danses ethniques | Disco | Danses latines | Danses latino-caraïbes | Salsa | Bachata | Rock'n'roll | Danses standards | Zumba;https://www.ffdanse.fr/structures/2349-sbk-events;2349-sbk-events
SCENE ET DANSE;affiliated;AFFILIATED_STRUCTURE;18 Rue des Biançons;67130;LUTZELHOUSE;sceneetdanse67@laposte.net;0642025361;;48.5273663;7.2909492;2026;Eveil à la Danse | Street Dance;Danses hip-hop;https://www.ffdanse.fr/structures/5883-scene-et-danse;5883-scene-et-danse
School dance styles;affiliated;AFFILIATED_STRUCTURE;place René Gassin centre Jospeh Collomb;83300;DRAGUIGNAN;cowgirl83@live.fr;0668485181;;43.537537;6.4627728;2026;Country And Line | Latines | Societe;Country & line | Danses latines | Danses de salon;https://www.ffdanse.fr/structures/1717-school-dance-styles;1717-school-dance-styles
SCO Sainte Marguerite;affiliated;AFFILIATED_STRUCTURE;1 bd de la pugette;13009;marseille;scodanse@gmail.com;0491752424;MDJazzScoSainte-Marguerite;43.269178;5.4027504;2026;Jazz;Modern jazz | Jazz;https://www.ffdanse.fr/structures/253-sco-sainte-marguerite;253-sco-sainte-marguerite
SCUFF AND HITCH LINE DANCE COMPANY;affiliated;AFFILIATED_STRUCTURE;3 Impasse des fourmis, 97460;97460;Saint-Paul;shldc974@gmail.com;0692699071;www.shldc.fr;-21.0200834;55.287159;2026;Country And Line | Country Danse en Couple - DC | Country Danse en Couple - DC Pro AM | Country Danse en Formation - DF Cabaret Team | Country Danse en Formation - DF Crea Team | Country Danse en Formation - DF Duo | Country Danse en Formation - DF Loisirs Team | Country Danse en Formation - DF Quad | Country Danse en Formation - DF Show Team | Country Danse en ligne - DL | Country Danse en Ligne - DL Pop Line | Country Danse Partner - DP | Country Ecriture Choregraphique - EC | DC Pro AM;Country & line;https://www.ffdanse.fr/structures/4521-scuff-and-hitch-line-dance-company;4521-scuff-and-hitch-line-dance-company
SDCC;recently_disaffiliated;UNAFFILIATED_STRUCTURE;138 rue Georges BIZET;60280;VENETTE;sdcc.danseavenette@gmail.com;0768277403;;49.4186632;2.8027879;;;;https://www.ffdanse.fr/structures/6013-sdcc;6013-sdcc
SDE company;recently_disaffiliated;UNAFFILIATED_STRUCTURE;12 avenue de la burliere;83170;Brignoles;studiodanzeemoi@gmail.com;0633019442;;43.4091537;6.0661852;;;;https://www.ffdanse.fr/structures/1731-sde-company;1731-sde-company
SEA SUN COUNTRY;affiliated;AFFILIATED_STRUCTURE;2137 chemin mistraou, Chez Céline INGRASSIA, le clos mimosas - bat 4;83230;BORMES LES MIMOSAS;seasun.country@gmail.com;0623604120;;43.1515538;6.3203862;2026;Country And Line;Country & line;https://www.ffdanse.fr/structures/4748-sea-sun-country;4748-sea-sun-country
Section Corps en K'Danse;affiliated;AFFILIATED_STRUCTURE;2 rue du foyer;67240;SCHIRRHEIN;elkleinpeter@gmail.com;0672480303;;48.8022795;7.9070046;2026;Jazz;Modern jazz | Jazz;https://www.ffdanse.fr/structures/5438-section-corps-en-k-danse;5438-section-corps-en-k-danse
Section danse Amicale Laïque Benet;affiliated;AFFILIATED_STRUCTURE;13 rue de la Cure;8549;BENET;danseamicale@gmail.com;06 78 04 13 56;;46.3667285;-0.5961708;2026;Contemporain;Ateliers de création | Contemporain;https://www.ffdanse.fr/structures/6356-section-danse-amicale-laique-benet;6356-section-danse-amicale-laique-benet
SENSA'KIZ;affiliated;AFFILIATED_STRUCTURE;61 RUE DANIEL MAYER, ARCA Kelly, Appt 45;37100;TOURS;sensakiztours@gmail.com;0666158651;;47.4185597;0.6948213;2026;Africaine | Kizomba;Danses ethniques | Kizomba;https://www.ffdanse.fr/structures/4187-sensa-kiz;4187-sensa-kiz
SENSUALONDA;recently_disaffiliated;UNAFFILIATED_STRUCTURE;85 Rue du Colonel de Rochebrune;92500;Rueil Malmaison;sensualondadance@gmail.com;0617152120;;48.8557237;2.1955667;;;;https://www.ffdanse.fr/structures/5850-sensualonda;5850-sensualonda
SEPT ! HUIT !;affiliated;AFFILIATED_STRUCTURE;5, rue du général Houchard;57600;FORBACH;asso.septhuit@gmail.com;0611865130;;49.1900811;6.8936721;2026;Hip Hop | Jazz;Danses hip-hop | Modern jazz | Jazz;https://www.ffdanse.fr/structures/4209-sept-huit;4209-sept-huit
Sermoise country dance;affiliated;AFFILIATED_STRUCTURE;24 route des Tuileries;58000;SERMOISE SUR LOIRE;glefores@orange.fr;0607529009;;46.9334871;3.182315;2026;Country And Line;Country & line;https://www.ffdanse.fr/structures/1118-sermoise-country-dance;1118-sermoise-country-dance
Service municipal culturel et sportif Bruyères sur Oise;affiliated;AFFILIATED_STRUCTURE;6 rue de la Mairie;95820;BRUYERES SUR OISE;smcs@bruyeres-sur-oise.fr;0130286754;;49.1576663;2.3298816;2026;Contemporain;Ateliers de création | Contemporain;https://www.ffdanse.fr/structures/1981-service-municipal-culturel-et-sportif-bruyeres-sur-oise;1981-service-municipal-culturel-et-sportif-bruyeres-sur-oise
Shaal Mayan;affiliated;AFFILIATED_STRUCTURE;7 rue du Bois du chateau;56100;Lorient;naoko.creation@hotmail.fr;0685103155;;47.762971;-3.3795676;2026;Bollywood | Flamenco | Indienne | Orientale;Danses ethniques | Flamenco;https://www.ffdanse.fr/structures/2087-shaal-mayan;2087-shaal-mayan
SHAKER COMPAGNIE;affiliated;AFFILIATED_STRUCTURE;6 place de l'eglise;03600;MALICORNE;shakercompagnie@gmail.com;0650899895;;46.3008275;2.7827888;2026;Contemporain | Danses Solo | Street Dance;Ateliers de création | Contemporain | Danses hip-hop;https://www.ffdanse.fr/structures/4020-shaker-compagnie;4020-shaker-compagnie
Share to Dance;affiliated;AFFILIATED_STRUCTURE;40 Rue de la ferme;37270;Larçay;contact@sharetodance.fr;0783604958;https://sharetodance.fr;47.3570179;0.7704085;2026;Country And Line;Country & line;https://www.ffdanse.fr/structures/4589-share-to-dance;4589-share-to-dance
Shine academie;affiliated;AFFILIATED_STRUCTURE;2 rue cordières;69800;SAINT PRIEST;shineacademie@hotmail.com;0659636949;www.shine-academie.com;45.6952485;4.9463506;2026;Bachata | Dix Danses | Duo bachata Shines | Hip Hop | Kizomba | Latines | Rock Saute | Rock et DA | Rock'n'Roll | Salsa | Standards | Teams SBK;Bachata | Danses latines | Danses standards | Danses hip-hop | Kizomba | Rock sauté | Rock'n'roll | Salsa;https://www.ffdanse.fr/structures/1405-shine-academie;1405-shine-academie
Show Dance;affiliated;AFFILIATED_STRUCTURE;1 rue Gaston Evrard, Villa 4;31100;Toulouse;showdance.tlse@gmail.com;0647963474;www.showdance.tlse.com;43.5484964;1.408669;2026;Rock Acrobatique | Rock Formation | Rock Saute | Rock et DA | Rock'n'Roll | West Coast Swing;Rock acrobatique | Rock'n'roll | Rock sauté | West Coast Swing;https://www.ffdanse.fr/structures/626-show-dance;626-show-dance
Si On Dansait à Renescure;recently_disaffiliated;UNAFFILIATED_STRUCTURE;rue du château, Mairie;59173;Renescure;xavier.hau@orange.fr;06 75 38 39 98;;50.7278412;2.367199;;;;https://www.ffdanse.fr/structures/5832-si-on-dansait-a-renescure;5832-si-on-dansait-a-renescure
Siembra Dances;recently_disaffiliated;UNAFFILIATED_STRUCTURE;43 avenue Lalanne;64140;Billère;siembras@aol.com;0612736340;https://www.facebook.com/siembra.salsapau;43.310649;-0.388955;;;;https://www.ffdanse.fr/structures/5005-siembra-dances;5005-siembra-dances
silence, ça danse;recently_disaffiliated;UNAFFILIATED_STRUCTURE;29 résidence de la plage;33125;Hostens;danseaveclili@gmail.com;0784622174;;44.4941709;-0.6441471;;;;https://www.ffdanse.fr/structures/5301-silence-ca-danse;5301-silence-ca-danse
SILVER BOOTS;affiliated;AFFILIATED_STRUCTURE;PLACE DE LA MAIRE, MAIRIE DE TENCE, 43190;43190;TENCE;chrystel.guilhot@orange.fr;0603598471;;45.114696;4.290134;2026;Country And Line;Country & line;https://www.ffdanse.fr/structures/5302-silver-boots;5302-silver-boots
Simarg;affiliated;AFFILIATED_STRUCTURE;27 chemin de la colle;06160;Antibes;aalina.959595@gmail.com;0678792152;;43.5760881;7.1115715;2026;Boogie Formation | Boogie Juniors | Boogie Main Class | Boogie Rising Star | Boogie Seniors | Boogie Woogie Fédéral | Formation Rock Girls | Formation Rock Juniors | Formation Rock Ladies | Formation Rock Main Class | Formation Rock Main Class Quattro | Lindy Hop Fédéral | Lindy Hop Junior | Lindy Hop Main Class | Lindy Hop Senior 1 | Lindy Hop Senior 2 | Lindy Hop Show case | Rock Acrobatique | Rock Acrobatique Fédéral | Rock Artistique Fédéral | Rock Children | Rock Couple Dance Show | Rock et DA | Rock Formation | Rock Juniors | Rock Juveniles | Rock Main Class Contact Style | Rock Main Class Free Style | Rock Saute | Rock'n Roll Fédéral | Rock'n'Roll | Small formation Rock Girls | Small Formation Rock Ladies;Rock acrobatique | Rock'n'roll | Rock sauté;https://www.ffdanse.fr/structures/6402-simarg;6402-simarg
Sisters Art;affiliated;AFFILIATED_STRUCTURE;Chez Mme FARJON 47 Rue Félix Faure;95880;Enghien Les Bains;contact@sistersart95.com;0759760501;;48.9671029;2.3146576;2026;Breaking | Danse Inclusive | Hip Hop | House | Krump | Locking | New Style | Poping | Ragga | Street Dance;Breaking | Danses hip-hop;https://www.ffdanse.fr/structures/5903-sisters-art;5903-sisters-art
Site Pablo Picasso CRC musique et danse;affiliated;AFFILIATED_STRUCTURE;allée Pablo Picasso;13500;MARTIGUES;picasso@ville-martigues.fr;0442073241;;43.3985614;5.0410252;2026;Claquettes | Classique | Contemporain | Hip Hop | Jazz;Claquettes | Classique | Ateliers de création | Contemporain | Danses hip-hop | Modern jazz | Jazz;https://www.ffdanse.fr/structures/244-site-pablo-picasso-crc-musique-et-danse;244-site-pablo-picasso-crc-musique-et-danse
SJC Danses;affiliated;AFFILIATED_STRUCTURE;290 chemin du Côteau;38540;ST JUST CHALEYSSIN;sjcdanses@outlook.com;+33614902833;www.sjcdansesetvous.fr;45.5727271;4.9767681;2026;Bachata | Country And Line | Rock'n'Roll | Salsa | West Coast Swing;Bachata | Country & line | Rock'n'roll | Salsa | West Coast Swing;https://www.ffdanse.fr/structures/3231-sjc-danses;3231-sjc-danses
SKYDANCER CLUB;affiliated;AFFILIATED_STRUCTURE;293 Rue des Vieux Lavoirs, HAUTERIVE;01640;SAINT JEAN LE VIEUX;skydancerclub@gmail.com;0615609192;;;;2026;Africaine | Afro-caribéennes | Bachata | Bollywood | Boogie Formation | Boogie Juniors | Boogie Main Class | Boogie Rising Star | Boogie Seniors | Boogie Woogie | Boogie Woogie Fédéral | Breaking | Cabaret | Claquettes | Comedie Musicale | Danse Historique | Danse Inclusive | Danse Show | Danse en solo Latine | Danses Solo | Disco | Dix Danses | Eveil à la Danse | Formation Rock Girls | Formation Rock Juniors | Formation Rock Ladies | Formation Rock Main Class | Formation Rock Main Class Quattro | Hip Hop | Kizomba | Latines | Latino Caraibes | Lindy Hop | Lindy Hop Fédéral | Lindy Hop Junior | Lindy Hop Main Class | Lindy Hop Senior 1 | Lindy Hop Senior 2 | Lindy Hop Show case | New Style | Orientale | Pilates | Pole Dance | Ragga | Regards chorégraphiques | Rock | Rock Acrobatique | Rock Acrobatique Fédéral | Rock Artistique Fédéral | Rock Children | Rock Couple Dance Show | Rock Formation | Rock Juniors | Rock Juveniles | Rock Main Class Contact Style | Rock Main Class Free Style | Rock Saute | Rock et DA | Rock'n Roll Fédéral | Rock'n'Roll | Salsa | Salsa Team Couple | Salsa Team Styling | Show Dance Latine | Small Formation Rock Ladies | Small formation Rock Girls | Societe | Standards | Street Dance | Tango Argentin | Teams SBK | West Coast Swing;Danses ethniques | Bachata | Boogie-Woogie | Breaking | Cabaret | Claquettes | Comédie musicale | Danse historique | Disco | Danses latines | Danses standards | Danses hip-hop | Kizomba | Danses latino-caraïbes | Lindy hop | Pole dance | Ateliers de création | Contemporain | Rock'n'roll | Rock acrobatique | Rock sauté | Salsa | Danses de salon | Tango argentin | West Coast Swing;https://www.ffdanse.fr/structures/5981-skydancer-club;5981-skydancer-club
SMBS DANSE;affiliated;AFFILIATED_STRUCTURE;MAIRIE;40390;SAINT MARTIN DE HINX;secsmbsdanse@gmail.com;0622986951;https://www.smbsdanse.fr/;43.5820686;-1.2705253;2026;Country And Line;Country & line;https://www.ffdanse.fr/structures/892-smbs-danse;892-smbs-danse
So dance;affiliated;AFFILIATED_STRUCTURE;35, rue Jean Jaurès;59221;Bauvin;oceane.cattaux@gmail.com;0635506185;;50.5152285;2.8964736;2026;Autres Danses | Jazz;Modern jazz | Jazz;https://www.ffdanse.fr/structures/1168-so-dance;1168-so-dance
So danse et bien être;affiliated;AFFILIATED_STRUCTURE;4 square dorique;77240;Cesson;sodanseetbienetre@gmail.com;0630996518;;48.5552215;2.5922112;2026;Barre au Sol | Contemporain | Eveil à la Danse | Jazz | Transversal;Barre au sol classique | Barre au sol contemporaine | Ateliers de création | Contemporain | Modern jazz | Jazz;https://www.ffdanse.fr/structures/1603-so-danse-et-bien-etre;1603-so-danse-et-bien-etre
So Swing !;affiliated;AFFILIATED_STRUCTURE;4 rue de Combs la ville;91480;QUINCY SOUS SENART;soswing91@gmail.com;0611321938;http://www.soswing91.com/;48.6716341;2.5390462;2026;Jazz;Modern jazz | Jazz;https://www.ffdanse.fr/structures/1881-so-swing;1881-so-swing
SO'ART;affiliated;AFFILIATED_STRUCTURE;mairie de Samatan place de la fontaine;32130;Samatan;lestudio.soart@gmail.com;0786107262;www.so-art.fr;43.4925543;0.9307563;2026;Barre au Sol | Classique | Eveil à la Danse | Jazz | Regards chorégraphiques | Street Dance | Bachata | Salsa;Barre au sol classique | Barre au sol contemporaine | Classique | Modern jazz | Jazz | Ateliers de création | Contemporain | Danses hip-hop | Bachata | Salsa;https://www.ffdanse.fr/structures/4272-so-art;4272-so-art
So'Dance;affiliated;AFFILIATED_STRUCTURE;3 rue de gournay;80710;Quevauvillers;so-dance@orange.fr;0625646649;;49.8263686;2.0916122;2026;Autres Danses | Danse Show | Danses Solo | Ragga | Street Dance;Disco | Danses hip-hop;https://www.ffdanse.fr/structures/5439-so-dance;5439-so-dance
SOCIALDANCE;affiliated;AFFILIATED_STRUCTURE;2 Bis rue Dupont de l'Eure;75020;PARIS;jcogordan@salsanueva.fr;0685136469;;48.8678018;2.4005184;2026;Afro-caribéennes | Bachata | Kizomba | OLD : Salsa, Bachata, Kizomba | Salsa | Street Dance;Danses ethniques | Bachata | Kizomba | Salsa | Danses hip-hop;https://www.ffdanse.fr/structures/3416-socialdance;3416-socialdance
SOHALIA TRIBALE;affiliated;AFFILIATED_STRUCTURE;15 chemin des Feutres du Toulon, La Filature de l'Isle;24 000;PÉRIGUEUX;sohalia.tribale@gmail.com;0650520580;http://sohaliatribale.wixsite.com;45.1985047;0.6979976;2026;Autres Danses;;https://www.ffdanse.fr/structures/2669-sohalia-tribale;2669-sohalia-tribale
Soleil dansant;affiliated;AFFILIATED_STRUCTURE;18 Chemin du Trucal;30110;La grand'combe;soleildansant2013@gmail.com;0610201620;;44.2223534;4.0179975;2026;Classique | Contemporain | Eveil à la Danse | Hip Hop | Jazz | Ragga | Zumba;Classique | Ateliers de création | Contemporain | Danses hip-hop | Modern jazz | Jazz | Zumba;https://www.ffdanse.fr/structures/4821-soleil-dansant;4821-soleil-dansant
Sophie Rocher;affiliated;AFFILIATED_STRUCTURE;16 rue Bellitourne;44300;Nantes;sophierocher@yahoo.fr;0673520562;www.danserbouger.com;47.2671449;-1.521765;2026;Autres Danses | Latines | OLD : Salsa, Bachata, Kizomba | Rock et DA | Rock'n'Roll | Societe | West Coast Swing;Danses latines | Salsa | Bachata | Rock sauté | Rock'n'roll | Danses de salon | West Coast Swing;https://www.ffdanse.fr/structures/948-sophie-rocher;948-sophie-rocher
Sorgues rock and swing;affiliated;AFFILIATED_STRUCTURE;80 Route d'Entraigues;84700;SORGUES;contact@rock-and-swing.fr;0681771361;https://www.rock-and-swing.fr;44.0070961;4.8778278;2026;Boogie Formation | Boogie Juniors | Boogie Main Class | Boogie Rising Star | Boogie Seniors | Boogie Woogie | Boogie Woogie Fédéral | Formation Rock Girls | Formation Rock Juniors | Formation Rock Ladies | Formation Rock Main Class | Formation Rock Main Class Quattro | Lindy Hop | Lindy Hop Fédéral | Rock | Rock Acrobatique | Rock Acrobatique Fédéral | Rock Artistique Fédéral | Rock Children | Rock Couple Dance Show | Rock Formation | Rock Juniors | Rock Juveniles | Rock Main Class Contact Style | Rock Main Class Free Style | Rock Saute | Rock et DA | Rock'n Roll Fédéral | Rock'n'Roll | Small Formation Rock Ladies | Small formation Rock Girls | West Coast Swing;Boogie-Woogie | Lindy hop | Rock'n'roll | Rock acrobatique | Rock sauté | West Coast Swing;https://www.ffdanse.fr/structures/1767-sorgues-rock-and-swing;1767-sorgues-rock-and-swing
Souffle Celtic;affiliated;AFFILIATED_STRUCTURE;5, Square La Fontaine;76290;SAINT MARTIN DU MANOIR;nicolas.freulet@gmail.com;33632841100;www.souffleceltic.com;49.5359595;0.2356578;2026;Autres Danses Du Monde | Claquettes;Danses ethniques | Claquettes;https://www.ffdanse.fr/structures/1524-souffle-celtic;1524-souffle-celtic
Souffles d'Orients;affiliated;AFFILIATED_STRUCTURE;9, avenue De Lattre de Tassigny;84000;Avignon;association.soufflesdorients@gmail.com;0661242871;www.assosoufflesdorients.fr;43.9437605;4.8067907;2026;Orientale;Danses ethniques;https://www.ffdanse.fr/structures/1765-souffles-d-orients;1765-souffles-d-orients
Sous le signe de la danse;affiliated;AFFILIATED_STRUCTURE;10 rue Victor Pengam;29200;BREST;souslesignedeladanse@gmail.com;0298801331;;48.3951503;-4.476072;2026;Classique | Jazz;Classique | Modern jazz | Jazz;https://www.ffdanse.fr/structures/540-sous-le-signe-de-la-danse;540-sous-le-signe-de-la-danse
South dancers gang;affiliated;AFFILIATED_STRUCTURE;12 chemin de la Cascade;13390;Auriol;contact@southdancersgang.fr;0660883380;www.southdancersgang.fr;43.369174;5.631363;2026;Country And Line;Country & line;https://www.ffdanse.fr/structures/281-south-dancers-gang;281-south-dancers-gang
South Flow;recently_disaffiliated;UNAFFILIATED_STRUCTURE;16 allée des Cordeliers;31490;Léguevin;charlinemrq@gmail.com;0784080317;https://southflow.fr;43.602267;1.2579784;;;;https://www.ffdanse.fr/structures/5937-south-flow;5937-south-flow
So’dance;affiliated;AFFILIATED_STRUCTURE;3 rue Pierre et Marie Curie;71130;GUEUGNON;asso.sodance@gmail.com;06.07.22.95.45.;sodance.sitew.fr;46.5933504;4.0690865;2026;Danse Show | Danse en solo Latine | Danse en solo Standard | Danses Solo | Dix Danses | Eveil à la Danse | Hip Hop | Latines | Pilates | Rock | Show Dance Latine | Show Dance Standard | Societe | Solo Team Lat / Std | Standards | Street Dance | Zumba;Disco | Danses latines | Danses standards | Danses hip-hop | Rock'n'roll | Danses de salon | Zumba;https://www.ffdanse.fr/structures/4348-so-dance;4348-so-dance
SPARTIATE ACADEMY;affiliated;AFFILIATED_STRUCTURE;171 AV DE PARIS;33620;CAVIGNAC;spartiateacademy33@gmail.com;0762174991;;45.1088;-0.3831844;2026;Afro-contemporaine | Eveil à la Danse | Hip Hop | Jazz | Latines | Ragga | Street Dance | Contemporain;Afro-jazz | Danses hip-hop | Modern jazz | Jazz | Danses latines | Ateliers de création | Contemporain;https://www.ffdanse.fr/structures/4903-spartiate-academy;4903-spartiate-academy
SPICE LOTUS Aurore FLaugère;recently_disaffiliated;UNAFFILIATED_STRUCTURE;155 rue saint François étage 2;37000;Tours;poledancetours@gmail.com;0678955293;;47.3804105;0.6662119;;;;https://www.ffdanse.fr/structures/3221-spice-lotus-aurore-flaugere;3221-spice-lotus-aurore-flaugere
SPIRIT WINGS;affiliated;AFFILIATED_STRUCTURE;2 Montée du Château, Bât 2A Les Tulipiers;69720;SAINT BONNET DE MURE;countryspiritwings@gmail.com;06.50.74.59.02;;45.6924623;5.029197;2026;Country And Line;Country & line;https://www.ffdanse.fr/structures/5343-spirit-wings;5343-spirit-wings
SPN Tip-Tap Jazz;recently_disaffiliated;UNAFFILIATED_STRUCTURE;26 rue du Grévarin;27200;VERNON;spn-tip-tap-jazz@orange.fr;0232504935;https://spn-tip-tap-jazz.clubeo.com/;49.0892104;1.4869246;;;;https://www.ffdanse.fr/structures/501-spn-tip-tap-jazz;501-spn-tip-tap-jazz
SPORT TEAM FRANCE;affiliated;AFFILIATED_STRUCTURE;12, Rue de la Charente;68270;WITTENHEIM;sportteamfrance@outlook.fr;0660728546;;47.807874;7.3092793;2026;Bachata | Bachata Team Couple | Danse en solo Latine | Danse en solo Standard | Dix Danses | Hip Hop | Kizomba | Kizomba Chorégraphie | Latines | Rock | Rock et DA | Salsa | Salsa Team Couple | Show Dance Latine | Show Dance Standard | Societe | Solo Team Lat / Std | Standards | Teams SBK | Zumba;Bachata | Danses latines | Danses standards | Danses hip-hop | Kizomba | Rock'n'roll | Rock sauté | Salsa | Danses de salon | Zumba;https://www.ffdanse.fr/structures/5383-sport-team-france;5383-sport-team-france
Sports et Loisirs Joze;affiliated;AFFILIATED_STRUCTURE;1 rue du Puy-de-Dôme;63350;JOZE;sportsetloisirsjoze63@gmail.com;0670686391;slj63.fr;45.8638466;3.3018501;2026;Jazz;Modern jazz | Jazz;https://www.ffdanse.fr/structures/6372-sports-et-loisirs-joze;6372-sports-et-loisirs-joze
STADE LAURENTIN DANSE GYM;affiliated;AFFILIATED_STRUCTURE;95 rue Albert Camus, gymnase Pagnol;06700;SAINT LAURENT DU VAR;slvdanse@gmail.com;0681584930;;43.6780095;7.1901184;2026;Contemporain | Hip Hop | Jazz | Zumba;Ateliers de création | Contemporain | Danses hip-hop | Modern jazz | Jazz | Zumba;https://www.ffdanse.fr/structures/2159-stade-laurentin-danse-gym;2159-stade-laurentin-danse-gym
STAR DANCE;affiliated;AFFILIATED_STRUCTURE;27 RUE DU 11NOVEMBRE;80890;CONDE FOLIE;stardance80890@gmail.com;0622452590;;50.0097392;2.0235013;2026;Autres Danses;;https://www.ffdanse.fr/structures/4194-star-dance;4194-star-dance
STAR LIGN;affiliated;AFFILIATED_STRUCTURE;425 av de la Tramontane;13600;LA CIOTAT;starligndancecomplex@gmail.com;0643059167;www.starligndc.com;43.2054553;5.6028278;2026;Hip Hop | Locking | Poping | Street Dance;Danses hip-hop;https://www.ffdanse.fr/structures/5313-star-lign;5313-star-lign
Ste Colombe Vienne Danse Sportive;affiliated;AFFILIATED_STRUCTURE;188 Place du général de Gaulle, mairie de Sainte-Colombe;69560;SAINTE COLOMBE;agnes-scvds@laposte.net;06 13 29 72 88;;45.5260972;4.8670017;2026;Claquettes | Dix Danses | Hip Hop | Jazz | Latines | OLD : Salsa, Bachata, Kizomba | Rock et DA | Rock'n'Roll | Societe | Standards | West Coast Swing;Claquettes | Danses latines | Danses standards | Danses hip-hop | Modern jazz | Jazz | Salsa | Bachata | Rock sauté | Rock'n'roll | Danses de salon | West Coast Swing;https://www.ffdanse.fr/structures/1376-ste-colombe-vienne-danse-sportive;1376-ste-colombe-vienne-danse-sportive
stelinat dance;affiliated;AFFILIATED_STRUCTURE;100 Route du plan, Les ANTALOTS;07120;Ruoms;contact@pulsestudios.fr;0698826651;www.stelinat-dance.fr;44.4486504;4.3454081;2026;Cabaret | Classique | Comedie Musicale | Contemporain | Danse Inclusive | Eveil à la Danse | Hip Hop | Jazz | Salsa | Street Dance;Cabaret | Classique | Comédie musicale | Ateliers de création | Contemporain | Danses hip-hop | Modern jazz | Jazz | Salsa;https://www.ffdanse.fr/structures/4752-stelinat-dance;4752-stelinat-dance
Step Dance;affiliated;AFFILIATED_STRUCTURE;Mme Boussarie - 204 impasse de Peyredon;24310;Brantome;stepdance.brantome@gmail.com;0617360292;;45.3456508;0.6856843;2026;Autres Danses | Classique | Contemporain | Hip Hop | Jazz;Classique | Ateliers de création | Contemporain | Danses hip-hop | Modern jazz | Jazz;https://www.ffdanse.fr/structures/439-step-dance;439-step-dance
Step dance's;affiliated;AFFILIATED_STRUCTURE;563 boulevard abbadie;13730;SAINT VICTORET;stepdance@sfr.fr;0661999514;;43.4172692;5.2418099;2026;Autres Danses | Classique | Contemporain | Hip Hop | Jazz;Classique | Ateliers de création | Contemporain | Danses hip-hop | Modern jazz | Jazz;https://www.ffdanse.fr/structures/296-step-dance-s;296-step-dance-s
Stetson Beach Country la grande Motte;affiliated;AFFILIATED_STRUCTURE;avenue du bois couchant;34280;La Grande Motte;sbc.lgm@gmail.com;0617178327;;43.5636355;4.066911;2026;Country And Line;Country & line;https://www.ffdanse.fr/structures/797-stetson-beach-country-la-grande-motte;797-stetson-beach-country-la-grande-motte
Strass'danse sportive;affiliated;AFFILIATED_STRUCTURE;33 A rue Jeanne d'Arc;67000;strasbourg;philippe.quinet@lesagapeshotes.fr;0609109311;;48.6039948;7.7798768;2026;Dix Danses | Latines | Standards;Danses latines | Danses standards;https://www.ffdanse.fr/structures/1344-strass-danse-sportive;1344-strass-danse-sportive
Street Art;affiliated;AFFILIATED_STRUCTURE;63 BOULEVARD ALSACE LORRAINE;64100;BAYONNE;streetarthiphop64@gmail.com;0671639650;www.streetarthiphop.com;43.4923174;-1.4646046;2026;Breaking;Breaking;https://www.ffdanse.fr/structures/1284-street-art;1284-street-art
Studio  La Pérégine;affiliated;AFFILIATED_STRUCTURE;87 route des Marais de Culas;74330;Sillingy;cecile.boffy@gmail.com;0658727037;https://www.instagram.com/studio_la_peregrine/;45.9454649;6.046185;2026;Danse aérienne | Danse Verticale | Parapole Artistique | Parapole sport | Pole Dance | Pole Sport;Danses aériennes | Pole dance | Pole sport;https://www.ffdanse.fr/structures/6178-studio-la-peregine;6178-studio-la-peregine
STUDIO & VIE DANSE;affiliated;AFFILIATED_STRUCTURE;les layes, maison du fond;44110;chateaubriant;studioetviedanse44@gmail.com;06 62 41 84 96;;47.7421077;-1.3630598;2026;Afro-contemporaine | Danses Solo | Eveil à la Danse | Hip Hop | Jazz | Street Dance;Afro-jazz | Danses hip-hop | Modern jazz | Jazz;https://www.ffdanse.fr/structures/6206-studio-vie-danse;6206-studio-vie-danse
STUDIO 3;affiliated;AFFILIATED_STRUCTURE;8 B rue des Jardins;25230;SELONCOURT;studio3seloncourt@gmail.com;0631298527;;47.4592733;6.852659;2026;Autres Danses | Bollywood | Eveil à la Danse | Hip Hop | Jazz | Ragga | Street Dance;Danses ethniques | Danses hip-hop | Modern jazz | Jazz;https://www.ffdanse.fr/structures/4386-studio-3;4386-studio-3
STUDIO 511;affiliated;AFFILIATED_STRUCTURE;74 rue du docteur lemoine;51100;REIMS;studio511reims@gmail.com;0621893373;www.studio511reims.com;49.2669118;4.0381445;2026;Breaking | Hip Hop | House | Krump | Locking | New Style | Poping | Ragga | Street Dance;Breaking | Danses hip-hop;https://www.ffdanse.fr/structures/4395-studio-511;4395-studio-511
STUDIO 53;recently_disaffiliated;UNAFFILIATED_STRUCTURE;54 rue francis levesque;53000;laval;studio53danse@gmail.com;0658866372;www.lesstudiosdubritais.com;48.054364;-0.765917;;;;https://www.ffdanse.fr/structures/5058-studio-53;5058-studio-53
Studio A;affiliated;AFFILIATED_STRUCTURE;7 rue Jean Dagnaux;71000;MACON;studioamacon@gmail.com;0661785497;;46.3048874;4.8246265;2026;Autres Danses;;https://www.ffdanse.fr/structures/1432-studio-a;1432-studio-a
studio A'Corps;affiliated;AFFILIATED_STRUCTURE;75 route de pradons;07120;ruoms;studio.acorp07@gmail.com;0663879346;;44.4683383;4.3484247;2026;Autres Danses Du Monde | Breaking | Contemporain | Danse aérienne | Danse Inclusive | Eveil à la Danse | Hip Hop | House | New Style | Pole Dance | Street Dance;Danses ethniques | Breaking | Ateliers de création | Contemporain | Danses aériennes | Danses hip-hop | Pole dance;https://www.ffdanse.fr/structures/6160-studio-a-corps;6160-studio-a-corps
STUDIO ACAD'EO;affiliated;AFFILIATED_STRUCTURE;1 rue des combattants d'afn;80800;Corbie;studioacadeo@gmail.com;06.51.54.93.19;www.studio-acadeo.fr;49.9097374;2.5009587;2026;Barre au Sol | Cabaret | Classique | Comedie Musicale | Contemporain | Danse Show | Eveil à la Danse | Jazz | Regards chorégraphiques;Barre au sol classique | Barre au sol contemporaine | Cabaret | Classique | Comédie musicale | Ateliers de création | Contemporain | Disco | Modern jazz | Jazz;https://www.ffdanse.fr/structures/3271-studio-acad-eo;3271-studio-acad-eo
Studio accropole;affiliated;AFFILIATED_STRUCTURE;6 bis rue Georges Brassens;56100;Lorient;studio.accropole.lorient@gmail.com;0767353839;www.studioaccropole.com;47.7568589;-3.3893386;2026;Pole Dance;Pole dance;https://www.ffdanse.fr/structures/3070-studio-accropole;3070-studio-accropole
STUDIO ARABESQUE;recently_disaffiliated;UNAFFILIATED_STRUCTURE;184 186 rue Giraudeau;37000;tours;studioarabesque@live.fr;0247613270;;47.3805095;0.6774113;;;;https://www.ffdanse.fr/structures/4056-studio-arabesque;4056-studio-arabesque
Studio Art Danse;affiliated;AFFILIATED_STRUCTURE;8 Place Jean Jaurès;33240;Peujard;studioartdanse33@gmail.com;0660519700;www.studio-artdanse.fr;45.043079;-0.423181;2026;Africaine | Afro-contemporaine | Barre au Sol | Classique | Contemporain | Danse en solo Latine | Eveil à la Danse | Hip Hop | Jazz | Latines | Ragga | Regards chorégraphiques | Salsa | Salsa Team Styling | Street Dance;Danses ethniques | Afro-jazz | Barre au sol classique | Barre au sol contemporaine | Classique | Ateliers de création | Contemporain | Danses hip-hop | Modern jazz | Jazz | Danses latines | Salsa;https://www.ffdanse.fr/structures/5360-studio-art-danse;5360-studio-art-danse
Studio B;affiliated;AFFILIATED_STRUCTURE;Mairie;82710;BRESSOLS;tresorerie.studiob@gmail.com;0686517869;;43.9679229;1.3392031;2026;Barre au Sol | Classique | Eveil à la Danse | Jazz | Street Dance;Barre au sol classique | Barre au sol contemporaine | Classique | Modern jazz | Jazz | Danses hip-hop;https://www.ffdanse.fr/structures/2356-studio-b;2356-studio-b
Studio d'arts aériens Toulouse;affiliated;AFFILIATED_STRUCTURE;2 passage roquemaurel, apt 406 bat D;31300;Toulouse;marina_liloo@hotmail.com;0625226718;;43.5953238;1.4156581;2026;Danse aérienne;Danses aériennes;https://www.ffdanse.fr/structures/5847-studio-d-arts-aeriens-toulouse;5847-studio-d-arts-aeriens-toulouse
Studio d'arts chorégraphiques;affiliated;AFFILIATED_STRUCTURE;2, rue du Pourguedeuil;40130;capbreton;biancomarie-pierre@wanadoo.fr;0611036710;http://www.studio-arts-choregraphiques.com;43.6499918;-1.4087424;2026;Autres Danses | Autres Danses Du Monde | Claquettes | Classique | Comedie Musicale | Contemporain | Country And Line | Folklorique | Hip Hop | Indienne | Jazz | OLD : Salsa, Bachata, Kizomba | Societe | ancien nom à supprimer;Danses ethniques | Claquettes | Classique | Comédie musicale | Ateliers de création | Contemporain | Country & line | Danses traditionnelles | Danses hip-hop | Modern jazz | Jazz | Salsa | Bachata | Danses de salon;https://www.ffdanse.fr/structures/886-studio-d-arts-choregraphiques;886-studio-d-arts-choregraphiques
Studio dance 13;affiliated;AFFILIATED_STRUCTURE;Décathlon Village RN 8 - La Petite Bastide;13320;BOUC BEL AIR;contact@studiodance13.com;0681030231;www.studiodance13.com;43.4307776;5.3985932;2026;Autres Danses | Cabaret | Comedie Musicale | Hip Hop | Jazz | Lindy Hop | OLD : Salsa, Bachata, Kizomba | Rock et DA | Rock'n'Roll | Street Dance | Tango Argentin | West Coast Swing;Cabaret | Comédie musicale | Danses hip-hop | Modern jazz | Jazz | Lindy hop | Salsa | Bachata | Rock sauté | Rock'n'roll | Tango argentin | West Coast Swing;https://www.ffdanse.fr/structures/329-studio-dance-13;329-studio-dance-13
STUDIO DANCE 49;affiliated;AFFILIATED_STRUCTURE;11 bd charles barrange, studiodance49;49000;ANGERS;narangi.robert@studiodance49.com;0631569295;https://studiodance49.com;47.4711616;-0.5518257;2026;Afro-caribéennes | Autres Danses | Barre au Sol | Bollywood | Breaking | Classique | Contemporain | Danses Solo | Dix Danses | Eveil à la Danse | Hip Hop | Jazz | Latines | Lindy Hop | New Style | OLD : Salsa, Bachata, Kizomba | Ragga | Rock'n'Roll | Standards | Street Dance | West Coast Swing;Danses ethniques | Barre au sol classique | Barre au sol contemporaine | Breaking | Classique | Ateliers de création | Contemporain | Danses latines | Danses standards | Danses hip-hop | Modern jazz | Jazz | Lindy hop | Salsa | Bachata | Rock'n'roll | West Coast Swing;https://www.ffdanse.fr/structures/3348-studio-dance-49;3348-studio-dance-49
Studio danse 06;affiliated;AFFILIATED_STRUCTURE;711, chemin des clos, association;06220;Golfe Juan;studiodanse06@orange.fr;0631466812;www.studiodanse06.wixsite.com/sd06;43.5746426;7.0692249;2026;Bachata | Country And Line | Danses Solo | Lindy Hop | OLD : Salsa, Bachata, Kizomba | Rock et DA | Rock'n'Roll | Salsa | Societe | West Coast Swing | Zumba;Bachata | Country & line | Lindy hop | Salsa | Rock sauté | Rock'n'roll | Danses de salon | West Coast Swing | Zumba;https://www.ffdanse.fr/structures/161-studio-danse-06;161-studio-danse-06
STUDIO DANSE DOMMARTIN;recently_disaffiliated;UNAFFILIATED_STRUCTURE;4 PLACE de L'EGLISE;69380;DOMMARTIN;studio.danse.dommartin@gmail.com;0603833472;https://www.facebook.com/studiodansedommartin;45.837556;4.71234;;;;https://www.ffdanse.fr/structures/4832-studio-danse-dommartin;4832-studio-danse-dommartin
Studio Danse Elegance;affiliated;AFFILIATED_STRUCTURE;18 Rue Du Grenache;66280;Saleilles;angeliquepiedra@hotmail.com;0786922659;;42.6610162;2.9372222;2026;Bachata | Cabaret | Latines | Salsa;Bachata | Cabaret | Danses latines | Salsa;https://www.ffdanse.fr/structures/3439-studio-danse-elegance;3439-studio-danse-elegance
Studio Danse et Forme;affiliated;AFFILIATED_STRUCTURE;rue du Prieuré, Parc de Kergoz;22200;Guingamp;studiodanseformeggp22@gmail.com;0689479778;http://www.studiodanseguingamp.com/;48.563403;-3.14179;2026;Breaking | Classique | Eveil à la Danse | Hip Hop | House | Jazz | Pilates;Breaking | Classique | Danses hip-hop | Modern jazz | Jazz;https://www.ffdanse.fr/structures/3861-studio-danse-et-forme;3861-studio-danse-et-forme
Studio Danse Loudéac;affiliated;AFFILIATED_STRUCTURE;14 chemin des Livaudières, 22600;22600;Loudéac;studiodanseloudeac@gmail.com;0608459830;;48.188766;-2.752735;2026;Classique | Jazz;Classique | Modern jazz | Jazz;https://www.ffdanse.fr/structures/4042-studio-danse-loudeac;4042-studio-danse-loudeac
STUDIO DANSE MJP;affiliated;AFFILIATED_STRUCTURE;4 boulevard Galliéni;13560;SENAS;studiodansemjp@gmail.com;06.80.98.81.95;studiodansemjp.com;43.7459248;5.0778038;2026;Barre au Sol | Classique | Contemporain | Jazz | Regards chorégraphiques;Barre au sol classique | Barre au sol contemporaine | Classique | Ateliers de création | Contemporain | Modern jazz | Jazz;https://www.ffdanse.fr/structures/4112-studio-danse-mjp;4112-studio-danse-mjp
studio danse satori;affiliated;AFFILIATED_STRUCTURE;1349 boulevard Jean Moulin, 83700;83700;Saint-Raphaël;sdsvalerie@gmail.com;0661462095;;43.4282854;6.7903714;2026;Contemporain | Hip Hop;Ateliers de création | Contemporain | Danses hip-hop;https://www.ffdanse.fr/structures/5551-studio-danse-satori;5551-studio-danse-satori
STUDIO DE DANSE IMPULSION;affiliated;AFFILIATED_STRUCTURE;1 rue JEAN PIERRE PEDRAZZINI;66000;PERPIGNAN;impulsion66danse@gmail.com;06 81 53 02 02;https://impulsiondanse.kalisport.com;42.700205;2.9359152;2026;Classique | Jazz;Classique | Modern jazz | Jazz;https://www.ffdanse.fr/structures/4156-studio-de-danse-impulsion;4156-studio-de-danse-impulsion
STUDIO DE DANSE JBM;affiliated;AFFILIATED_STRUCTURE;35 rue de la Fonse;13180;Gignac la nerthe;studiodedansejbm@hotmail.com;0615623317;www.studiodedansejbm.com;43.3907663;5.2274323;2026;Classique | Hip Hop | House | Jazz | Latines | Locking | New Style | Poping | Salsa;Classique | Danses hip-hop | Modern jazz | Jazz | Danses latines | Salsa;https://www.ffdanse.fr/structures/6153-studio-de-danse-jbm;6153-studio-de-danse-jbm
Studio de danse l'univers du ballet;recently_disaffiliated;UNAFFILIATED_STRUCTURE;26, Chemin Saint Roch;83190;Ollioules;studiodedanseluniversduballet@gmail.com;0606667293;Studio de danse l'univers du ballet;43.1376722;5.8490354;2026;Autres Danses | Barre au Sol | Classique | Contemporain;Barre au sol classique | Barre au sol contemporaine | Classique | Ateliers de création | Contemporain;https://www.ffdanse.fr/structures/5309-studio-de-danse-l-univers-du-ballet;5309-studio-de-danse-l-univers-du-ballet
STUDIO E;affiliated;AFFILIATED_STRUCTURE;54 rue Sébastopol;29200;BREST;contact@studioedanse.fr;06.98.27.30.98;www.studioedanse.fr;48.3993958;-4.4708159;2026;Classique | Contemporain | Jazz | Transversal;Classique | Ateliers de création | Contemporain | Modern jazz | Jazz;https://www.ffdanse.fr/structures/2771-studio-e;2771-studio-e
Studio GEM’danser;affiliated;AFFILIATED_STRUCTURE;Mairie Place Albert Mossion;17260;GEMOZAC;studiogemdanser@gmail.com;0643193467;;45.5679;-0.6765;2026;Barre au Sol | Breaking | Classique | Hip Hop | House | Jazz | Krump | Locking | New Style | Poping | Street Dance;Barre au sol classique | Barre au sol contemporaine | Breaking | Classique | Danses hip-hop | Modern jazz | Jazz;https://www.ffdanse.fr/structures/3753-studio-gem-danser;3753-studio-gem-danser
STUDIO HARMONIE;affiliated;AFFILIATED_STRUCTURE;40 ROUTE DE MONTFAVET, 84000;84000;AVIGNON;studioharmonieavignon@gmail.com;0672762803;https://www.studioharmonieavignon.com/;43.9415169;4.8239514;2026;Barre au Sol | Cabaret | Classique | Contemporain | Hip Hop | House | Jazz | New Style | Orientale | Claquettes;Barre au sol classique | Barre au sol contemporaine | Cabaret | Classique | Ateliers de création | Contemporain | Danses hip-hop | Modern jazz | Jazz | Danses ethniques | Claquettes;https://www.ffdanse.fr/structures/5307-studio-harmonie;5307-studio-harmonie
STUDIO HMC;affiliated;AFFILIATED_STRUCTURE;10 RESIDENCE CASTANET;33710;PRIGNAC ET MARCAMPS;hmcstudio33@gmail.com;0620990986;https://www.studio-hmc.com;45.0301826;-0.4863145;2026;Classique | Contemporain | Eveil à la Danse | Flamenco | Hip Hop | Jazz | Latino Caraibes | Salsa;Classique | Ateliers de création | Contemporain | Flamenco | Danses hip-hop | Modern jazz | Jazz | Danses latino-caraïbes | Salsa;https://www.ffdanse.fr/structures/3392-studio-hmc;3392-studio-hmc
STUDIO J;affiliated;AFFILIATED_STRUCTURE;22, rue de Grands Champs;91700;Villiers sur orge;amlavignon@free.fr;0609593981;;48.663031;2.3048761;2026;Autres Danses | Eveil à la Danse | Jazz | Regards chorégraphiques | Zumba;Modern jazz | Jazz | Ateliers de création | Contemporain | Zumba;https://www.ffdanse.fr/structures/4023-studio-j;4023-studio-j
STUDIO J;recently_disaffiliated;UNAFFILIATED_STRUCTURE;18 RUE NEUVE D'ARGENSON;24100;BERGERAC;studioj.bergerac@gmail.com;0660926950;https://www.studio-j-pole-dance.fr;44.8497631;0.4844321;;;;https://www.ffdanse.fr/structures/4766-studio-j;4766-studio-j
Studio K-Danse;affiliated;AFFILIATED_STRUCTURE;2 bis, avenue Gershwin, 63200;63200;RIOM;studiokdanseriom@gmail.com;0673348292;;45.8975884;3.1374344;2026;Breaking | Classique | Contemporain | Eveil à la Danse | Hip Hop | House | Jazz | Jazz duo | Jazz groupe | Locking | New Style | Poping | Regards chorégraphiques;Breaking | Classique | Ateliers de création | Contemporain | Danses hip-hop | Modern jazz | Jazz;https://www.ffdanse.fr/structures/6352-studio-k-danse;6352-studio-k-danse
Studio Kalâa;affiliated;AFFILIATED_STRUCTURE;372 RUE GEORGES BESSE;83600;FREJUS;contact@studiokalaa.com;0676701851;www.studiokalaa.com;43.4398635;6.7164966;2026;Africaine | Barre au Sol | Classique | Contemporain | Danses Solo | Eveil à la Danse | Hip Hop | Jazz | Jazz groupe | New Style | Pilates | Pole Dance | Pole Sport | Ragga | Regards chorégraphiques | Street Dance;Danses ethniques | Barre au sol classique | Barre au sol contemporaine | Classique | Ateliers de création | Contemporain | Danses hip-hop | Modern jazz | Jazz | Pole dance | Pole sport;https://www.ffdanse.fr/structures/6354-studio-kalaa;6354-studio-kalaa
Studio Lisand;recently_disaffiliated;UNAFFILIATED_STRUCTURE;293, bd Pierre Loti, Le mas de Sainte Marguerite;83130;La Garde;lsnddanse@gmail.com;0652654118;https://lsnddanse.wixsite.com/lsnddanse;43.1120355;5.9878664;;;;https://www.ffdanse.fr/structures/5839-studio-lisand;5839-studio-lisand
STUDIO M;affiliated;AFFILIATED_STRUCTURE;1A rue de la pierre plantée;30100;ALES;studio-m@orange.fr;0613665352;;44.1147218;4.0989765;2026;Classique | Contemporain | Hip Hop | Jazz;Classique | Ateliers de création | Contemporain | Danses hip-hop | Modern jazz | Jazz;https://www.ffdanse.fr/structures/2491-studio-m;2491-studio-m
STUDIO M'POLE DANCE;affiliated;AFFILIATED_STRUCTURE;255C CHEMIN DE VERDACHE;84240;LA TOUR D'AIGUES;marine.sabatier@live.fr;0646254703;;43.7218267;5.5500469;2026;Pole Dance;Pole dance;https://www.ffdanse.fr/structures/6317-studio-m-pole-dance;6317-studio-m-pole-dance
STUDIO MK DANCE;affiliated;AFFILIATED_STRUCTURE;40 route de la vallée verte;06130;GRASSE;studio.mkdance@gmail.com;0662150041;http://www.studio-mkdance.com;43.6546753;6.9056723;2026;Jazz;Modern jazz | Jazz;https://www.ffdanse.fr/structures/145-studio-mk-dance;145-studio-mk-dance
Studio petits pas;affiliated;AFFILIATED_STRUCTURE;60 rue Ulysse Gayon;33000;BORDEAUX;studio.petitspas@gmail.com;0663511414;;44.85272;-0.5935237;2026;Classique | Contemporain | Hip Hop | Jazz;Classique | Ateliers de création | Contemporain | Danses hip-hop | Modern jazz | Jazz;https://www.ffdanse.fr/structures/667-studio-petits-pas;667-studio-petits-pas
Studio PLC'Danse;affiliated;AFFILIATED_STRUCTURE;1332 route de barjols;83470;Saint - maximin;studioplcdanse@gmail.com;0787948911;;43.471928;5.868618;2026;Breaking | Cabaret | Contemporain | Danse en solo Latine | Eveil à la Danse | Hip Hop | House | Jazz | Locking | New Style | Poping | Ragga | Street Dance;Breaking | Cabaret | Ateliers de création | Contemporain | Danses hip-hop | Modern jazz | Jazz;https://www.ffdanse.fr/structures/5317-studio-plc-danse;5317-studio-plc-danse
STUDIO PULSATION;affiliated;AFFILIATED_STRUCTURE;15 bis chemin du Fort d'Herval;13990;Fontvieille;studio.pulsation@gmail.com;0646980677;;43.7315727;4.70471;2026;Jazz | Street Dance;Modern jazz | Jazz | Danses hip-hop;https://www.ffdanse.fr/structures/5813-studio-pulsation;5813-studio-pulsation
Studio Rythm'n Dance;recently_disaffiliated;UNAFFILIATED_STRUCTURE;12 rue d'Artois;68390;Sausheim;studiorythmndance@gmail.com;+33389449029;www.studio-rythmn-dance.fr;47.8150824;7.3127654;;;;https://www.ffdanse.fr/structures/1365-studio-rythm-n-dance;1365-studio-rythm-n-dance
STUDIO TEMPS DANSE;affiliated;AFFILIATED_STRUCTURE;Lotissement Pachiou et Mahos;40390;St Martin de Seignanx;studiotempsdanse@gmail.com;0663710011;;43.549524;-1.398563;2026;Classique | Jazz;Classique | Modern jazz | Jazz;https://www.ffdanse.fr/structures/4820-studio-temps-danse;4820-studio-temps-danse
Studio TempsDanse;affiliated;AFFILIATED_STRUCTURE;14 rue des Potiers, 11400;11400;Castelnaudary;lb.tempsdanse@gmail.com;0681237619;www.studio-tempsdanse.fr;43.3205146;1.9585904;2026;Afro-contemporaine | Classique | Comedie Musicale | Contemporain | Danse Inclusive | Eveil à la Danse | Jazz | Latines | Pilates | Ragga | Salsa | Street Dance;Afro-jazz | Classique | Comédie musicale | Ateliers de création | Contemporain | Modern jazz | Jazz | Danses latines | Danses hip-hop | Salsa;https://www.ffdanse.fr/structures/6112-studio-tempsdanse;6112-studio-tempsdanse
Studio Tina;affiliated;AFFILIATED_STRUCTURE;127 rue paul trilles;11210;Port la nouvelle;studiotina.pln@gmail.com;0601213872;;43.0135178;3.0516144;2026;Classique | Contemporain | Eveil à la Danse | Jazz | Regards chorégraphiques | Street Dance | Zumba | Pilates;Classique | Ateliers de création | Contemporain | Modern jazz | Jazz | Danses hip-hop | Zumba;https://www.ffdanse.fr/structures/5724-studio-tina;5724-studio-tina
Studio Vibe'S 83;affiliated;AFFILIATED_STRUCTURE;116 avenue de digne;83130;LA GARDE;studiovibesdanse@gmail.com;0623193591;www.studiovibes.fr;43.1478664;6.0345863;2026;Africaine | Barre au Sol | Cabaret | Classique | Contemporain | Flamenco | Hip Hop | Jazz | Orientale | Ragga | Street Dance | Tango Argentin;Danses ethniques | Barre au sol classique | Barre au sol contemporaine | Cabaret | Classique | Ateliers de création | Contemporain | Flamenco | Danses hip-hop | Modern jazz | Jazz | Tango argentin;https://www.ffdanse.fr/structures/4288-studio-vibe-s-83;4288-studio-vibe-s-83
Studio Zotia;affiliated;AFFILIATED_STRUCTURE;322 impasse des Alpes;38160;Marcilloles;studiozotia@gmail.com;0676524105;www.studiozotia.com;45.3442525;5.2077376;2026;Cabaret | Danse aérienne | Pole Dance | Pole Sport;Cabaret | Danses aériennes | Pole dance | Pole sport;https://www.ffdanse.fr/structures/5795-studio-zotia;5795-studio-zotia
STUDIO-DANSE;affiliated;AFFILIATED_STRUCTURE;6 route du pont de Martin;33770;SALLES;studiodansesalles@gmail.com;0646740423;;44.5529663;-0.8586433;2026;Africaine | Autres Danses | Barre au Sol | Breaking | Cabaret | Classique | Contemporain | Danse Inclusive | Danses Solo | Dix Danses | Eveil à la Danse | Hip Hop | Jazz | Latines | OLD : Salsa, Bachata, Kizomba | Ragga | Regards chorégraphiques | Salsa | Standards | Street Dance | Zumba | ancien nom à supprimer;Danses ethniques | Barre au sol classique | Barre au sol contemporaine | Breaking | Cabaret | Classique | Ateliers de création | Contemporain | Danses latines | Danses standards | Danses hip-hop | Modern jazz | Jazz | Salsa | Bachata | Zumba;https://www.ffdanse.fr/structures/2508-studio-danse;2508-studio-danse
Studio134;affiliated;AFFILIATED_STRUCTURE;89 BOULEVARD GAMBETTA;69400;VILLEFRANCHE SUR SAONE;studio134@hotmail.fr;0662309097;www.studio134.fr;45.9905781;4.7149043;2026;Africaine | Autres Danses | Bachata | Barre au Sol | Breaking | Cabaret | Classique | Comedie Musicale | Contemporain | Danse Show | Danses Solo | Eveil à la Danse | Flamenco | Hip Hop | House | Jazz | Kizomba | Latines | Latino Caraibes | New Style | OLD : Salsa, Bachata, Kizomba | Orientale | Ragga | Regards chorégraphiques | Rock et DA | Rock'n'Roll | Salsa | Street Dance | Tango Argentin | West Coast Swing | Zumba;Danses ethniques | Bachata | Barre au sol classique | Barre au sol contemporaine | Breaking | Cabaret | Classique | Comédie musicale | Ateliers de création | Contemporain | Disco | Flamenco | Danses hip-hop | Modern jazz | Jazz | Kizomba | Danses latines | Danses latino-caraïbes | Salsa | Rock sauté | Rock'n'roll | Tango argentin | West Coast Swing | Zumba;https://www.ffdanse.fr/structures/1408-studio134;1408-studio134
STUDIOD23;affiliated;AFFILIATED_STRUCTURE;23 Rue Romain Rolland;58000;NEVERS;studiodanse23@gmail.com;0658698920;;47.0029979;3.1493767;2026;Cabaret | Jazz;Cabaret | Modern jazz | Jazz;https://www.ffdanse.fr/structures/5412-studiod23;5412-studiod23
Studios contigus;affiliated;AFFILIATED_STRUCTURE;15 allée Vert Parc;13009;MARSEILLE;micnegro@numericable.fr;0491326012;;43.2652215;5.4169911;2026;Classique | Contemporain | Hip Hop;Classique | Ateliers de création | Contemporain | Danses hip-hop;https://www.ffdanse.fr/structures/257-studios-contigus;257-studios-contigus
STYLE DANCE;affiliated;AFFILIATED_STRUCTURE;1573 ROUTE DE SAINT SULPICE;38150;SONNAY;assostyledance@gmail.com;06 60 40 53 68;https://asso-style-dance.com/;45.3452018;4.9402528;2026;Barre au Sol | Classique | Comedie Musicale | Contemporain | Eveil à la Danse | Jazz groupe | Pilates | Street Dance;Barre au sol classique | Barre au sol contemporaine | Classique | Comédie musicale | Ateliers de création | Contemporain | Danses hip-hop;https://www.ffdanse.fr/structures/6266-style-dance;6266-style-dance
Style danse;affiliated;AFFILIATED_STRUCTURE;4774, RN7 , quartier Les Prairies;83550;VIDAUBAN;humeaug@orange.fr;0494731045;;0;0;2026;Claquettes | Classique | Contemporain | Hip Hop | Jazz | Latines;Claquettes | Classique | Ateliers de création | Contemporain | Danses hip-hop | Modern jazz | Jazz | Danses latines;https://www.ffdanse.fr/structures/1679-style-danse;1679-style-danse
Style danse;recently_disaffiliated;UNAFFILIATED_STRUCTURE;31 rue Désiré Mathivet;71700;Tournus;styledanse@gmail.com;0608776149;styledansetournus.com;46.5611573;4.9137019;2026;Autres Danses | Bachata | Boogie Woogie | Breaking | Claquettes | Contemporain | Danse Show | Disco | Dix Danses | Eveil à la Danse | Hip Hop | Jazz | Latines | Lindy Hop | New Style | OLD : Salsa, Bachata, Kizomba | Regards chorégraphiques | Rock | Rock Acrobatique | Rock Formation | Rock Saute | Rock et DA | Rock'n'Roll | Salsa | Show Dance Latine | Show Dance Standard | Show Latino Caraïbe | Societe | Solo Team Lat / Std | Standards | Street Dance | Tango Argentin | West Coast Swing;Bachata | Boogie-Woogie | Breaking | Claquettes | Ateliers de création | Contemporain | Disco | Danses latines | Danses standards | Danses hip-hop | Modern jazz | Jazz | Lindy hop | Salsa | Rock'n'roll | Rock acrobatique | Rock sauté | Danses latino-caraïbes | Danses de salon | Tango argentin | West Coast Swing;https://www.ffdanse.fr/structures/1424-style-danse;1424-style-danse
Style Danse 93;recently_disaffiliated;UNAFFILIATED_STRUCTURE;28 Allée Paul Fort;93270;SEVRAN;style.danse93@gmail.com;0637684413;http://styledanse93.com;48.9453246;2.5479532;;;;https://www.ffdanse.fr/structures/2580-style-danse-93;2580-style-danse-93
Sud danse sportive;affiliated;AFFILIATED_STRUCTURE;17 rue Pasteur, Mayfair;06240;BEAUSOLEIL;suddansesportive@gmail.com;0609736335;;43.7393706;7.4171178;2026;Danse en solo Latine | Dix Danses | Latines | Standards | West Coast Swing;Danses latines | Danses standards | West Coast Swing;https://www.ffdanse.fr/structures/185-sud-danse-sportive;185-sud-danse-sportive
Sun line dance;affiliated;AFFILIATED_STRUCTURE;rue des amandiers, Résidence les hauts créoles;97229;Les trois ilets;sunlinedance972@gmail.com;0638676580;;14.5543694;-61.052777;2026;Country And Line;Country & line;https://www.ffdanse.fr/structures/5249-sun-line-dance;5249-sun-line-dance
Sun west country;affiliated;AFFILIATED_STRUCTURE;24 rue de la Felicite;85160;Saint Jean de Monts;sunwestcountry85@gmail.com;0618451786;;46.7959386;-2.0663098;2026;Country And Line;Country & line;https://www.ffdanse.fr/structures/1792-sun-west-country;1792-sun-west-country
SUPER-BESSE COUNTRY & LINE;affiliated;AFFILIATED_STRUCTURE;2 place de la Mairie, Mairie;63610;BESSE-ET-SAINT-ANASTAISE;superbessecountryandline@gmail.com;0621717860;;45.5125537;2.933627;2026;Country And Line;Country & line;https://www.ffdanse.fr/structures/6298-super-besse-country-line;6298-super-besse-country-line
Supreme Legacy;affiliated;AFFILIATED_STRUCTURE;88 rue de l'oradou;63000;Clermont-Ferrand;contact@supreme-legacy.fr;0698278346;www.supreme-legacy.fr;45.7702977;3.104893;2026;Breaking | Hip Hop | House | Krump | Locking | New Style | Poping | Street Dance;Breaking | Danses hip-hop;https://www.ffdanse.fr/structures/3304-supreme-legacy;3304-supreme-legacy
Sweet'Danses;affiliated;AFFILIATED_STRUCTURE;10 TER RUE DE LA GARENNE;69360;SEREZIN DU RHONE;sweetdanses@gmail.com;0603228479;;45.6259158;4.83443;2026;Country And Line | Latines | Rock'n'Roll | Societe | Tango Argentin | Country Danse en Couple - DC | Country Danse en Couple - DC Pro AM | Country Danse en Formation - DF Cabaret Team | Country Danse en Formation - DF Crea Team | Country Danse en Formation - DF Duo | Country Danse en Formation - DF Loisirs Team | Country Danse en Formation - DF Quad | Country Danse en Formation - DF Show Team | Country Danse en ligne - DL | Country Danse en Ligne - DL Pop Line | Country Danse Partner - DP | Country Ecriture Choregraphique - EC | DC Pro AM;Country & line | Danses latines | Rock'n'roll | Danses de salon | Tango argentin;https://www.ffdanse.fr/structures/1388-sweet-danses;1388-sweet-danses
SWEET'KIZOMBA;affiliated;AFFILIATED_STRUCTURE;4 rue du Vercors;37100;Tours;sophy.kizomba@gmail.com;0632195233;;47.4169248;0.6956046;2026;Kizomba | Kizomba Chorégraphie | Kizomba Improvisation Traditionnelle | Kizomba Improvisation Urban;Kizomba;https://www.ffdanse.fr/structures/6329-sweet-kizomba;6329-sweet-kizomba
Swing & Pole Studio;affiliated;AFFILIATED_STRUCTURE;13 rue André Citroën;31130;Balma;contact@swingandpolestudio.com;0673457720;www.swingandpolestudio.com;43.6284851;1.4871876;2026;Boogie Woogie | Cabaret | Comedie Musicale | Danse Verticale | Danse aérienne | Danses Solo | Jazz | Parapole Artistique | Parapole sport | Pilates | Pole Dance | Pole Sport | Rock;Boogie-Woogie | Cabaret | Comédie musicale | Danses aériennes | Modern jazz | Jazz | Pole dance | Pole sport | Rock'n'roll;https://www.ffdanse.fr/structures/5782-swing-pole-studio;5782-swing-pole-studio
SWING HOP;affiliated;AFFILIATED_STRUCTURE;298 CHEMIN DES FARIGOULES;13105;MIMET;cathy.marietti@wanadoo.fr;0612538515;;43.416219;5.522805;2026;Lindy Hop;Lindy hop;https://www.ffdanse.fr/structures/4508-swing-hop;4508-swing-hop
Swing Penn Ar Bed;affiliated;AFFILIATED_STRUCTURE;185 route de Ruscumunoc;29810;Plouarzel;swingpennarbed@outlook.fr;0298893308;swingpennarbed.fr;48.4214489;-4.7822113;2026;Bachata | Country And Line | Danse en solo Latine | Danse en solo Standard | Danses Solo | Eveil à la Danse | Latines | Rock | Salsa | Show Dance Standard | Societe | Solo Team Lat / Std | Standards;Bachata | Country & line | Danses latines | Rock'n'roll | Salsa | Danses standards | Danses de salon;https://www.ffdanse.fr/structures/550-swing-penn-ar-bed;550-swing-penn-ar-bed
Swing yer tartan ! Danse écossaise;affiliated;AFFILIATED_STRUCTURE;9 KERMARC'H;22200;PLOUISY;swing.yer.tartan@gmail.com;0768421067;https://asso.alternaweb.org/danseecossaiseploumagoar;48.5977412;-3.2177595;2026;Folklorique;Danses traditionnelles;https://www.ffdanse.fr/structures/2714-swing-yer-tartan-danse-ecossaise;2714-swing-yer-tartan-danse-ecossaise
Swing, Mouv et Surprise Party;affiliated;AFFILIATED_STRUCTURE;La Forte Ecuyère;53970;MONTIGNE LE BRILLANT;sms-p@wanadoo.fr;0671384324;www.smsp53.net;48.0093942;-0.812844;2026;Bachata | Country And Line | Rock'n'Roll | Salsa | Societe | ancien nom à supprimer;Bachata | Country & line | Rock'n'roll | Salsa | Danses de salon;https://www.ffdanse.fr/structures/1048-swing-mouv-et-surprise-party;1048-swing-mouv-et-surprise-party
SwingINarbonne;affiliated;AFFILIATED_STRUCTURE;Salle Les Lauriers - Parc des Sports, Avenue Hubert Mouly;11100;Narbonne;cours@swinginarbonne.com;0667040275;https://www.swinginarbonne.com;43.1813617;3.018612;2026;Lindy Hop | Societe;Lindy hop | Danses de salon;https://www.ffdanse.fr/structures/224-swinginarbonne;224-swinginarbonne
Swivel danse;recently_disaffiliated;UNAFFILIATED_STRUCTURE;4 rue de la croix des barres;45140;jargeau;sissile@wanadoo.fr;0621512545;;47.856356;2.1290794;;;;https://www.ffdanse.fr/structures/989-swivel-danse;989-swivel-danse
SYNERGIE DANSE;affiliated;AFFILIATED_STRUCTURE;1 RUE SAINT JACQUES DE BEZEGOND;91150;ETAMPES;studioartdance@gmail.com;0677153116;;48.4374076;2.1653671;2026;Classique | Comedie Musicale | Contemporain | Eveil à la Danse | Hip Hop | Jazz | Pole Dance | Zumba;Classique | Comédie musicale | Ateliers de création | Contemporain | Danses hip-hop | Modern jazz | Jazz | Pole dance | Zumba;https://www.ffdanse.fr/structures/3970-synergie-danse;3970-synergie-danse
Synopsisyouthballet;affiliated;AFFILIATED_STRUCTURE;59 avenue Leclerc;66000;Perpignan;ecole@synopsis-danse.fr;0468342437;synopsis danse;42.7002999;2.8877605;2026;Barre au Sol | Classique | Contemporain | Eveil à la Danse | Hip Hop | Jazz | New Style | Regards chorégraphiques;Barre au sol classique | Barre au sol contemporaine | Classique | Ateliers de création | Contemporain | Danses hip-hop | Modern jazz | Jazz;https://www.ffdanse.fr/structures/3155-synopsisyouthballet;3155-synopsisyouthballet
Sénart Danse Passion;affiliated;AFFILIATED_STRUCTURE;Mairie 9 Place de la Mairie;77176;NANDY;sdpnandy77@gmail.com;0673667273;senartdansepassion.fr;48.589544798212;2.5745896460937;2026;Bachata | Boogie Woogie | Country And Line | Dix Danses | Kizomba | Latines | Lindy Hop | Rock | Rock'n'Roll | Salsa | Societe | Standards;Bachata | Boogie-Woogie | Country & line | Danses latines | Danses standards | Kizomba | Lindy hop | Rock'n'roll | Salsa | Danses de salon;https://www.ffdanse.fr/structures/1575-senart-danse-passion;1575-senart-danse-passion
Tabou tango;recently_disaffiliated;UNAFFILIATED_STRUCTURE;6 rue Saint Firmin, 30700;30700;UZES;shampartzoumian@free.fr;0662700677;http://taboutangouzes.over-blog.com/;44.0172111;4.421092;;;;https://www.ffdanse.fr/structures/4372-tabou-tango;4372-tabou-tango
TALLENDE COUNTRY PASSION;affiliated;AFFILIATED_STRUCTURE;3 hameau de la Chapelle;63450;TALLENDE;tallendecountrypassion@gmail.com;0621717860;www.tallende-country-passion.com;45.6694442;3.1290736;2026;Country And Line;Country & line;https://www.ffdanse.fr/structures/3257-tallende-country-passion;3257-tallende-country-passion
Tamm Kreiz;affiliated;AFFILIATED_STRUCTURE;8, rue Jules Ferry;29720;Ploneour-Lanvern;association.tammkreiz@gmail.com;0298826255;;47.903311;-4.2843057;2026;Jazz;Modern jazz | Jazz;https://www.ffdanse.fr/structures/555-tamm-kreiz;555-tamm-kreiz
Tandem Dance;affiliated;AFFILIATED_STRUCTURE;9 bis Rue Galliéni;91430;IGNY;accueil@tandem-dance.org;0660253448;https://www.tandem-dance.org;48.7391617;2.2214238;2026;Bachata | Danse en solo Latine | Danse en solo Standard | Dix Danses | Latines | Standards;Bachata | Danses latines | Danses standards;https://www.ffdanse.fr/structures/1868-tandem-dance;1868-tandem-dance
Tango Barrio;affiliated;AFFILIATED_STRUCTURE;3 chemin du Busquet, Rés.Busquet. Bât D;64100;BAYONNE;tangobarrio@yahoo.fr;0624592464;http://tangobarrio.e-monsite.com;43.4824593;-1.5012569;2026;Societe | Tango Argentin;Danses de salon | Tango argentin;https://www.ffdanse.fr/structures/1268-tango-barrio;1268-tango-barrio
TANGO CAFETIN;affiliated;AFFILIATED_STRUCTURE;2 PLACE DE LA MAIRIE;86470;LAVAUSSEAU  / BOIVRE LA VALLEE;tangocafetin@gmail.com;0630352640;;46.5581876;0.0740251;2026;Tango Argentin;Tango argentin;https://www.ffdanse.fr/structures/5989-tango-cafetin;5989-tango-cafetin
TANGOFELIZ;affiliated;AFFILIATED_STRUCTURE;1 rue des Grives Musiciennes Mairie;16430;CHAMPNIERS;16tangofeliz@gmail.com;0679253669;https://tangofeliz16.fr;45.7148899;0.205213;2026;Tango Argentin;Tango argentin;https://www.ffdanse.fr/structures/5867-tangofeliz;5867-tangofeliz
Tap Dance et Jazz;recently_disaffiliated;UNAFFILIATED_STRUCTURE;11, rue des Hironvales, MCA - Maison Creilloise des Associations;60100;CREIL;tapdanceetjazz@gmail.com;+33699023629;http://www.tapdanceetjazz.fr;49.2534391;2.4686917;;;;https://www.ffdanse.fr/structures/1180-tap-dance-et-jazz;1180-tap-dance-et-jazz
Tap's in St Pant;affiliated;AFFILIATED_STRUCTURE;565 route des côteaux, Achez;19600;SAINT CERNIN DE LARCHE;tapsinstpant19@gmail.com;0761978136;;45.1025769;1.413898;2026;Africaine | Claquettes | Classique | Eveil à la Danse | Jazz | Zumba;Danses ethniques | Claquettes | Classique | Modern jazz | Jazz | Zumba;https://www.ffdanse.fr/structures/399-tap-s-in-st-pant;399-tap-s-in-st-pant
TE PŪPŪ HERE;affiliated;AFFILIATED_STRUCTURE;7BIS RUE SAINT-VINCENT, BP 20170;09104;PAMIERS CEDEX;association@tepupuhere.fr;07 45 13 20 90;www.tepupuhere.fr;43.1132883;1.6064772;2026;Autres Danses | Autres Danses Du Monde | Folklorique;Danses ethniques | Danses traditionnelles;https://www.ffdanse.fr/structures/5277-te-pupu-here;5277-te-pupu-here
TEAM ARNAUD DANSE SHOW;affiliated;AFFILIATED_STRUCTURE;1075 ROUTE DES PINS;01400;CONDEISSIAT;dufour.arnaud390@orange.fr;0648329679;www.arnaud-dufour.fr;46.1467211;5.0859542;2026;Boogie Formation | Boogie Juniors | Boogie Main Class | Boogie Rising Star | Boogie Seniors | Boogie Woogie | Boogie Woogie Fédéral | Formation Rock Girls | Formation Rock Juniors | Formation Rock Ladies | Formation Rock Main Class | Formation Rock Main Class Quattro | Lindy Hop Fédéral | Lindy Hop Junior | Lindy Hop Main Class | Lindy Hop Senior 1 | Lindy Hop Senior 2 | Lindy Hop Show case | Rock | Rock Acrobatique | Rock Acrobatique Fédéral | Rock Artistique Fédéral | Rock Children | Rock Couple Dance Show | Rock Formation | Rock Juniors | Rock Juveniles | Rock Main Class Contact Style | Rock Main Class Free Style | Rock Saute | Rock et DA | Rock'n Roll Fédéral | Rock'n'Roll | Small Formation Rock Ladies | Small formation Rock Girls | West Coast Swing;Boogie-Woogie | Rock'n'roll | Rock acrobatique | Rock sauté | West Coast Swing;https://www.ffdanse.fr/structures/2530-team-arnaud-danse-show;2530-team-arnaud-danse-show
Team dance;affiliated;AFFILIATED_STRUCTURE;49 ROUTE DE CLERMONT;63920;PESCHADOIRES;teamdance63@gmail.com;0664116148;;45.8366058;3.4920348;2026;Street Dance | Zumba;Danses hip-hop | Zumba;https://www.ffdanse.fr/structures/1256-team-dance;1256-team-dance
Team Pole Addict by Alizee;affiliated;AFFILIATED_STRUCTURE;2161 avenue Pierre Auguste Renoir;83500;La Seyne sur mer;teampoleaddict@gmail.com;0623792786;;43.086096;5.857225;2026;Pole Dance;Pole dance;https://www.ffdanse.fr/structures/2514-team-pole-addict-by-alizee;2514-team-pole-addict-by-alizee
Team'staff;affiliated;AFFILIATED_STRUCTURE;24 rue Léon Blum;69100;VILLEURBANNE;annieperga@gmail.com;0472339421;;45.7593128;4.8927035;2026;Boogie Woogie | Rock Saute | Rock et DA;Boogie-Woogie | Rock sauté | Rock'n'roll;https://www.ffdanse.fr/structures/1372-team-staff;1372-team-staff
TEAM...Z;recently_disaffiliated;UNAFFILIATED_STRUCTURE;9 avenue Michel-Ange;95270;Belloy-en-France;teamz.7775@gmail.com;0612575134;;49.0887106;2.3751465;;;;https://www.ffdanse.fr/structures/3991-team-z;3991-team-z
TEMP'O ASSOCIATION DE DANSE ET EXPRESSION GYMNASTIQUE DE SAINT MARS LA BRIERE;affiliated;AFFILIATED_STRUCTURE;29 rue de la Merize;72370;Le breil sur Merize;asso.danse.stmarslabriere@gmail.com;0622252476;;48.0032422;0.4719651;2026;Autres Danses | Contemporain;Ateliers de création | Contemporain;https://www.ffdanse.fr/structures/2365-temp-o-association-de-danse-et-expression-gymnastique-de-saint-mars-la-briere;2365-temp-o-association-de-danse-et-expression-gymnastique-de-saint-mars-la-briere
TEMPL'ART;affiliated;AFFILIATED_STRUCTURE;578 Route des Gravelines, Maison Frappier  Chambord;47110;LE TEMPLE SUR LOT;cha.balou@wanadoo.fr;0674278780;;44.3813263;0.5486239;2026;Bachata | Danse en solo Latine | Danse en solo Standard | Kizomba | Latines | Rock | Salsa | Standards;Bachata | Kizomba | Danses latines | Rock'n'roll | Salsa | Danses standards;https://www.ffdanse.fr/structures/3306-templ-art;3306-templ-art
Tempo Dance Club;affiliated;AFFILIATED_STRUCTURE;4, rue de la Gare;68116;Guewenheim;tempodanceclub@free.fr;0621835656;;47.7506046;7.0920961;2026;Autres Danses | Societe;Danses de salon;https://www.ffdanse.fr/structures/1361-tempo-dance-club;1361-tempo-dance-club
Tempo Dance Nyons;affiliated;AFFILIATED_STRUCTURE;28 avenue Jules Bernard;26110;Nyons;contact@tempodancenyons.fr;04 75 27 11 12;www.tempodancenyons.fr;44.3582335;5.136712;2026;Africaine | Afro-caribéennes | Autres Danses | Bachata | Contemporain | Eveil à la Danse | Flamenco | Hip Hop | Jazz | Kizomba | Lindy Hop | Pilates | Ragga | Rock | Salsa | Street Dance | West Coast Swing | Zumba;Danses ethniques | Bachata | Ateliers de création | Contemporain | Flamenco | Danses hip-hop | Modern jazz | Jazz | Kizomba | Lindy hop | Rock'n'roll | Salsa | West Coast Swing | Zumba;https://www.ffdanse.fr/structures/5862-tempo-dance-nyons;5862-tempo-dance-nyons
TEMPO DANSE;affiliated;AFFILIATED_STRUCTURE;LIEU DIT, TREMOULOUX;48100;PRINSUEJOLS MALBOUZON;tempo.danse@free.fr;0618011855;tempodanse48.venez.fr;44.7006;3.1355004;2026;Claquettes | Classique | Comedie Musicale | Eveil à la Danse | Flamenco | Hip Hop | Jazz;Claquettes | Classique | Comédie musicale | Flamenco | Danses hip-hop | Modern jazz | Jazz;https://www.ffdanse.fr/structures/4174-tempo-danse;4174-tempo-danse
Tempo Danse;affiliated;AFFILIATED_STRUCTURE;46 rue de la boulangerie;97419;La possession;vcazal.tda@gmail.com;0692836821;;-20.9294936;55.3360824;2026;Bollywood | Breaking | Comedie Musicale | Contemporain | Danse en solo Latine | Eveil à la Danse | Hip Hop | Jazz | Latines | Show Dance Standard | Street Dance | Afro-caribéennes;Danses ethniques | Breaking | Comédie musicale | Ateliers de création | Contemporain | Danses hip-hop | Modern jazz | Jazz | Danses latines | Danses standards;https://www.ffdanse.fr/structures/2005-tempo-danse;2005-tempo-danse
Tempo music;affiliated;AFFILIATED_STRUCTURE;1 rue de cerdagne;66280;Saleilles;ecole.angeldancers@gmail.com;0663947316;;42.6576968;2.9273132;2026;Latines | Standards;Danses latines | Danses standards;https://www.ffdanse.fr/structures/4969-tempo-music;4969-tempo-music
Temps Danciel;affiliated;AFFILIATED_STRUCTURE;2 av JB Carassou;64500;CIBOURE;tempsdanciel@gmail.com;0687571685;;43.3839064;-1.6697912;2026;Barre au Sol | Classique | Eveil à la Danse | Jazz | Regards chorégraphiques;Barre au sol classique | Barre au sol contemporaine | Classique | Modern jazz | Jazz | Ateliers de création | Contemporain;https://www.ffdanse.fr/structures/4357-temps-danciel;4357-temps-danciel
Temps Danse;affiliated;AFFILIATED_STRUCTURE;25 impasse du Boesader;57150;CREUTZWALD;goedertmelanie@yahoo.fr;0688713558;;49.1924767;6.6719831;2026;Jazz;Modern jazz | Jazz;https://www.ffdanse.fr/structures/1091-temps-danse;1091-temps-danse
Temps danse;affiliated;AFFILIATED_STRUCTURE;8 rue Marconi;93700;DRANCY;stephanie.bethelot@hotmail.fr;0624260214;;48.9329866;2.4588195;2026;Classique | Jazz;Classique | Modern jazz | Jazz;https://www.ffdanse.fr/structures/1919-temps-danse;1919-temps-danse
Temps danse;affiliated;AFFILIATED_STRUCTURE;17 Rue Roger Salengro;70100;ARC-LES-GRAY;temps_danse@hotmail.fr;07.81.11.50.14;;47.4593244;5.5808708;2026;Autres Danses | Hip Hop | Transversal;Danses hip-hop;https://www.ffdanse.fr/structures/1414-temps-danse;1414-temps-danse
temps danse;affiliated;AFFILIATED_STRUCTURE;11 rue benoit frachon;13230;port saint louis du rhône;tempsdanse13@hotmail.fr;0609855647;;43.3932335;4.8062615;2026;Classique | Jazz | ancien nom à supprimer;Classique | Modern jazz | Jazz;https://www.ffdanse.fr/structures/3236-temps-danse;3236-temps-danse
TEMPS DANSE;recently_disaffiliated;UNAFFILIATED_STRUCTURE;80 rue ampère, 03400;03400;YZEURE;tempsdanse03@gmail.com;0621041267;;46.5528182;3.3441503;;;;https://www.ffdanse.fr/structures/2985-temps-danse;2985-temps-danse
Temps Danse 65;affiliated;AFFILIATED_STRUCTURE;2 boulevard Henri IV, 65000;65000;Tarbes;contact@tempsdanse65.fr;0624443946;www.tempsdanse65.fr;43.2326052;0.064653;2026;Barre au Sol | Classique | Contemporain | Jazz | Street Dance;Barre au sol classique | Barre au sol contemporaine | Classique | Ateliers de création | Contemporain | Modern jazz | Jazz | Danses hip-hop;https://www.ffdanse.fr/structures/4279-temps-danse-65;4279-temps-danse-65
Temps de danses;affiliated;AFFILIATED_STRUCTURE;13 rue Paul Gauguin;78960;Voisins le bretonneux;tempsdedanses@gmail.com;0608570935;;48.7550053;2.0642869;2026;Danse Historique;Danse historique;https://www.ffdanse.fr/structures/3198-temps-de-danses;3198-temps-de-danses
TEMPS'DANSE;affiliated;AFFILIATED_STRUCTURE;place de la Mairie;29610;Plouigneau;asso.tempsdanseplouigneau@gmail.com;0668042464;tempsdanseplouigneau.fr;48.5674844;-3.7013487;2026;Autres Danses | Jazz;Modern jazz | Jazz;https://www.ffdanse.fr/structures/3926-temps-danse;3926-temps-danse
TEMPSDANSE;affiliated;AFFILIATED_STRUCTURE;Mairie;02170;LE NOUVION EN THIERACHE;juliettemalfait@hotmail.com;0614409372;;50.016531;3.7844346;2026;Jazz groupe;;https://www.ffdanse.fr/structures/6262-tempsdanse;6262-tempsdanse
TempsDanse83;affiliated;AFFILIATED_STRUCTURE;2295 route départementale 554;83210;Belgentier;jeanclaude.cultiaux@gmail.com;0625968796;;43.2274823;6.0148829;2026;Bachata | Bachata Team Couple | Boogie Woogie | Dix Danses | Kizomba | Kizomba Chorégraphie | Rock | Rock Acrobatique | Rock Saute | Rock'n Roll Fédéral | Rock'n'Roll | Salsa | Salsa Team Couple | Show Dance Latine | Show Dance Standard | Standards | Tango Argentin | West Coast Swing;Bachata | Boogie-Woogie | Danses latines | Danses standards | Kizomba | Rock'n'roll | Rock acrobatique | Rock sauté | Salsa | Tango argentin | West Coast Swing;https://www.ffdanse.fr/structures/5675-tempsdanse83;5675-tempsdanse83
TEMPSDANSES;affiliated;AFFILIATED_STRUCTURE;7 avenue Victor hugo;88000;Epinal;maeva.memic@gmail.com;0612061994;https://www.facebook.com/tempsdanses88;48.1754431;6.4435734;2026;Bachata | Breaking | Comedie Musicale | Danse Show | Danses Solo | Eveil à la Danse | Hip Hop | Kizomba | Latino Caraibes | New Style | Rock'n'Roll | Salsa | Show Latino Caraïbe | Street Dance | West Coast Swing;Bachata | Breaking | Comédie musicale | Disco | Danses hip-hop | Kizomba | Danses latino-caraïbes | Rock'n'roll | Salsa | West Coast Swing;https://www.ffdanse.fr/structures/3612-tempsdanses;3612-tempsdanses
TEN'DANSE;affiliated;AFFILIATED_STRUCTURE;22 impasse des tilleuls;81500;LAVAUR;danse.etvous@gmail.com;0751645074;;43.6977613;1.8062663;2026;Dix Danses | Latines | Standards;Danses latines | Danses standards;https://www.ffdanse.fr/structures/1656-ten-danse;1656-ten-danse
TENDANSE;affiliated;AFFILIATED_STRUCTURE;1 place Charles de Gaulle;41130;SELLES SUR CHER;tendanselles@gmail.com;0663009720;;47.2748207;1.5539669;2026;Autres Danses;;https://www.ffdanse.fr/structures/4514-tendanse;4514-tendanse
Tendanses;affiliated;AFFILIATED_STRUCTURE;51 bis rue de Beaujeu;94100;ST MAUR DES FOSSES;sourdeau.carole@free.fr;0608375719;www.tendanses.fr;48.7958376;2.4743827;2026;Comedie Musicale | Dix Danses | Latines | OLD : Salsa, Bachata, Kizomba | Rock et DA | Rock'n'Roll | Societe | Standards | Tango Argentin | West Coast Swing;Comédie musicale | Danses latines | Danses standards | Salsa | Bachata | Rock sauté | Rock'n'roll | Danses de salon | Tango argentin | West Coast Swing;https://www.ffdanse.fr/structures/1940-tendanses;1940-tendanses
Terpsichore;affiliated;AFFILIATED_STRUCTURE;31 rue André Lafon;33390;BLAYE;bureau@espacedanse-blaye.com;0667377206;espacedanse-beatricegelle.com;45.1260678;-0.6578561;2026;Barre au Sol | Breaking | Cabaret | Classique | Comedie Musicale | Contemporain | Eveil à la Danse | Flamenco | Hip Hop | Jazz | New Style | Orientale | Pilates | Ragga | Regards chorégraphiques;Barre au sol classique | Barre au sol contemporaine | Breaking | Cabaret | Classique | Comédie musicale | Ateliers de création | Contemporain | Flamenco | Danses hip-hop | Modern jazz | Jazz | Danses ethniques;https://www.ffdanse.fr/structures/665-terpsichore;665-terpsichore
Terpsichore;affiliated;AFFILIATED_STRUCTURE;B.P. 223;85204;FONTENAY LE COMTE cedex;terpsichore.flc@gmail.com;0631184096;www.terpsichore85.fr;46.465972;-0.8065;2026;Barre au Sol | Classique | Contemporain | Eveil à la Danse | Jazz | Latines | Regards chorégraphiques;Barre au sol classique | Barre au sol contemporaine | Classique | Ateliers de création | Contemporain | Modern jazz | Jazz | Danses latines;https://www.ffdanse.fr/structures/1771-terpsichore;1771-terpsichore
TERPSICHORE PARIS;affiliated;AFFILIATED_STRUCTURE;80 rue du Rendez-vous, chez Madame Coulouarn;75012;PARIS;terpsichoreparis@gmail.com;0143452789;https://terpsichore.paris;48.8473274;2.4000483;2026;Classique;Classique;https://www.ffdanse.fr/structures/2992-terpsichore-paris;2992-terpsichore-paris
Terres d'Orient;affiliated;AFFILIATED_STRUCTURE;Maison des Associations 12 Cours Fénelon;24000;Périgueux;terresdorient24@orange.fr;0661557599;http://terresdorient24.wix.com/danseorientale;45.1817695;0.7206592;2026;Autres Danses | Autres Danses Du Monde | Folklorique | Orientale;Danses ethniques | Danses traditionnelles;https://www.ffdanse.fr/structures/456-terres-d-orient;456-terres-d-orient
TEYRAN COUNTRY MODERN LINE;affiliated;AFFILIATED_STRUCTURE;287 avenue d'Assas;34820;TEYRAN;teyrancountrydance@gmail.com;0467703065;teyrancountrydance.wixsite.com;43.685838;3.9218018;2026;Country And Line;Country & line;https://www.ffdanse.fr/structures/762-teyran-country-modern-line;762-teyran-country-modern-line
THE HAPPY HEELS;recently_disaffiliated;UNAFFILIATED_STRUCTURE;2 ROUTE D'OUSSOY;45700;LOMBREUIL;thehappyheels457@gmail.com;0645483614;;47.9407656;2.6310216;;;;https://www.ffdanse.fr/structures/5887-the-happy-heels;5887-the-happy-heels
THE KICKOFF;affiliated;AFFILIATED_STRUCTURE;30 avenue de l'Europe;18150;La Guerche sur l'Aubois;the.kickoff2025@gmail.com;0631845039;;46.9400491;2.9411831;2026;Country And Line;Country & line;https://www.ffdanse.fr/structures/5994-the-kickoff;5994-the-kickoff
The Lords of the floor;affiliated;AFFILIATED_STRUCTURE;1, rue Darmstadt;10000;Troyes;association.lotf10@gmail.com;0651866065;;48.3035523;4.0952264;2026;Breaking | Locking | Poping;Breaking | Danses hip-hop;https://www.ffdanse.fr/structures/3305-the-lords-of-the-floor;3305-the-lords-of-the-floor
The Mustang's Ride;affiliated;AFFILIATED_STRUCTURE;26 route d'Antibes, Chez Mme MERADOU;06410;BIOT;themustangsride@gmail.com;0781812034;;43.6257083;7.0948739;2026;Country And Line;Country & line;https://www.ffdanse.fr/structures/173-the-mustang-s-ride;173-the-mustang-s-ride
Theme et variations;affiliated;AFFILIATED_STRUCTURE;338 ROUTE DE FRANCHEVILLE;27130;VERNEUIL SUR AVRE;association.themeetvariations@gmail.com;0765233196;;48.744394;0.9223078;2026;Barre au Sol | Classique | Contemporain | Eveil à la Danse | Jazz | Regards chorégraphiques;Barre au sol classique | Barre au sol contemporaine | Classique | Ateliers de création | Contemporain | Modern jazz | Jazz;https://www.ffdanse.fr/structures/499-theme-et-variations;499-theme-et-variations
THIBER'HEELS NEW COUNTRY;affiliated;AFFILIATED_STRUCTURE;10 rue de la Lucques;34630;ST THIBERY;thnc34@gmail.com;0632251727;http://www.thiberheels.fr;43.3995321;3.4092855;2026;Country And Line;Country & line;https://www.ffdanse.fr/structures/5231-thiber-heels-new-country;5231-thiber-heels-new-country
TIME 4 BREAK;affiliated;AFFILIATED_STRUCTURE;44 RUE DE MONTREUIL;78000;VERSAILLES;time4break78@gmail.com;0676624556;;48.8046133;2.1473041;2026;Breaking | Hip Hop | House | Krump | Locking | New Style | Poping | Street Dance;Breaking | Danses hip-hop;https://www.ffdanse.fr/structures/4650-time-4-break;4650-time-4-break
Tiss N'Ko;affiliated;AFFILIATED_STRUCTURE;1640 Route des plages, 14 Lot. Le Clos des Plages;97354;Remire-Montjoly;tissnko@gmail.com;06 94 27 27 75;;4.900228;-52.2651091;2026;Africaine;Danses ethniques;https://www.ffdanse.fr/structures/5266-tiss-n-ko;5266-tiss-n-ko
TK DANSE  MERCIER Camille;affiliated;AFFILIATED_STRUCTURE;Impasse Auliard;36000;Châteauroux;tkdansecm@gmail.com;0698190486;https://www.tkdanse.com/;46.8042292;1.6954549;2026;Africaine | Barre au Sol | Jazz;Danses ethniques | Barre au sol classique | Barre au sol contemporaine | Modern jazz | Jazz;https://www.ffdanse.fr/structures/5477-tk-danse-mercier-camille;5477-tk-danse-mercier-camille
Tocadanses;affiliated;AFFILIATED_STRUCTURE;7 rue de Picardie, Apt.14;86000;Poitiers;tocadanses.poitiers@gmail.com;0684088147;https://tocadanses.wixsite.com/tocadanses;46.5883588;0.3640368;2026;Tango Argentin;Tango argentin;https://www.ffdanse.fr/structures/1804-tocadanses;1804-tocadanses
Toe stamp tap dance;affiliated;AFFILIATED_STRUCTURE;223 rue Henri Poincaré, La Salle, Les Prunus - 108 chemin Chartreuse;83000;TOULON;toestamptapdance@orange.fr;0494208255;;43.1194759;5.94104;2026;Claquettes;Claquettes;https://www.ffdanse.fr/structures/1689-toe-stamp-tap-dance;1689-toe-stamp-tap-dance
Tom'So Danse;affiliated;AFFILIATED_STRUCTURE;Avenue Jean Bouin;13160;Châteaurenard;alexiabeaupied@gmail.com;07 78 64 56 00;;43.8804944;4.8666808;2026;Boogie Formation | Boogie Juniors | Boogie Main Class | Boogie Rising Star | Boogie Seniors | Boogie Woogie | Boogie Woogie Fédéral | Formation Rock Girls | Formation Rock Juniors | Formation Rock Ladies | Formation Rock Main Class | Formation Rock Main Class Quattro | Lindy Hop | Lindy Hop Fédéral | Lindy Hop Junior | Lindy Hop Main Class | Lindy Hop Senior 1 | Lindy Hop Senior 2 | Lindy Hop Show case | Rock Acrobatique | Rock Acrobatique Fédéral | Rock Artistique Fédéral | Rock Children | Rock Couple Dance Show | Rock Formation | Rock Juniors | Rock Juveniles | Rock Main Class Contact Style | Rock Main Class Free Style | Rock Saute | Rock et DA | Rock'n Roll Fédéral | Rock'n'Roll | Small Formation Rock Ladies | Small formation Rock Girls | West Coast Swing;Boogie-Woogie | Lindy hop | Rock acrobatique | Rock'n'roll | Rock sauté | West Coast Swing;https://www.ffdanse.fr/structures/2786-tom-so-danse;2786-tom-so-danse
Tomblaine City Breakers;affiliated;AFFILIATED_STRUCTURE;18 rue Léo Lagrange;54510;Tomblaine;radouane.magada@hotmail.fr;0683673382;;48.6795212;6.2199768;2026;Breaking | Hip Hop | Locking | New Style | Poping | Street Dance;Breaking | Danses hip-hop;https://www.ffdanse.fr/structures/5938-tomblaine-city-breakers;5938-tomblaine-city-breakers
Ton corps vit;recently_disaffiliated;UNAFFILIATED_STRUCTURE;8 place bernard cadenat;13003;Marseille;andree.guiraud13@gmail.com;0650232366;;43.3117819;5.386594;;;;https://www.ffdanse.fr/structures/271-ton-corps-vit;271-ton-corps-vit
TONIC ATTITUDE;affiliated;AFFILIATED_STRUCTURE;13 RUE DES FRERES MIODON;39300;CHAMPAGNOLE;tonicattitude@sfr.fr;0637649803;;46.7411648;5.9145595;2026;New Style;Danses hip-hop;https://www.ffdanse.fr/structures/5454-tonic-attitude;5454-tonic-attitude
Tonon & Co Dance;affiliated;AFFILIATED_STRUCTURE;Rue basse Bourgade;26290;Donzère;tononandcodance@gmail.com;0617621820;www.tononandcodancedonzere.fr;44.4411178;4.7121932;2026;Africaine | Bollywood | Breaking | Cabaret | Eveil à la Danse | Hip Hop | Jazz | Orientale | Ragga | Street Dance | Zumba | K-Pop;Danses ethniques | Breaking | Cabaret | Danses hip-hop | Modern jazz | Jazz | Zumba;https://www.ffdanse.fr/structures/4924-tonon-co-dance;4924-tonon-co-dance
Top a dance;affiliated;AFFILIATED_STRUCTURE;Route de Toury, Mairie de Pithiviers-le-Vieil;45300;PITHIVIERS LE VIEIL;topadance@orange.fr;0767068390;https://topadance.wixsite.com/topadance;48.1707343;2.2340022;2026;Dix Danses | Latines | OLD : Salsa, Bachata, Kizomba | Societe | Standards;Danses latines | Danses standards | Salsa | Bachata | Danses de salon;https://www.ffdanse.fr/structures/981-top-a-dance;981-top-a-dance
TOP DANSE;affiliated;AFFILIATED_STRUCTURE;Mairie;53300;Ambrières les Vallées;dp1355@laposte.net;0660104902;;48.4037381;-0.6296619;2026;Danses Solo | Rock'n'Roll | Societe | Tango Argentin;Rock'n'roll | Danses de salon | Tango argentin;https://www.ffdanse.fr/structures/4575-top-danse;4575-top-danse
Toulouse Danse Formation;affiliated;AFFILIATED_STRUCTURE;144 rue de la Providence, Le 144;31500;Toulouse;info@tdf-danse.fr;0613100277;www.tdf-danse.fr;43.6013037;1.4661378;2026;Jazz;Modern jazz | Jazz;https://www.ffdanse.fr/structures/6358-toulouse-danse-formation;6358-toulouse-danse-formation
Toulouse Rock Acrobatique Club;affiliated;AFFILIATED_STRUCTURE;43 rue Alfred Duméril;31400;TOULOUSE;stephane.martins.31@gmail.com;0674613664;troupedutrac.fr;43.5926385;1.4480009;2026;Boogie Formation | Boogie Juniors | Boogie Main Class | Boogie Rising Star | Boogie Seniors | Boogie Woogie | Boogie Woogie Fédéral | Dix Danses | Latines | Lindy Hop | Lindy Hop Fédéral | Lindy Hop Main Class | Lindy Hop Senior 1 | Lindy Hop Senior 2 | Lindy Hop Show case | Pole Dance | Rock | Rock Acrobatique | Rock Acrobatique Fédéral | Rock Artistique Fédéral | Rock Couple Dance Show | Rock Formation | Rock Main Class Contact Style | Rock Main Class Free Style | Rock Saute | Rock et DA | Rock'n'Roll | Salsa | Standards | West Coast Swing;Boogie-Woogie | Danses latines | Danses standards | Lindy hop | Pole dance | Rock'n'roll | Rock acrobatique | Rock sauté | Salsa | West Coast Swing;https://www.ffdanse.fr/structures/607-toulouse-rock-acrobatique-club;607-toulouse-rock-acrobatique-club
TOURS DANSE SPORTIVE;affiliated;AFFILIATED_STRUCTURE;20 avenue de la République;37100;Tours;tours.danse.sportive@gmail.com;0665542729;www.tours-dansesportive.com;47.4117341;0.6887172;2026;Danse en solo Latine | Danse en solo Standard | Dix Danses | Latines | Solo Team Lat / Std | Standards | Street Dance;Danses latines | Danses standards | Danses hip-hop;https://www.ffdanse.fr/structures/5719-tours-danse-sportive;5719-tours-danse-sportive
Tous en scène;affiliated;AFFILIATED_STRUCTURE;28 avenue Charles Frederic Gerhardt Rivierazur Les Garaniers;06530;Peymeinade;wsab06@aol.com;0619663222;;0;0;2026;Classique | Hip Hop | Jazz;Classique | Danses hip-hop | Modern jazz | Jazz;https://www.ffdanse.fr/structures/180-tous-en-scene;180-tous-en-scene
Tous en Scène;affiliated;AFFILIATED_STRUCTURE;5 rue Perrée, MVAC Paris Centre;75003;PARIS;contact@danse-paris3.fr;0612891533;www.danse-paris3.fr;48.8640716;2.3621598;2026;Barre au Sol | Classique | Contemporain | Eveil à la Danse | Jazz | Regards chorégraphiques | Street Dance | Transversal;Barre au sol classique | Barre au sol contemporaine | Classique | Ateliers de création | Contemporain | Modern jazz | Jazz | Danses hip-hop;https://www.ffdanse.fr/structures/1466-tous-en-scene;1466-tous-en-scene
TOUS EN SCÉNE, CENTRE DE DANSE DU CORDAIS;affiliated;AFFILIATED_STRUCTURE;La Mazière;81170;Cordes sur Ciel;tousenscene81@gmail.com;0671068893;;;;2026;Claquettes | Classique | Jazz;Claquettes | Classique | Modern jazz | Jazz;https://www.ffdanse.fr/structures/2301-tous-en-scene-centre-de-danse-du-cordais;2301-tous-en-scene-centre-de-danse-du-cordais
Tout en Corps;affiliated;AFFILIATED_STRUCTURE;116 Route de Rouffach;68000;Colmar;toutencorps68@gmail.com;0782966875;;48.0570576;7.3330627;2026;Breaking | Cabaret | Contemporain | Eveil à la Danse | Hip Hop | Jazz;Breaking | Cabaret | Ateliers de création | Contemporain | Danses hip-hop | Modern jazz | Jazz;https://www.ffdanse.fr/structures/5291-tout-en-corps;5291-tout-en-corps
Tout en danse;affiliated;AFFILIATED_STRUCTURE;180 avenue de la République;92000;NANTERRE;association.toutendanse@gmail.com;0663212096;;48.9028977;2.2077647;2026;Africaine | Comedie Musicale | Folklorique | Hip Hop | Jazz | Latines | OLD : Salsa, Bachata, Kizomba;Danses ethniques | Comédie musicale | Danses traditionnelles | Danses hip-hop | Modern jazz | Jazz | Danses latines | Salsa | Bachata;https://www.ffdanse.fr/structures/1892-tout-en-danse;1892-tout-en-danse
TOUT TEMPS MOUVEMENTS;affiliated;AFFILIATED_STRUCTURE;Impasse de Champgrenon, Mairie;71850;CHARNAY LES MACON;ttm71850@gmail.com;06.66.77.60.83;https://ttm71850.wixsite.com/ttm71850;46.3107318;4.7964641;2026;Jazz | Danse Show | Eveil à la Danse | Street Dance;Modern jazz | Jazz | Disco | Danses hip-hop;https://www.ffdanse.fr/structures/5916-tout-temps-mouvements;5916-tout-temps-mouvements
TOUTENKA'DANSE;affiliated;AFFILIATED_STRUCTURE;rue saint-anne, mairie;22940;saint-julien;asso.danse.stju@gmail.com;0683762213;;48.4521967;-2.8173628;2026;Country And Line | Hip Hop | Jazz;Country & line | Danses hip-hop | Modern jazz | Jazz;https://www.ffdanse.fr/structures/4740-toutenka-danse;4740-toutenka-danse
Trac L'Ecole;affiliated;AFFILIATED_STRUCTURE;43 rue alfred Duméril;31400;Toulouse;eric@trac-ecole.fr;0561252584;www.trac-ecole.fr;43.5926385;1.4480009;2026;Autres Danses | Barre au Sol | Boogie Woogie | Cabaret | Claquettes | Classique | Comedie Musicale | Danses Solo | Eveil à la Danse | Hip Hop | Jazz | Lindy Hop | OLD : Salsa, Bachata, Kizomba | Orientale | Pole Dance | Ragga | Rock Acrobatique | Rock Formation | Rock Saute | Rock et DA | Rock'n'Roll | Street Dance | Tango Argentin | West Coast Swing;Barre au sol classique | Barre au sol contemporaine | Boogie-Woogie | Cabaret | Claquettes | Classique | Comédie musicale | Danses hip-hop | Modern jazz | Jazz | Lindy hop | Salsa | Bachata | Danses ethniques | Pole dance | Rock acrobatique | Rock'n'roll | Rock sauté | Tango argentin | West Coast Swing;https://www.ffdanse.fr/structures/625-trac-l-ecole;625-trac-l-ecole
Trainning Sport Danse;affiliated;AFFILIATED_STRUCTURE;10 av.Marie Mauron;13330;Pelissanne;trainningsportdanse@orange.fr;0490551512;;43.6458177;5.1513547;2026;Dix Danses | Latines | Standards;Danses latines | Danses standards;https://www.ffdanse.fr/structures/301-trainning-sport-danse;301-trainning-sport-danse
Trait d'Union Verrières-le-Buisson;affiliated;AFFILIATED_STRUCTURE;Place Charles de Gaules;91370;Verrières-le-Buisson;direction@tuvb.org;01 69 53 11 24;www.tuvb.org;48.7464894;2.2669377;2026;Classique | Contemporain | Danse Inclusive | Eveil à la Danse | Hip Hop | Jazz | Lindy Hop | Rock Saute;Classique | Ateliers de création | Contemporain | Danses hip-hop | Modern jazz | Jazz | Lindy hop | Rock sauté | Rock'n'roll;https://www.ffdanse.fr/structures/6128-trait-d-union-verrieres-le-buisson;6128-trait-d-union-verrieres-le-buisson
Transcen'danse;affiliated;AFFILIATED_STRUCTURE;11 Allée de Merisiers;77230;DAMMARTIN EN GOELE;transcendanse77@gmail.com;0686415969;https://transcendanse77.wixsite.com/transcendanse77;49.061708;2.6910247;2026;Classique | Jazz;Classique | Modern jazz | Jazz;https://www.ffdanse.fr/structures/1593-transcen-danse;1593-transcen-danse
Transcendance;affiliated;AFFILIATED_STRUCTURE;1 route des bénévoles, Maison des Associations;33470;GUJAN MESTRAS;transcendance-gujan@orange.fr;0556667476;;44.61665423362003;-1.09803374099738;2026;Africaine | Afro-contemporaine;Danses ethniques | Afro-jazz;https://www.ffdanse.fr/structures/678-transcendance;678-transcendance
TRANSCENDANSE;recently_disaffiliated;UNAFFILIATED_STRUCTURE;77 avenue de Lodève;34600;BEDARIEUX (34600);laury.bages@orange.fr;+33688480115;;43.6325972;3.162622;2026;Breaking | Classique | Contemporain | Eveil à la Danse | Hip Hop | Jazz;Breaking | Classique | Ateliers de création | Contemporain | Danses hip-hop | Modern jazz | Jazz;https://www.ffdanse.fr/structures/4254-transcendanse;4254-transcendanse
TRANSHANDIDANCE;affiliated;AFFILIATED_STRUCTURE;23 IMPASSE DU PLATEAU;13015;MARSEILLE;transhandidance@gmail.com;0614500955;;43.3748093;5.3380482;2026;Breaking | Hip Hop | House | Krump | Locking | New Style | Poping | Ragga | Street Dance;Breaking | Danses hip-hop;https://www.ffdanse.fr/structures/5879-transhandidance;5879-transhandidance
TREB'DANSE;recently_disaffiliated;UNAFFILIATED_STRUCTURE;7, rue des Plages;22560;TREBEURDEN;trebdanse@gmail.com;0785182201;;48.7690258;-3.5660533;;;;https://www.ffdanse.fr/structures/415-treb-danse;415-treb-danse
TRIBUTE TO HIP-HOP;affiliated;AFFILIATED_STRUCTURE;57 RUE JULES GUESDE, C/O MME RACCO ROXANE;93140;BONDY;T2h.asso@gmail.com;0771607397;;48.9035875;2.4787014;2026;Hip Hop;Danses hip-hop;https://www.ffdanse.fr/structures/4504-tribute-to-hip-hop;4504-tribute-to-hip-hop
Triple pas;affiliated;AFFILIATED_STRUCTURE;52 rue des Fontaines;31300;Toulouse;matsuhar@gmail.com;0618188226;letme.dance;43.6004607;1.4251786;2026;West Coast Swing;West Coast Swing;https://www.ffdanse.fr/structures/5925-triple-pas;5925-triple-pas
TROIS PETITS PAS EN LIGNE;affiliated;AFFILIATED_STRUCTURE;05 camp grand, Als Androuix;66400;REYNES;troispetitspasenligne@gmail.com;0766624713;;42.4794206;2.7222029;2026;Bachata | Country And Line | Danse en solo Standard | Disco | Kizomba | Latines | OLD : Salsa, Bachata, Kizomba | Regards chorégraphiques | Rock | Rock'n'Roll | West Coast Swing | Zumba;Bachata | Country & line | Disco | Kizomba | Danses latines | Salsa | Ateliers de création | Contemporain | Rock'n'roll | West Coast Swing | Zumba;https://www.ffdanse.fr/structures/6216-trois-petits-pas-en-ligne;6216-trois-petits-pas-en-ligne
Troupe L'Danse;affiliated;AFFILIATED_STRUCTURE;7 Rue Louis Chantreau;59580;ANICHE;cathoucathy@hotmail.fr;0680903913;;50.3267314;3.2495903;2026;Afro-contemporaine | Classique | Contemporain | Eveil à la Danse | Jazz;Afro-jazz | Classique | Ateliers de création | Contemporain | Modern jazz | Jazz;https://www.ffdanse.fr/structures/5731-troupe-l-danse;5731-troupe-l-danse
Trouve ta cadence;affiliated;AFFILIATED_STRUCTURE;1 rue des pierres;63310;Randan;Cathy.potier3@sfr.fr;0622336179;;46.0114002;3.3520139;2026;Bachata | Country And Line | Rock | Salsa | Societe;Bachata | Country & line | Rock'n'roll | Salsa | Danses de salon;https://www.ffdanse.fr/structures/5822-trouve-ta-cadence;5822-trouve-ta-cadence
U piace di balla;affiliated;AFFILIATED_STRUCTURE;2 rue du Pontetto;20200;Bastia;piacediballa@orange.fr;0633006376;;42.6953087;9.4494617;2026;Danse Historique | Societe;Danse historique | Danses de salon;https://www.ffdanse.fr/structures/560-u-piace-di-balla;560-u-piace-di-balla
U SHINE;affiliated;AFFILIATED_STRUCTURE;6 rue louis Cuoq;63100;Clermont-Ferrand;ushine.asso@gmail.com;0666680979;;45.7918291;3.0785309;2026;Bachata | Bachata Team Couple | Bachata Team Styling | Duo bachata Shines | Duo salsa Shines | Salsa | Salsa Team Couple | Salsa Team Styling | Teams SBK;Bachata | Salsa | Kizomba;https://www.ffdanse.fr/structures/5351-u-shine;5351-u-shine
U-FIT SL (Le Cocon Studio);affiliated;AFFILIATED_STRUCTURE;Place du Marché;40990;Saint-Paul-lès-Dax;contact@lecoconstudio.fr;06 70 81 30 09;https://lecoconstudio.fr/;43.723274;-1.054152;2026;Pole Dance | Pole Sport;Pole dance | Pole sport;https://www.ffdanse.fr/structures/6389-u-fit-sl-le-cocon-studio;6389-u-fit-sl-le-cocon-studio
U.S. DANSE ET FITNESS;affiliated;AFFILIATED_STRUCTURE;20 BIS COURS GENET;17100;SAINTES;usdansefitness17@sfr.fr;06.15.04.04.89;;45.7471325;-0.6425682;2026;Autres Danses;;https://www.ffdanse.fr/structures/4965-u-s-danse-et-fitness;4965-u-s-danse-et-fitness
U.S.C. - section danse Modern'jazz;affiliated;AFFILIATED_STRUCTURE;29 rue francois jollivet;78700;CONFLANS SAINTE HONORINE;uscdansemodernjazz@gmail.com;0687059892;;49.0020867;2.1055902;2026;Jazz;Modern jazz | Jazz;https://www.ffdanse.fr/structures/1607-u-s-c-section-danse-modern-jazz;1607-u-s-c-section-danse-modern-jazz
U.S.Conflans Ste Honorine;affiliated;AFFILIATED_STRUCTURE;BP 70029;78700;Conflans Sainte Honorine;dansesduconfluent@gmail.com;0606863862;https://www.usc-danse.com/;48.9955029;2.081297;2026;Bachata | Salsa | Societe | Tango Argentin | West Coast Swing;Bachata | Salsa | Danses de salon | Tango argentin | West Coast Swing;https://www.ffdanse.fr/structures/1619-u-s-conflans-ste-honorine;1619-u-s-conflans-ste-honorine
U.S.F. gymnastique et danse;affiliated;AFFILIATED_STRUCTURE;21 rue de Remsing Gymnase spécialisé;57600;FORBACH;usfgymdanse@orange.fr;0387855837;;49.1818569;6.8929353;2026;Hip Hop | Jazz;Danses hip-hop | Modern jazz | Jazz;https://www.ffdanse.fr/structures/1086-u-s-f-gymnastique-et-danse;1086-u-s-f-gymnastique-et-danse
U.S.O. AM danse;affiliated;AFFILIATED_STRUCTURE;84 rue j j frugier;91200;athis mons;monet.valerie07@orange.fr;0683670582;;48.702341;2.366986;2026;Bachata | Bollywood | Country And Line | Hip Hop | Jazz | Orientale | Rock Formation | Rock et DA | Salsa | Zumba;Bachata | Danses ethniques | Country & line | Danses hip-hop | Modern jazz | Jazz | Rock'n'roll | Rock sauté | Salsa | Zumba;https://www.ffdanse.fr/structures/1855-u-s-o-am-danse;1855-u-s-o-am-danse
U.S.P. Jazz;recently_disaffiliated;UNAFFILIATED_STRUCTURE;Chemin de l'Ecluse, Complexe sportif Gaston Marchive;06580;Pégomas;vicky-06@hotmail.fr;0764545371;;43.5956396;6.9160488;2026;Contemporain | Hip Hop | Jazz | Breaking | Danse aérienne;Ateliers de création | Contemporain | Danses hip-hop | Modern jazz | Jazz | Breaking | Danses aériennes;https://www.ffdanse.fr/structures/147-u-s-p-jazz;147-u-s-p-jazz
UNIK DANCERZ;recently_disaffiliated;UNAFFILIATED_STRUCTURE;1061B RUE MERVILLE BLONCOURT, BOISRIPEAUX;97139;LES ABYMES;jekunik@gmail.com;0690333552;;16.2763536;-61.5058863;;;;https://www.ffdanse.fr/structures/3656-unik-dancerz;3656-unik-dancerz
Union Sportive de Maisons Laffitte;affiliated;AFFILIATED_STRUCTURE;6 rue Guynemer;78600;Maisons-Laffitte;usmldanse@gmail.com;0139623213;;48.9442958;2.147399;2026;Danse en solo Latine | Danse en solo Standard | Dix Danses | Latines | Standards;Danses latines | Danses standards;https://www.ffdanse.fr/structures/1618-union-sportive-de-maisons-laffitte;1618-union-sportive-de-maisons-laffitte
Union sportive du Pecq;affiliated;AFFILIATED_STRUCTURE;3 Boulevard de la Libération;78230;LE PECQ;uspecq-danse@hotmail.fr;0139765131;;48.8927185;2.1095047;2026;Autres Danses | Classique | Eveil à la Danse | Hip Hop | Jazz | Zumba;Classique | Danses hip-hop | Modern jazz | Jazz | Zumba;https://www.ffdanse.fr/structures/1605-union-sportive-du-pecq;1605-union-sportive-du-pecq
Union Sportive Villers-Bocage de Danse;affiliated;AFFILIATED_STRUCTURE;Place du Maréchal Leclerc, mairie;14310;VILLERS BOCAGE;usvbdanse.bureau@gmail.com;0625280615;;49.080224;-0.655129;2026;Classique | Contemporain | Hip Hop | Salsa;Classique | Ateliers de création | Contemporain | Danses hip-hop | Salsa;https://www.ffdanse.fr/structures/356-union-sportive-villers-bocage-de-danse;356-union-sportive-villers-bocage-de-danse
UNIT DANSE AVIGNON;recently_disaffiliated;UNAFFILIATED_STRUCTURE;40 route de Montfavet, 84000;84000;AVIGNON;laurachabaud.danse@gmail.com;0672762803;;43.9415169;4.8239514;;;;https://www.ffdanse.fr/structures/5869-unit-danse-avignon;5869-unit-danse-avignon
UNITED DANCE;affiliated;AFFILIATED_STRUCTURE;60/b rue de Boulay;57740;LONGEVILLE-LES-SAINT-AVOLD;united.dance57@gmail.com;0635417357;;49.1213829;6.6404407;2026;Street Dance | Eveil à la Danse;Danses hip-hop;https://www.ffdanse.fr/structures/6205-united-dance;6205-united-dance
Unité Real Squad;recently_disaffiliated;UNAFFILIATED_STRUCTURE;Quartier la Dumaine, Morne Valentin;97240;Le François;unirsquad972@gmail.com;0596968902;;14.5937954;-60.9090323;;;;https://www.ffdanse.fr/structures/3519-unite-real-squad;3519-unite-real-squad
Universal Culture;affiliated;AFFILIATED_STRUCTURE;Maison de la Formation - 6 avenue Bernard Fontanges, OIS Grand-Figeac;46100;Figeac;universal.culture.46@gmail.com;;https://www.facebook.com/universalculture46/;44.6098321;2.0216561;2026;Africaine | Afro-contemporaine;Danses ethniques | Afro-jazz;https://www.ffdanse.fr/structures/4400-universal-culture;4400-universal-culture
UNSS Collège Jean-Marc Laurent;affiliated;AFFILIATED_STRUCTURE;34 rue Jean Marc Laurent, Collège Jean-Marc Laurent;80090;amiens;forlini_alice@yahoo.fr;0322503232;;49.8704359;2.3132721;2026;Contemporain;Ateliers de création | Contemporain;https://www.ffdanse.fr/structures/6310-unss-college-jean-marc-laurent;6310-unss-college-jean-marc-laurent
UNVSTI;affiliated;AFFILIATED_STRUCTURE;9 PLACE DE LA CITE;22000;SAINT-BRIEUC;unvsti@gmail.com;02.96.74.78.18;;48.514088;-2.7400306;2026;Africaine | Breaking | Danse Inclusive | Danse Show | Eveil à la Danse | Hip Hop | New Style | Poping | Street Dance;Danses ethniques | Breaking | Disco | Danses hip-hop;https://www.ffdanse.fr/structures/3702-unvsti;3702-unvsti
Up'N Dance;affiliated;AFFILIATED_STRUCTURE;2 bis avenue Albert de Mun, Agora;44600;Saint-Nazaire;upndance.contact@gmail.com;0676955013;;47.2780778;-2.2063692;2026;Autres Danses | Autres Danses Du Monde | Bollywood | Country And Line | Indienne | Latines | Orientale | Standards | Street Dance;Danses ethniques | Country & line | Danses latines | Danses standards | Danses hip-hop;https://www.ffdanse.fr/structures/4558-up-n-dance;4558-up-n-dance
Urban Country Line Dance;affiliated;AFFILIATED_STRUCTURE;8 rue Eugène Renault;94700;MAISONS-ALFORT;urbancountrylinedance@yahoo.fr;0678741239;;48.8152573;2.4193526;2026;Country And Line;Country & line;https://www.ffdanse.fr/structures/4210-urban-country-line-dance;4210-urban-country-line-dance
Urban Cowboy;affiliated;AFFILIATED_STRUCTURE;2 RUE DES AUBEPINES;27930;GRAVIGNY;urbancowboyevreux@gmail.com;0628424754;;49.0546922;1.1642905;2026;Country And Line | Country Danse en Couple - DC | Country Danse en Couple - DC Pro AM | Country Danse en Formation - DF Cabaret Team | Country Danse en Formation - DF Crea Team | Country Danse en Formation - DF Loisirs Team | Country Danse en Formation - DF Quad | Country Danse en Formation - DF Show Team | Country Danse en ligne - DL | Country Danse en Ligne - DL Pop Line | Country Danse Partner - DP | Country Ecriture Choregraphique - EC | DC Pro AM;Country & line;https://www.ffdanse.fr/structures/508-urban-cowboy;508-urban-cowboy
USAM toulon;recently_disaffiliated;UNAFFILIATED_STRUCTURE;95 avenue des routes;83200;toulon;usam4@wanadoo.fr;0603676391;usamtoulon;43.136702;5.910183;2026;Africaine | Bachata | Contemporain | Danse en solo Latine | Danse en solo Standard | Jazz | Kizomba | Latines | Ragga | Salsa | Salsa Team Couple | Salsa Team Styling | Street Dance;Danses ethniques | Bachata | Ateliers de création | Contemporain | Modern jazz | Jazz | Kizomba | Danses latines | Danses hip-hop | Salsa;https://www.ffdanse.fr/structures/3595-usam-toulon;3595-usam-toulon
USCB danse gymnastique;affiliated;AFFILIATED_STRUCTURE;1422 rue de la haie;76230;BOIS GUILLAUME;philippelebleu@free.fr;0235711256;https://philippelebleu.wixsite.com/uscbdanse;49.4678695;1.1164557;2026;Bachata | Classique | Eveil à la Danse | Pilates | Salsa | Jazz | Zumba;Bachata | Classique | Salsa | Modern jazz | Jazz | Zumba;https://www.ffdanse.fr/structures/1505-uscb-danse-gymnastique;1505-uscb-danse-gymnastique
UST DANSE;affiliated;AFFILIATED_STRUCTURE;27 RUE DU CALVAIRE;59200;TOURCOING;ustdanse.tourcoing@gmail.com;0766605170;http//ustdanse-vermont.com;50.7257771;3.1548421;2026;Classique | Jazz;Classique | Modern jazz | Jazz;https://www.ffdanse.fr/structures/5468-ust-danse;5468-ust-danse
UST Danse & Comédies Musicales;affiliated;AFFILIATED_STRUCTURE;74 rue François Sibilli;83990;Saint Tropez;ustdanseetcm@gmail.com;06 59 82 05 53;;43.270419;6.6404614;2026;Comedie Musicale | Danse Show | Jazz;Comédie musicale | Disco | Modern jazz | Jazz;https://www.ffdanse.fr/structures/6273-ust-danse-comedies-musicales;6273-ust-danse-comedies-musicales
VA VIS ET DANSE;affiliated;AFFILIATED_STRUCTURE;4 Allée de Condé;60260;LAMORLAYE;vavisetdanse@gmail.com;0689842002;www.vavisetdanse.fr;49.165404;2.4422882;2026;Classique | Contemporain | Eveil à la Danse | Hip Hop | Jazz | Street Dance;Classique | Ateliers de création | Contemporain | Danses hip-hop | Modern jazz | Jazz;https://www.ffdanse.fr/structures/5300-va-vis-et-danse;5300-va-vis-et-danse
Vadanser;affiliated;AFFILIATED_STRUCTURE;72 grande rue;89290;Vincelles;asso.vadanser@gmail.com;03-86-42-52-60;;47.7019474;3.6345613;2026;Bachata | Salsa;Bachata | Salsa;https://www.ffdanse.fr/structures/1844-vadanser;1844-vadanser
VAGABOND CREW INTERNATIONAL;affiliated;AFFILIATED_STRUCTURE;45 Rue Henri Poincaré, ESPACE LUCIE AUBRAC;92600;Asnières-sur-Seine;gestion@vagabond-crew.com;0674578093;https://www.facebook.com/vagabondcrewofficial;48.9323103;2.2803158;2026;Breaking | Hip Hop | House | Locking | New Style | Poping | Street Dance;Breaking | Danses hip-hop;https://www.ffdanse.fr/structures/3726-vagabond-crew-international;3726-vagabond-crew-international
Val'Swing;affiliated;AFFILIATED_STRUCTURE;Centre Jean Marinet, Maison des Associtaions, Place Jeanne d'Arc;01200;BELLEGARDE SUR VALSERINE;valswing01@gmail.com;0615753586;;46.1087579;5.8280543;2026;Boogie Woogie | Latines | Latino Caraibes | Lindy Hop | OLD : Salsa, Bachata, Kizomba | Rock'n'Roll | Societe | Standards | Tango Argentin | West Coast Swing;Boogie-Woogie | Danses latines | Danses latino-caraïbes | Lindy hop | Salsa | Bachata | Rock'n'roll | Danses de salon | Danses standards | Tango argentin | West Coast Swing;https://www.ffdanse.fr/structures/2473-val-swing;2473-val-swing
Valença danse;affiliated;AFFILIATED_STRUCTURE;50, avenue de Champagne B24;51200;Epernay;valencadanse@hotmail.com;0669546597;;49.0414124;3.9675517;2026;Autres Danses | Hip Hop;Danses hip-hop;https://www.ffdanse.fr/structures/1045-valenca-danse;1045-valenca-danse
Valette animation loisirs;affiliated;AFFILIATED_STRUCTURE;Parc des Sports Vallis Laeta Avenue Pablo Picasso;83160;LA VALETTE;valanim83@gmail.com;;;43.1325993;5.9908641;2026;Classique | Contemporain | Jazz;Classique | Ateliers de création | Contemporain | Modern jazz | Jazz;https://www.ffdanse.fr/structures/1724-valette-animation-loisirs;1724-valette-animation-loisirs
VALLEE DANCERS;affiliated;AFFILIATED_STRUCTURE;1 RUE MARECHAL LECLERC, 52120 BRICON;52120;BRICON;c.vaudremont@laposte.net;0325036266;;48.0789245;4.9817637;2026;Country And Line;Country & line;https://www.ffdanse.fr/structures/3199-vallee-dancers;3199-vallee-dancers
variationevent;affiliated;AFFILIATED_STRUCTURE;3876 route rémy nainsouta section Guérard, 97111 Morne-à-l'eau;97111;Morne-à-l'eau;variationevent@gmail.com;0659880380;variationbreak.skryrock.com;16.3316807;-61.502487;2026;Breaking | Danse Inclusive | Danse Show | Danses Solo | Eveil à la Danse | Hip Hop | House | Krump | Locking | New Style | Pole Sport | Poping | Regards chorégraphiques | Street Dance | Africaine | Afro-caribéennes;Breaking | Disco | Danses hip-hop | Pole sport | Ateliers de création | Contemporain | Danses ethniques;https://www.ffdanse.fr/structures/5197-variationevent;5197-variationevent
Vauréa, l'Atelier du Danseur;affiliated;AFFILIATED_STRUCTURE;12 avenue Augustin Malroux, Maison de la Musique;81500;Lavaur;vaurea.atelier.danseur@gmail.com;0617786802;https://www.facebook.com/vaurea/;43.7022491;1.8194538;2026;Contemporain;Ateliers de création | Contemporain;https://www.ffdanse.fr/structures/4227-vaurea-l-atelier-du-danseur;4227-vaurea-l-atelier-du-danseur
VDB DANCE STUDIO;affiliated;AFFILIATED_STRUCTURE;39 Rue Aimé Pinel;38230;PONT DE CHERUY;vdbdancestudio@hotmail.com;0768900823;;45.7539082;5.1758097;2026;Bachata | Boogie Woogie | Cabaret | Danse Show | Eveil à la Danse | Hip Hop | Pilates | Ragga | Rock | Rock'n'Roll | Salsa | Street Dance | Zumba;Bachata | Boogie-Woogie | Cabaret | Disco | Danses hip-hop | Rock'n'roll | Salsa | Zumba;https://www.ffdanse.fr/structures/5852-vdb-dance-studio;5852-vdb-dance-studio
VENEZ DANSER LE SWING;affiliated;AFFILIATED_STRUCTURE;37, rue du Beau Vallon;19100;BRIVE LA GAILLARDE;venezdanserleswing2@gmail.com;0685132750;www.venez-danser-le-swing.fr;45.1698183;1.5201346;2026;Boogie Woogie | Lindy Hop | Rock et DA | West Coast Swing;Boogie-Woogie | Lindy hop | Rock sauté | West Coast Swing;https://www.ffdanse.fr/structures/3515-venez-danser-le-swing;3515-venez-danser-le-swing
VERSAILLES LATINA;affiliated;AFFILIATED_STRUCTURE;16 Chemin de la Geneste;78350;Buc;versailleslatina@gmail.com;0663078020;;48.772793;2.11957;2026;Bachata | Salsa;Bachata | Salsa;https://www.ffdanse.fr/structures/6370-versailles-latina;6370-versailles-latina
VERSUS POLE SPORT STUDIO;affiliated;AFFILIATED_STRUCTURE;230 RUE DU FAUBOURG CRONCELS;10000;TROYES;contact@versus-polesportstudio.fr;0645787095;https://versus-polesportstudio.fr/;48.280529;4.0797164;2026;Danse aérienne | Parapole Artistique | Parapole sport | Pole Dance | Pole Sport;Danses aériennes | Pole dance | Pole sport;https://www.ffdanse.fr/structures/6121-versus-pole-sport-studio;6121-versus-pole-sport-studio
Vertic’M;affiliated;AFFILIATED_STRUCTURE;37 Rue Des Deux Fontaines;38118;Saint Baudille De La Tour;verticm@gmail.com;0652684727;www.verticm.webador.fr;45.7776016;5.3514704;2026;Pole Dance | Pole Sport;Pole dance | Pole sport;https://www.ffdanse.fr/structures/5296-vertic-m;5296-vertic-m
VEZAC MADISON;affiliated;AFFILIATED_STRUCTURE;1 place Alfred Chardon;15130;VEZAC;vezacmadison@gmail.com;0471495887;;44.8920766;2.5195461;2026;Country And Line;Country & line;https://www.ffdanse.fr/structures/2256-vezac-madison;2256-vezac-madison
Vi'la dance;affiliated;AFFILIATED_STRUCTURE;10 rue du loué;54290;villacourt;petrarolovanessa@yahoo.fr;0672104130;;0;0;2026;Africaine | Autres Danses | Comedie Musicale | Hip Hop | Jazz;Danses ethniques | Comédie musicale | Danses hip-hop | Modern jazz | Jazz;https://www.ffdanse.fr/structures/1063-vi-la-dance;1063-vi-la-dance
Vibration Ocean Indien;recently_disaffiliated;UNAFFILIATED_STRUCTURE;6 rue Port Louis;97420;LE PORT;d.cascade@orange.fr;0693708210;;47.7071004;-3.3487971;;;;https://www.ffdanse.fr/structures/2121-vibration-ocean-indien;2121-vibration-ocean-indien
Vibrations Corporelles & Culturelles;affiliated;AFFILIATED_STRUCTURE;11 RUE FRANCOIS PERRIN, 87000;87000;LIMOGES;association.vcc2021@gmail.com;0681792057;;45.8297912;1.2489154;2026;Africaine | Afro-caribéennes | Autres Danses Du Monde | Eveil à la Danse | Latino Caraibes | OLD : Salsa, Bachata, Kizomba;Danses ethniques | Danses latino-caraïbes | Salsa | Bachata;https://www.ffdanse.fr/structures/4019-vibrations-corporelles-culturelles;4019-vibrations-corporelles-culturelles
Victoria DEBARBIEUX;recently_disaffiliated;UNAFFILIATED_STRUCTURE;46 rue castenau;64000;pau;victoria.soubielle@wanadoo.fr;0676687518;victoriadebarbieux.fr;43.3005537;-0.3643941;2026;Contemporain;Ateliers de création | Contemporain;https://www.ffdanse.fr/structures/1278-victoria-debarbieux;1278-victoria-debarbieux
Vien Bougé;affiliated;AFFILIATED_STRUCTURE;2 bd Toulouse;97420;Le Port / Ile de la Réunion;associationvienbouge@gmail.com;0692063657;;-20.9406141;55.2942744;2026;Autres Danses | Autres Danses Du Monde | Societe;Danses ethniques | Danses de salon;https://www.ffdanse.fr/structures/2014-vien-bouge;2014-vien-bouge
Viens Danser 91;affiliated;AFFILIATED_STRUCTURE;42 Grande Rue;91650;BREUILLET;viensdanser91@gmail.com;0621589700;www.viensdanser91.fr;48.5669281;2.1725944;2026;Autres Danses | Societe;Danses de salon;https://www.ffdanse.fr/structures/1880-viens-danser-91;1880-viens-danser-91
VIENS ON FAIT LA DANSE !;affiliated;AFFILIATED_STRUCTURE;36 CHEMIN DES CREUSES;01290;CROTTET;viensonfaitladanse@gmail.com;0613165500;;46.2806128;4.8917562;2026;Afro-contemporaine | Comedie Musicale | Contemporain | Hip Hop | Jazz | Regards chorégraphiques | Street Dance;Afro-jazz | Comédie musicale | Ateliers de création | Contemporain | Danses hip-hop | Modern jazz | Jazz;https://www.ffdanse.fr/structures/5641-viens-on-fait-la-danse;5641-viens-on-fait-la-danse
VILLABE DANSE CLUB;affiliated;AFFILIATED_STRUCTURE;4 place Roland Vincent;91100;Villabé;vdcassoc91@gmail.com;0633784770;;48.5878974;2.4555815;2026;Standards;Danses standards;https://www.ffdanse.fr/structures/2103-villabe-danse-club;2103-villabe-danse-club
VILLAGE TITAN CENTRE CULTUREL;recently_disaffiliated;UNAFFILIATED_STRUCTURE;64 AVENUE DE LA COMMUNE DE PARIS;97420;LE PORT;collectif-hiphop-eli@villagetitan.com;0692616604;;-20.939199;55.290854;;;;https://www.ffdanse.fr/structures/5393-village-titan-centre-culturel;5393-village-titan-centre-culturel
Villers Danse;affiliated;AFFILIATED_STRUCTURE;16 Rue du des écoles;59530;Villers-Pol;villersdanse@hotmail.com;0663224577;;50.289086;3.615037;2026;Classique | Contemporain | Jazz | Zumba;Classique | Ateliers de création | Contemporain | Modern jazz | Jazz | Zumba;https://www.ffdanse.fr/structures/4571-villers-danse;4571-villers-danse
Vincennes Rock Club;affiliated;AFFILIATED_STRUCTURE;21 rue Mirabeau;94300;VINCENNES;rizo.jean@free.fr;0148082104;vincennesrockclub.com;;;2026;Boogie Woogie | Rock Acrobatique | Rock Acrobatique Fédéral | Rock Artistique Fédéral | Rock Main Class Contact Style | Rock Main Class Free Style | Rock Saute | Rock et DA | Rock'n Roll Fédéral | Rock'n'Roll;Boogie-Woogie | Rock acrobatique | Rock'n'roll | Rock sauté;https://www.ffdanse.fr/structures/1944-vincennes-rock-club;1944-vincennes-rock-club
Vire et Volte;affiliated;AFFILIATED_STRUCTURE;Collectif des Associations des Pradettes 12, rue Julien Forgues, 12, rue Julien Forgues;31100;TOULOUSE;vireetvolte31@gmail.com;0760255372;;43.5812486;1.388392;2026;Africaine | Autres Danses | Autres Danses Du Monde | Bollywood | Classique | Contemporain | Hip Hop | Jazz | Latines | Lindy Hop | OLD : Salsa, Bachata, Kizomba | Orientale | Zumba;Danses ethniques | Classique | Ateliers de création | Contemporain | Danses hip-hop | Modern jazz | Jazz | Danses latines | Lindy hop | Salsa | Bachata | Zumba;https://www.ffdanse.fr/structures/619-vire-et-volte;619-vire-et-volte
Virginie Farrugia;affiliated;AFFILIATED_STRUCTURE;7 impasse du Gourdimau Route des cannes;30260;MONTMIRAT;flashpoledance@free.fr;0679808725;www.flashpoledance.com;;;2026;Danse Verticale | Danse aérienne | Pole Dance;Danses aériennes | Pole dance;https://www.ffdanse.fr/structures/595-virginie-farrugia;595-virginie-farrugia
Virginie tempo danse;affiliated;AFFILIATED_STRUCTURE;758 Rue Henri Bergson;30000;Nimes;tempodanse@free.fr;0620522886;;43.8339017;4.3791187;2026;Boogie Woogie | Hip Hop | Jazz | Lindy Hop | Rock | Rock Acrobatique | Rock Artistique Fédéral | Rock Formation | Rock Juveniles | Rock Saute | Rock et DA | Rock'n'Roll | Small Formation Rock Ladies | Small formation Rock Girls | West Coast Swing | Rock Juniors;Boogie-Woogie | Danses hip-hop | Modern jazz | Jazz | Lindy hop | Rock'n'roll | Rock acrobatique | Rock sauté | West Coast Swing;https://www.ffdanse.fr/structures/581-virginie-tempo-danse;581-virginie-tempo-danse
VIS TA DANSE;affiliated;AFFILIATED_STRUCTURE;3 rue Jules Ferry, Maison des associations - Espace Saint-Exupéry;27950;SAINT MARCEL;vistadanse.association@orange.fr;02 32 54 90 88;;49.0984554;1.449729;2026;OLD : Salsa, Bachata, Kizomba | Societe;Salsa | Bachata | Danses de salon;https://www.ffdanse.fr/structures/2659-vis-ta-danse;2659-vis-ta-danse
VISION DANSE;affiliated;AFFILIATED_STRUCTURE;50 IMPASSE DE LA FUTAIE - CRAN GEVRIER, RACA DANSE;74960;CRAN GEVRIER;racadanse@gmail.com;0450520574;https://www.raca-danse.com/;45.8969485;6.107231;2026;Bachata | Boogie Woogie | Breaking | Danses Solo | Dix Danses | Hip Hop | Kizomba | Latines | Latino Caraibes | Lindy Hop | New Style | OLD : Salsa, Bachata, Kizomba | Poping | Ragga | Rock et DA | Rock'n'Roll | Salsa | Societe | Standards | Tango Argentin | West Coast Swing | Zumba;Bachata | Boogie-Woogie | Breaking | Danses latines | Danses standards | Danses hip-hop | Kizomba | Danses latino-caraïbes | Lindy hop | Salsa | Rock sauté | Rock'n'roll | Danses de salon | Tango argentin | West Coast Swing | Zumba;https://www.ffdanse.fr/structures/4349-vision-danse;4349-vision-danse
VITAGYM;affiliated;AFFILIATED_STRUCTURE;Place du Soleil d'OR, Mairie;40120;Roquefort;n.berthomieu@gmail.com;0675176720;;44.034434;-0.322695;2026;Autres Danses | Country And Line | Danses Solo | Latino Caraibes;Country & line | Danses latino-caraïbes;https://www.ffdanse.fr/structures/4828-vitagym;4828-vitagym
Vitalidanse;recently_disaffiliated;UNAFFILIATED_STRUCTURE;10 route de Blainville;54110;Dombasle;vitalidanse@gmail.com;06 52 93 20 94;;48.6106071;6.3538301;;;;https://www.ffdanse.fr/structures/5685-vitalidanse;5685-vitalidanse
VIVADANSE40;affiliated;AFFILIATED_STRUCTURE;100 route de Maremne - mairie;40180;SAUBUSSE;vivadanse40@gmail.com;0686178132;www.vivadanse40.fr;43.6577142;-1.1874526;2026;Bachata | Rock | Salsa | Societe | Standards | West Coast Swing;Bachata | Rock'n'roll | Salsa | Danses de salon | Danses standards | West Coast Swing;https://www.ffdanse.fr/structures/6182-vivadanse40;6182-vivadanse40
Vivre l'expression;affiliated;AFFILIATED_STRUCTURE;Avenue Général Leclerc L'Atelier;76220;GOURNAY EN BRAY;magalie_dou@hotmail.fr;0637892860;;49.4833254;1.7220711;2026;Autres Danses | Autres Danses Du Monde | Classique | Hip Hop | Jazz;Danses ethniques | Classique | Danses hip-hop | Modern jazz | Jazz;https://www.ffdanse.fr/structures/1537-vivre-l-expression;1537-vivre-l-expression
Volcano Rock;affiliated;AFFILIATED_STRUCTURE;Maison des associations, bld des Valos;63260;AIGUEPERSE;associationvolcanorock@gmail.com;0661535902;;46.023079;3.2010538;2026;Boogie Woogie | Lindy Hop | Rock et DA | Rock'n'Roll | West Coast Swing;Boogie-Woogie | Lindy hop | Rock sauté | Rock'n'roll | West Coast Swing;https://www.ffdanse.fr/structures/1241-volcano-rock;1241-volcano-rock
Voltissea;affiliated;AFFILIATED_STRUCTURE;300 Route de Porzh Tindu, 29470;29470;Plougastel-Daoulas;clemence.beuscher@gmail.com;0640246535;;48.3354577;-4.3760692;2026;Danse aérienne;Danses aériennes;https://www.ffdanse.fr/structures/4566-voltissea;4566-voltissea
VON C AERIAL STUDIO;affiliated;AFFILIATED_STRUCTURE;13bis route nationale 117;64320;Lée;vonc.poledance@gmail.com;0624300712;www.poledancepau.fr;43.2940681;-0.2883799;2026;Pole Dance;Pole dance;https://www.ffdanse.fr/structures/2429-von-c-aerial-studio;2429-von-c-aerial-studio
Vous faire danser;affiliated;AFFILIATED_STRUCTURE;26 Rue des Moulins à Huile, ZI des 7 fonts;34300;Agde;vousfairedanser@gmail.com;0623525762;;43.3102292;3.5044266;2026;Street Dance;Danses hip-hop;https://www.ffdanse.fr/structures/5550-vous-faire-danser;5550-vous-faire-danser
VP DANSES;affiliated;AFFILIATED_STRUCTURE;6 allée Simone Mathieu;59190;HAZEBROUCK;contact@vpdanses.fr;0768477667;www.vpdanses.fr;50.7331648;2.5548619;2026;Dix Danses | Latines | Standards;Danses latines | Danses standards;https://www.ffdanse.fr/structures/6323-vp-danses;6323-vp-danses
VUELTASOL;recently_disaffiliated;UNAFFILIATED_STRUCTURE;19 rue Paul Barruel;75015;PARIS;info@vueltasol.com;0608153343;www.vueltasol.com;48.8390403;2.305259;2026;Bachata | Bachata Team Couple | Bachata Team Styling | Danse Inclusive | Danse en solo Latine | Danse en solo Latine NON | Danse en solo Standard | Danse en solo Standard NON | Danses Solo | Duo bachata Shines | Duo salsa Shines | Eveil à la Danse | Latines | Latino Caraibes | OLD : Salsa, Bachata, Kizomba | Regards chorégraphiques | Salsa | Salsa Team Couple | Salsa Team Styling | Show Latino Caraïbe | Solo Team Lat / Std | Teams SBK | Transversal | Zumba;Bachata | Danses latines | Danses latino-caraïbes | Salsa | Ateliers de création | Contemporain | Danses standards | Kizomba | Zumba;https://www.ffdanse.fr/structures/5519-vueltasol;5519-vueltasol
WALK AND DANCE;affiliated;AFFILIATED_STRUCTURE;166 F Route de Versailles;91160;CHAMPLAN;walkanddance353@gmail.com;0662059018;;48.7096532;2.2686328;2026;Rock et DA;Rock sauté;https://www.ffdanse.fr/structures/5909-walk-and-dance;5909-walk-and-dance
Wallers Arenberg, Rythme en soi;affiliated;AFFILIATED_STRUCTURE;16 rue henri barbusse;59135;wallers;lerythmeensoi59@gmail.com;0650263634;http://le-rythme-en-soi.e-monsite.com/;50.3742901;3.3911084;2026;Eveil à la Danse | Hip Hop | Zumba | Contemporain;Danses hip-hop | Zumba | Ateliers de création | Contemporain;https://www.ffdanse.fr/structures/2559-wallers-arenberg-rythme-en-soi;2559-wallers-arenberg-rythme-en-soi
We dance;affiliated;AFFILIATED_STRUCTURE;21 route des alpes, Mairie;38550;Sablons;wedance07@gmail.com;0676707421;wedance-academy.com;45.3183311;4.7731154;2026;Cabaret | Danse Show | Eveil à la Danse | Jazz | Rock'n'Roll | Salsa | Zumba;Cabaret | Disco | Modern jazz | Jazz | Rock'n'roll | Salsa | Zumba;https://www.ffdanse.fr/structures/4035-we-dance;4035-we-dance
WE DANCE TEAM;affiliated;AFFILIATED_STRUCTURE;2 rue du milan noir, 44350;44350;Guérande;wedanceteam44@gmail.com;0664631076;wedanceteam.fr;47.3381834;-2.4235708;2026;Bachata | Danse en solo Latine | Latines | Rock | Salsa | Show Dance Latine | Solo Team Lat / Std;Bachata | Danses latines | Rock'n'roll | Salsa | Danses standards;https://www.ffdanse.fr/structures/5382-we-dance-team;5382-we-dance-team
We for You;affiliated;AFFILIATED_STRUCTURE;04 rue du Havre, Dôme - cultures urbaines;62100;CALAIS;contact@we-for-you.fr;0698567279;Https://we-for-you.fr;50.9605384;1.8493403;2026;Breaking | Hip Hop;Breaking | Danses hip-hop;https://www.ffdanse.fr/structures/2394-we-for-you;2394-we-for-you
WeAreDance;recently_disaffiliated;UNAFFILIATED_STRUCTURE;2 rue de la commanderie;16100;Châteaubernard;wearedance7@gmail.com;0749714781;www.we-are-dance.com;45.6740545;-0.3153029;;;;https://www.ffdanse.fr/structures/3358-wearedance;3358-wearedance
Well.com;affiliated;AFFILIATED_STRUCTURE;11 rue de la Pomme;67300;Schiltigheim;contact@shock2culture.com;0954177867;;48.6094347;7.7464203;2026;Hip Hop | House | New Style | Ragga | Street Dance;Danses hip-hop;https://www.ffdanse.fr/structures/1337-well-com;1337-well-com
WEST COAST OUEST;affiliated;AFFILIATED_STRUCTURE;5 Place Bonneaud, Maison des Associations Jean Le Coutaller Boîte N°107;56100;LORIENT;westcoastouest@gmail.com;0661837223;www.westcoastouest.fr;47.764931;-3.377362;2026;Rock'n'Roll | West Coast Swing;Rock'n'roll | West Coast Swing;https://www.ffdanse.fr/structures/4888-west-coast-ouest;4888-west-coast-ouest
West Coast Swing & Co;recently_disaffiliated;UNAFFILIATED_STRUCTURE;14 rue de la haie;44240;La chapelle sur erdre;westcoastswingandco@gmail.com;0670377533;mydanceonwest.fr;47.2897554;-1.5446613;;;;https://www.ffdanse.fr/structures/3150-west-coast-swing-co;3150-west-coast-swing-co
WEST DANCE PROJECT;recently_disaffiliated;UNAFFILIATED_STRUCTURE;17 Chemin de Brétineau;44350;GUERANDE;wdproject@laposte.net;0684013037;;47.3536383;-2.3448213;;;;https://www.ffdanse.fr/structures/2300-west-dance-project;2300-west-dance-project
West Dance Story;affiliated;AFFILIATED_STRUCTURE;rue de la mairie;03800;biozat;christiangueret@sfr.fr;0470580910;www.westdancestory.com;46.0779764;3.2701319;2026;Country And Line | ancien nom à supprimer;Country & line;https://www.ffdanse.fr/structures/2741-west-dance-story;2741-west-dance-story
WEST IN TOURS;affiliated;AFFILIATED_STRUCTURE;Maison des Associations Louis Pasteur 94, Rue du Sanitas;37000;TOURS;westintours37@gmail.com;0782516240;westintours.fr;47.3775777;0.6976271;2026;West Coast Swing;West Coast Swing;https://www.ffdanse.fr/structures/4033-west-in-tours;4033-west-in-tours
West'Art Dance;recently_disaffiliated;UNAFFILIATED_STRUCTURE;6 rue du bouvreuil;14000;CAEN;westartdance.association@gmail.com;0651884889;https://www.westartdance.com/;49.1926261;-0.3951817;;;;https://www.ffdanse.fr/structures/3916-west-art-dance;3916-west-art-dance
Westattitude;affiliated;AFFILIATED_STRUCTURE;33 rue du faubourg sainte-blanche;82200;moissac;westattitudecom@gmail.com;0616991645;www.westattitude.com;44.1059756;1.0922395;2026;Autres Danses | Autres Danses Du Monde | Kizomba | Rock'n'Roll | Salsa | West Coast Swing;Danses ethniques | Kizomba | Rock'n'roll | Salsa | West Coast Swing;https://www.ffdanse.fr/structures/6210-westattitude;6210-westattitude
Western dance Casteljaloux;affiliated;AFFILIATED_STRUCTURE;Chez Mr BLAZQUEZ Antoine 8 CHEMIN DU THURON;47700;CASTELJALOUX;westerndancecastel@orange.fr;0607805402;;0;0;2026;Country And Line | Rock et DA | Rock'n'Roll | ancien nom à supprimer;Country & line | Rock sauté | Rock'n'roll;https://www.ffdanse.fr/structures/1009-western-dance-casteljaloux;1009-western-dance-casteljaloux
Western dance company;affiliated;AFFILIATED_STRUCTURE;7 rue André Chénier;38400;SAINT MARTIN D'HERES;contact@westerndancecompany.fr;0782455760;www.westerndancecompany.fr;45.184525;5.7486991;2026;Country And Line;Country & line;https://www.ffdanse.fr/structures/853-western-dance-company;853-western-dance-company
Western Dance Country Castets;affiliated;AFFILIATED_STRUCTURE;rue fernand masson;33490;caudrot;dansecountryc2c@gmail.com;0617631300;;44.5765847;-0.1428972;2026;Country And Line | ancien nom à supprimer;Country & line;https://www.ffdanse.fr/structures/698-western-dance-country-castets;698-western-dance-country-castets
Western danse 12;affiliated;AFFILIATED_STRUCTURE;La Lande de Soulages;12800;NAUCELLE;westerndanse12@gmail.com;0565581698;;44.1981944;2.3183241;2026;Country And Line | Country Danse Partner - DP | Country Danse en Couple - DC | Country Danse en Couple - DC Pro AM | Country Danse en Formation - DF Cabaret Team | Country Danse en Formation - DF Crea Team | Country Danse en Formation - DF Loisirs Team | Country Danse en Formation - DF Quad | Country Danse en Formation - DF Show Team | Country Danse en Ligne - DL Pop Line | Country Danse en ligne - DL | Country Ecriture Choregraphique - EC | DC Pro AM | Eveil à la Danse | Country Danse en Formation - DF Duo;Country & line;https://www.ffdanse.fr/structures/234-western-danse-12;234-western-danse-12
WESTIE MOTION;affiliated;AFFILIATED_STRUCTURE;Maison des associations de Bayonne;6410;Bayonne;westiemotion@gmail.com;0686243179;;43.4841972;-1.4718202;2026;West Coast Swing;West Coast Swing;https://www.ffdanse.fr/structures/6336-westie-motion;6336-westie-motion
Why Not[es];affiliated;AFFILIATED_STRUCTURE;5 bis rue Maurice Bouchor, chez M Antonin Mignot;10000;TROYES;corinne.mignot1961@gmail.com;06 98 43 61 38;;48.3033135;4.0517235;2026;Breaking | Hip Hop;Breaking | Danses hip-hop;https://www.ffdanse.fr/structures/4638-why-not-es;4638-why-not-es
Wide event evasion;recently_disaffiliated;UNAFFILIATED_STRUCTURE;14 chemin de la pomperie, immeuble;57100;Thionville;wide.eventevasion@gmail.com;0650415338;;49.3660366;6.1573665;;;;https://www.ffdanse.fr/structures/3640-wide-event-evasion;3640-wide-event-evasion
WONDER;affiliated;AFFILIATED_STRUCTURE;29 rue de la Guesle;78125;HERMERAY;wonder.hermeray@gmail.com;0682712661;;48.659781;1.701306;2026;Barre au Sol | Contemporain | Eveil à la Danse | Hip Hop | Jazz | Street Dance | Zumba;Barre au sol classique | Barre au sol contemporaine | Ateliers de création | Contemporain | Danses hip-hop | Modern jazz | Jazz | Zumba;https://www.ffdanse.fr/structures/4611-wonder;4611-wonder
World Dance&Sport Club MONTPELLIER;affiliated;AFFILIATED_STRUCTURE;700 Avenue du Pic  St-Loup;34000;Montpellier;jas.2001@hotmail.fr;0608186265;www.jasminsicard.fr;43.6406917;3.8539788;2026;Bachata | Contemporain | Danse Show | Danse en solo Latine | Danse en solo Standard | Danses Solo | Dix Danses | Eveil à la Danse | Latines | Rock | Salsa | Show Dance Latine | Show Dance Standard | Societe | Solo Team Lat / Std | Standards;Bachata | Ateliers de création | Contemporain | Disco | Danses latines | Danses standards | Rock'n'roll | Salsa | Danses de salon;https://www.ffdanse.fr/structures/5767-world-dance-sport-club-montpellier;5767-world-dance-sport-club-montpellier
Xiloo Danse;affiliated;AFFILIATED_STRUCTURE;15 avenue du 11 novembre 63600 Ambert;63600;AMBERT;xiloo.danse@gmail.com;0640945001;https://xiloo-danse.com/;45.549208;3.7376752;2026;Africaine | Breaking | Eveil à la Danse | Hip Hop | House | Krump | Locking | New Style | Pilates | Poping | Ragga | Regards chorégraphiques | Street Dance;Danses ethniques | Breaking | Danses hip-hop | Ateliers de création | Contemporain;https://www.ffdanse.fr/structures/5379-xiloo-danse;5379-xiloo-danse
Xpress Your Soul;affiliated;AFFILIATED_STRUCTURE;472 Rue du baron Dominique Larrey;83210;La Farlede;xpressyoursoul@gmail.com;0636930536;www.xpressyoursoul.com;43.1597562;6.0512094;2026;Autres Danses | Classique | Contemporain | Hip Hop | Jazz;Classique | Ateliers de création | Contemporain | Danses hip-hop | Modern jazz | Jazz;https://www.ffdanse.fr/structures/1732-xpress-your-soul;1732-xpress-your-soul
Y OLE! CENTRO DE ARTE FLAMENCO;affiliated;AFFILIATED_STRUCTURE;15 rue des Petits champs;67300;SCHILTIGHEIM;yole.projets@gmail.com;0667539305;https://y-ole.com/;48.6049487;7.7539902;2026;Flamenco;Flamenco;https://www.ffdanse.fr/structures/4217-y-ole-centro-de-arte-flamenco;4217-y-ole-centro-de-arte-flamenco
Y'a qu'à danser;affiliated;AFFILIATED_STRUCTURE;97 PLACE DE LA MAIRIE;59299;BOESCHEPE;veronique.hayaert@yahoo.fr;0671103579;;50.8002662;2.6910093;2026;Classique | Contemporain | Hip Hop | Jazz;Classique | Ateliers de création | Contemporain | Danses hip-hop | Modern jazz | Jazz;https://www.ffdanse.fr/structures/1148-y-a-qu-a-danser;1148-y-a-qu-a-danser
YAKA DANSER AMBERT;affiliated;AFFILIATED_STRUCTURE;15 av du 11 novembre, ComCom Ambert Livradois Forez;63600;AMBERT;yakadanserambert@laposte.net;06 74 37 27 88;;45.549208;3.7376752;2026;Country And Line | Standards;Country & line | Danses standards;https://www.ffdanse.fr/structures/3763-yaka-danser-ambert;3763-yaka-danser-ambert
YAKADANSE;affiliated;AFFILIATED_STRUCTURE;14 Rue Pasteur;60280;Margny-lès-Compiegne;yakadansecompiegne@gmail.com;0662190620;;49.427191;2.8191001;2026;OLD : Salsa, Bachata, Kizomba;Salsa | Bachata;https://www.ffdanse.fr/structures/4764-yakadanse;4764-yakadanse
YFFI DANSE DE LA BAIE;affiliated;AFFILIATED_STRUCTURE;11 RUE JOSPEH TURMEL;22120;YFFINIAC;yffidanse@gmail.com;0673086137;;48.4830235;-2.6720453;2026;Contemporain | Street Dance;Ateliers de création | Contemporain | Danses hip-hop;https://www.ffdanse.fr/structures/5366-yffi-danse-de-la-baie;5366-yffi-danse-de-la-baie
yoga danse yoga aerien;affiliated;AFFILIATED_STRUCTURE;41 rue de la saline;56570;locmiquelic;vlody.gaelle@orange.fr;0661889481;;47.7199618;-3.3398956;2026;Barre au Sol | Danse aérienne;Barre au sol classique | Barre au sol contemporaine | Danses aériennes;https://www.ffdanse.fr/structures/6346-yoga-danse-yoga-aerien;6346-yoga-danse-yoga-aerien
Yoga Noma'Dance;affiliated;AFFILIATED_STRUCTURE;15 Rue Du Président René Coty;24660;Coulounieix-chamiers;yoganomadance24@gmail.com;0780311762;;45.1856911;0.6980681;2026;Afro-contemporaine | Barre au Sol | Cabaret | Classique | Comedie Musicale | Contemporain | Hip Hop | Jazz | Poping;Afro-jazz | Barre au sol classique | Barre au sol contemporaine | Cabaret | Classique | Comédie musicale | Ateliers de création | Contemporain | Danses hip-hop | Modern jazz | Jazz;https://www.ffdanse.fr/structures/5980-yoga-noma-dance;5980-yoga-noma-dance
Your Studio;affiliated;AFFILIATED_STRUCTURE;2 impasse Marie-Louise Lantelme;38300;Bourgoin Jallieu;yourstudio.poledance@gmail.com;0768420693;;45.5925882;5.2580681;2026;Danse Verticale | Danse aérienne | Pole Dance | Pole Sport;Danses aériennes | Pole dance | Pole sport;https://www.ffdanse.fr/structures/5645-your-studio;5645-your-studio
Ysa Danse;affiliated;AFFILIATED_STRUCTURE;180 av denis papin;33260;la teste de buch;ysa.danse@gmail.com;0664138009;YSADANSE.COM;44.6093181;-1.1259705;2026;Africaine | Breaking | Danse Show | Eveil à la Danse | Hip Hop | Latines | Ragga | Salsa | Street Dance;Danses ethniques | Breaking | Disco | Danses hip-hop | Danses latines | Salsa;https://www.ffdanse.fr/structures/4771-ysa-danse;4771-ysa-danse
Z'ALBATROS;recently_disaffiliated;UNAFFILIATED_STRUCTURE;13, rue d'Alsace;54400;COSNES ET ROMAIN;assozalbatros@gmail.com;0674573378;;49.5326113;5.7150321;;;;https://www.ffdanse.fr/structures/3295-z-albatros;3295-z-albatros
ZARADANSE;recently_disaffiliated;UNAFFILIATED_STRUCTURE;08 rue Numa Nirlo, Rivière des pluies;97438;SAINTE MARIE;tropicalkizomba@yahoo.com;0692464034;;-20.9158795;55.5140454;;;;https://www.ffdanse.fr/structures/4675-zaradanse;4675-zaradanse
ZELIANCE-VANESSA - HAUTUS - ROLAND;affiliated;AFFILIATED_STRUCTURE;1003 RUE ROGER SALENGRO;59171;HELESMES;contact@zeliance.fr;0786385364;www.zeliance.fr;50.3747345;3.359853;2026;Danse Inclusive;;https://www.ffdanse.fr/structures/5776-zeliance-vanessa-hautus-roland;5776-zeliance-vanessa-hautus-roland
Zin'Art;affiliated;AFFILIATED_STRUCTURE;29 rue Emile Rouvière;13016;MARSEILLE;soart.13@hotmail.fr;0491465582;zinartdanse.fr;43.3614463;5.317413;2026;Autres Danses | Autres Danses Du Monde | Classique | Hip Hop | Jazz | Regards chorégraphiques | Zumba;Danses ethniques | Classique | Danses hip-hop | Modern jazz | Jazz | Ateliers de création | Contemporain | Zumba;https://www.ffdanse.fr/structures/250-zin-art;250-zin-art
Zlaberproject;affiliated;AFFILIATED_STRUCTURE;45 avenue Jean Jaurès, immeuble, Interphone 21;69150;Décines-Charpieu;zlaberproject@outlook.fr;0686500634;https://www.zlaberproject.fr;45.7685891;4.9405869;2026;Breaking;Breaking;https://www.ffdanse.fr/structures/4761-zlaberproject;4761-zlaberproject
zone 61;affiliated;AFFILIATED_STRUCTURE;157 rue de bretagne;61000;Alençon;contact.zone61@gmail.com;02 33 28 78 79;www.zone61.fr;48.4323734;0.0704369;2026;Breaking | New Style;Breaking | Danses hip-hop;https://www.ffdanse.fr/structures/4147-zone-61;4147-zone-61
zumb'attitude virignin;affiliated;AFFILIATED_STRUCTURE;1051 Clos des champagnes;01300;VIRIGNIN;zumbattitudevirignin@gmail.com;0771731335;;45.716794;5.715396;2026;Zumba;Zumba;https://www.ffdanse.fr/structures/5295-zumb-attitude-virignin;5295-zumb-attitude-virignin
Zumbalove.Malintrat;affiliated;AFFILIATED_STRUCTURE;Rue de l'Hotel de ville;63510;Malintrat;zumbalove.malintrat@gmail.com;06 20 48 78 59;;45.815389;3.187609;2026;Zumba;Zumba;https://www.ffdanse.fr/structures/4173-zumbalove-malintrat;4173-zumbalove-malintrat
École de danse CHORÉ ÃMES;affiliated;AFFILIATED_STRUCTURE;15a rue Jacques Réattu;13009;Marseille;choreames.ecolededanse@gmail.com;0603686855;www.chore-ames.fr;43.2402545;5.3992521;2026;Contemporain | Hip Hop | Jazz | Regards chorégraphiques;Ateliers de création | Contemporain | Danses hip-hop | Modern jazz | Jazz;https://www.ffdanse.fr/structures/3287-ecole-de-danse-chore-ames;3287-ecole-de-danse-chore-ames
École de Danse Classique Coryphée;affiliated;AFFILIATED_STRUCTURE;85 La Bossaine, Chez Mme LE GUERN Morgane;35111;Lillemer;assocoryphee.bureau@gmail.com;0638904511;;48.5804453;-1.8676517;2026;Classique | Contemporain | Eveil à la Danse;Classique | Ateliers de création | Contemporain;https://www.ffdanse.fr/structures/4146-ecole-de-danse-classique-coryphee;4146-ecole-de-danse-classique-coryphee
École de danse Laurence lassus;recently_disaffiliated;UNAFFILIATED_STRUCTURE;Place Perrie, Salle perrie;32110;Nogaro;laurence_lassus@yahoo.fr;0683628415;;43.7607377;-0.0340636;;;;https://www.ffdanse.fr/structures/4896-ecole-de-danse-laurence-lassus;4896-ecole-de-danse-laurence-lassus
École de danse Muse;recently_disaffiliated;UNAFFILIATED_STRUCTURE;80 rue Ampère;03400;Yzeure;muse.danseyzeure@gmail.com;0652537090;;46.5528321;3.3441441;;;;https://www.ffdanse.fr/structures/6025-ecole-de-danse-muse;6025-ecole-de-danse-muse
École de danse VORTEX;affiliated;AFFILIATED_STRUCTURE;40 allée des Frères Voisins;75015;PARIS;vortex.danse@hotmail.com;0601061056;https://www.vortex-danse.com/;48.829144;2.2723392;2026;Jazz;Modern jazz | Jazz;https://www.ffdanse.fr/structures/5444-ecole-de-danse-vortex;5444-ecole-de-danse-vortex
École de pole dance;affiliated;AFFILIATED_STRUCTURE;62 boulevard de la pointe jarry, 97122;97122;Baie mahault;Charlyazur971@gmail.com;0690682340;Https://Poledreamstudio.com;16.240305310574;-61.554059099197;2026;Pole Dance | Pole Sport;Pole dance | Pole sport;https://www.ffdanse.fr/structures/4879-ecole-de-pole-dance;4879-ecole-de-pole-dance
École municipale de danse Yvrac;affiliated;AFFILIATED_STRUCTURE;9 avenue de blanzac;33370;Yvrac;danse@yvrac.fr;0610100467;;44.8806381;-0.4613309;2026;Contemporain;Ateliers de création | Contemporain;https://www.ffdanse.fr/structures/3020-ecole-municipale-de-danse-yvrac;3020-ecole-municipale-de-danse-yvrac
